Locality,Address,Avg_Area_Income_LPA,Property_Age_Years,Total_Rooms,Bedrooms_BHK,Area_Population_Density,Price_Lakhs
Raja Park,"Plot No. 414, Raja Park, Jaipur, Rajasthan",22.77,5.7,7,4,4617,239.45
Civil Lines,"Plot No. 151, Civil Lines, Jaipur, Rajasthan",20.12,6.0,7,3,8035,242.15
Vidyadhar Nagar,"Plot No. 400, Vidyadhar Nagar, Jaipur, Rajasthan",8.54,5.9,9,5,7376,211.45
Pratap Nagar,"Plot No. 270, Pratap Nagar, Jaipur, Rajasthan",7.69,7.2,6,3,6862,167.34
Pratap Nagar,"Plot No. 458, Pratap Nagar, Jaipur, Rajasthan",4.83,5.0,8,4,5271,157.85
Mansarovar,"Plot No. 71, Mansarovar, Jaipur, Rajasthan",11.33,5.0,7,4,5350,190.64
Tonk Road,"Plot No. 493, Tonk Road, Jaipur, Rajasthan",12.38,6.0,7,3,12166,212.14
Tonk Road,"Plot No. 180, Tonk Road, Jaipur, Rajasthan",11.19,7.0,7,2,7303,192.92
Tonk Road,"Plot No. 124, Tonk Road, Jaipur, Rajasthan",11.32,5.4,7,2,5877,179.02
Nirman Nagar,"Plot No. 381, Nirman Nagar, Jaipur, Rajasthan",11.33,4.4,7,6,8030,192.94
Ajmer Road,"Plot No. 293, Ajmer Road, Jaipur, Rajasthan",9.85,8.1,5,4,9445,176.28
Tonk Road,"Plot No. 285, Tonk Road, Jaipur, Rajasthan",9.58,4.5,7,4,6869,177.84
Nirman Nagar,"Plot No. 195, Nirman Nagar, Jaipur, Rajasthan",9.32,7.7,7,4,7844,184.87
Mansarovar,"Plot No. 399, Mansarovar, Jaipur, Rajasthan",9.77,6.9,6,4,6465,159.43
Ajmer Road,"Plot No. 228, Ajmer Road, Jaipur, Rajasthan",11.37,5.3,8,4,7104,195.01
Mansarovar,"Plot No. 431, Mansarovar, Jaipur, Rajasthan",13.1,5.4,9,4,4786,208.5
Raja Park,"Plot No. 430, Raja Park, Jaipur, Rajasthan",25.18,5.1,8,4,7944,276.42
Pratap Nagar,"Plot No. 436, Pratap Nagar, Jaipur, Rajasthan",6.24,4.8,5,4,4919,127.31
Jhotwara,"Plot No. 275, Jhotwara, Jaipur, Rajasthan",8.89,5.9,7,5,7144,174.55
Kalwar Road,"Plot No. 461, Kalwar Road, Jaipur, Rajasthan",7.72,5.7,7,5,8984,186.6
C-Scheme,"Plot No. 106, C-Scheme, Jaipur, Rajasthan",22.33,6.6,8,4,9512,257.9
Pratap Nagar,"Plot No. 21, Pratap Nagar, Jaipur, Rajasthan",5.22,5.6,7,2,9115,170.17
Kalwar Road,"Plot No. 64, Kalwar Road, Jaipur, Rajasthan",5.47,4.2,5,4,8072,154.15
Jhotwara,"Plot No. 165, Jhotwara, Jaipur, Rajasthan",5.18,6.2,7,6,5628,150.64
Jhotwara,"Plot No. 27, Jhotwara, Jaipur, Rajasthan",5.83,5.3,8,4,5562,167.53
Vidyadhar Nagar,"Plot No. 311, Vidyadhar Nagar, Jaipur, Rajasthan",7.69,8.3,7,4,8139,178.92
Malviya Nagar,"Plot No. 285, Malviya Nagar, Jaipur, Rajasthan",21.27,4.0,7,2,7771,249.53
Sangeener,"Plot No. 148, Sangeener, Jaipur, Rajasthan",6.81,5.4,7,4,5557,166.77
Raja Park,"Plot No. 281, Raja Park, Jaipur, Rajasthan",23.04,6.4,4,3,6794,217.92
Kalwar Road,"Plot No. 326, Kalwar Road, Jaipur, Rajasthan",8.15,7.0,8,4,7504,178.57
Malviya Nagar,"Plot No. 319, Malviya Nagar, Jaipur, Rajasthan",28.78,5.3,7,3,6751,282.59
Ajmer Road,"Plot No. 164, Ajmer Road, Jaipur, Rajasthan",11.45,6.1,6,4,7871,191.17
Kalwar Road,"Plot No. 386, Kalwar Road, Jaipur, Rajasthan",7.16,7.1,9,5,6024,193.88
Jhotwara,"Plot No. 406, Jhotwara, Jaipur, Rajasthan",4.93,6.1,7,6,3362,139.41
Vidyadhar Nagar,"Plot No. 224, Vidyadhar Nagar, Jaipur, Rajasthan",6.55,5.4,9,6,4471,186.11
Nirman Nagar,"Plot No. 272, Nirman Nagar, Jaipur, Rajasthan",11.31,5.5,7,2,7879,188.85
Malviya Nagar,"Plot No. 146, Malviya Nagar, Jaipur, Rajasthan",20.02,5.5,8,4,5528,242.32
Civil Lines,"Plot No. 453, Civil Lines, Jaipur, Rajasthan",19.5,5.7,7,3,4567,210.59
Jhotwara,"Plot No. 438, Jhotwara, Jaipur, Rajasthan",7.31,5.2,5,2,6590,151.55
Sangeener,"Plot No. 356, Sangeener, Jaipur, Rajasthan",8.69,4.9,7,2,9432,192.81
Kalwar Road,"Plot No. 30, Kalwar Road, Jaipur, Rajasthan",8.82,6.6,5,2,7941,149.1
Jagatpura,"Plot No. 45, Jagatpura, Jaipur, Rajasthan",12.31,7.8,8,6,6556,209.07
Kalwar Road,"Plot No. 275, Kalwar Road, Jaipur, Rajasthan",6.8,6.6,8,4,5432,172.46
Mansarovar,"Plot No. 471, Mansarovar, Jaipur, Rajasthan",14.24,6.9,8,4,8637,225.31
Sangeener,"Plot No. 34, Sangeener, Jaipur, Rajasthan",6.18,5.5,7,6,5378,152.97
Jagatpura,"Plot No. 141, Jagatpura, Jaipur, Rajasthan",10.04,7.1,7,3,7948,193.71
Mansarovar,"Plot No. 427, Mansarovar, Jaipur, Rajasthan",13.83,4.9,8,6,7052,216.2
Nirman Nagar,"Plot No. 318, Nirman Nagar, Jaipur, Rajasthan",10.78,7.3,6,3,3806,155.25
C-Scheme,"Plot No. 374, C-Scheme, Jaipur, Rajasthan",22.25,6.2,7,2,4345,228.91
Raja Park,"Plot No. 221, Raja Park, Jaipur, Rajasthan",23.71,6.6,6,4,8603,247.99
Ajmer Road,"Plot No. 356, Ajmer Road, Jaipur, Rajasthan",11.2,6.4,7,6,8217,198.15
Kalwar Road,"Plot No. 22, Kalwar Road, Jaipur, Rajasthan",5.52,5.8,6,3,5376,138.83
Kalwar Road,"Plot No. 180, Kalwar Road, Jaipur, Rajasthan",6.33,6.1,6,4,7053,151.2
Nirman Nagar,"Plot No. 436, Nirman Nagar, Jaipur, Rajasthan",15.15,5.9,6,3,10983,217.03
Tonk Road,"Plot No. 367, Tonk Road, Jaipur, Rajasthan",13.39,4.8,7,6,4876,198.94
Jhotwara,"Plot No. 420, Jhotwara, Jaipur, Rajasthan",5.43,5.9,8,4,5565,170.95
Ajmer Road,"Plot No. 329, Ajmer Road, Jaipur, Rajasthan",9.89,8.3,7,3,4206,162.86
Mansarovar,"Plot No. 231, Mansarovar, Jaipur, Rajasthan",9.61,6.1,7,5,3654,160.99
Kalwar Road,"Plot No. 499, Kalwar Road, Jaipur, Rajasthan",8.41,7.2,5,4,6508,147.58
C-Scheme,"Plot No. 403, C-Scheme, Jaipur, Rajasthan",17.21,6.3,5,3,7250,201.81
Mansarovar,"Plot No. 38, Mansarovar, Jaipur, Rajasthan",14.73,4.5,7,2,7420,200.23
Kalwar Road,"Plot No. 70, Kalwar Road, Jaipur, Rajasthan",7.04,7.5,6,4,6716,157.33
Pratap Nagar,"Plot No. 116, Pratap Nagar, Jaipur, Rajasthan",5.63,5.6,7,4,8670,166.86
Mansarovar,"Plot No. 239, Mansarovar, Jaipur, Rajasthan",10.5,6.4,5,4,7309,156.51
Sangeener,"Plot No. 335, Sangeener, Jaipur, Rajasthan",5.44,6.0,7,5,11720,174.95
Kalwar Road,"Plot No. 441, Kalwar Road, Jaipur, Rajasthan",7.02,5.4,7,3,7517,180.11
Sangeener,"Plot No. 148, Sangeener, Jaipur, Rajasthan",7.57,5.5,7,3,8022,185.44
Mansarovar,"Plot No. 9, Mansarovar, Jaipur, Rajasthan",13.83,6.7,6,4,9896,194.04
Ajmer Road,"Plot No. 288, Ajmer Road, Jaipur, Rajasthan",11.02,7.1,7,6,6204,182.7
Ajmer Road,"Plot No. 388, Ajmer Road, Jaipur, Rajasthan",14.65,5.4,6,4,8328,193.91
Jhotwara,"Plot No. 50, Jhotwara, Jaipur, Rajasthan",5.63,4.8,7,3,8656,177.28
Civil Lines,"Plot No. 338, Civil Lines, Jaipur, Rajasthan",26.91,7.4,7,3,7457,267.66
Pratap Nagar,"Plot No. 5, Pratap Nagar, Jaipur, Rajasthan",6.04,5.1,7,3,8805,170.31
Sangeener,"Plot No. 404, Sangeener, Jaipur, Rajasthan",7.13,5.7,7,3,5936,156.69
Civil Lines,"Plot No. 343, Civil Lines, Jaipur, Rajasthan",20.0,5.8,7,6,6640,236.12
Mansarovar,"Plot No. 126, Mansarovar, Jaipur, Rajasthan",10.91,5.3,7,3,8092,197.36
Jhotwara,"Plot No. 75, Jhotwara, Jaipur, Rajasthan",8.3,5.7,7,3,6480,162.83
Kalwar Road,"Plot No. 165, Kalwar Road, Jaipur, Rajasthan",5.79,4.0,8,4,12057,205.63
Kalwar Road,"Plot No. 278, Kalwar Road, Jaipur, Rajasthan",6.48,7.6,7,3,6834,169.08
Kalwar Road,"Plot No. 442, Kalwar Road, Jaipur, Rajasthan",5.5,7.0,9,6,7864,190.04
Pratap Nagar,"Plot No. 324, Pratap Nagar, Jaipur, Rajasthan",6.09,8.6,7,4,6173,154.69
Jagatpura,"Plot No. 477, Jagatpura, Jaipur, Rajasthan",10.0,4.7,7,4,9685,200.05
Civil Lines,"Plot No. 300, Civil Lines, Jaipur, Rajasthan",29.27,4.2,6,4,7254,269.86
Civil Lines,"Plot No. 290, Civil Lines, Jaipur, Rajasthan",16.97,5.4,7,6,10589,238.1
Jagatpura,"Plot No. 77, Jagatpura, Jaipur, Rajasthan",14.91,6.2,8,3,9415,239.68
Jhotwara,"Plot No. 298, Jhotwara, Jaipur, Rajasthan",5.13,5.7,7,4,7223,154.76
Jhotwara,"Plot No. 137, Jhotwara, Jaipur, Rajasthan",8.07,6.4,7,3,5673,168.96
Jagatpura,"Plot No. 106, Jagatpura, Jaipur, Rajasthan",14.77,4.6,6,3,8561,197.56
Raja Park,"Plot No. 95, Raja Park, Jaipur, Rajasthan",25.49,7.9,5,3,9395,236.68
Tonk Road,"Plot No. 135, Tonk Road, Jaipur, Rajasthan",14.67,5.3,8,4,7104,222.37
Vidyadhar Nagar,"Plot No. 68, Vidyadhar Nagar, Jaipur, Rajasthan",5.24,4.8,5,3,6592,144.23
Jagatpura,"Plot No. 147, Jagatpura, Jaipur, Rajasthan",15.11,6.4,8,6,5777,205.99
Tonk Road,"Plot No. 490, Tonk Road, Jaipur, Rajasthan",15.12,4.4,6,3,5854,201.5
Vidyadhar Nagar,"Plot No. 478, Vidyadhar Nagar, Jaipur, Rajasthan",7.12,7.5,7,3,7023,163.43
Vaishali Nagar,"Plot No. 159, Vaishali Nagar, Jaipur, Rajasthan",19.68,6.6,7,3,7878,230.78
Tonk Road,"Plot No. 384, Tonk Road, Jaipur, Rajasthan",12.63,6.4,7,4,10363,204.91
Nirman Nagar,"Plot No. 163, Nirman Nagar, Jaipur, Rajasthan",13.68,6.4,7,4,9966,217.21
Mansarovar,"Plot No. 441, Mansarovar, Jaipur, Rajasthan",10.97,6.9,8,4,4454,187.5
Sangeener,"Plot No. 341, Sangeener, Jaipur, Rajasthan",8.42,6.5,6,2,4373,148.38
Jagatpura,"Plot No. 189, Jagatpura, Jaipur, Rajasthan",11.63,7.0,6,2,6492,174.31
Ajmer Road,"Plot No. 415, Ajmer Road, Jaipur, Rajasthan",12.46,5.3,7,3,8057,203.6
Jagatpura,"Plot No. 339, Jagatpura, Jaipur, Rajasthan",15.56,5.5,6,2,7426,202.24
Ajmer Road,"Plot No. 95, Ajmer Road, Jaipur, Rajasthan",14.26,8.1,7,4,9354,209.55
Sangeener,"Plot No. 181, Sangeener, Jaipur, Rajasthan",7.21,6.5,7,3,9612,189.6
Jhotwara,"Plot No. 288, Jhotwara, Jaipur, Rajasthan",5.25,6.9,7,4,9408,174.24
Civil Lines,"Plot No. 322, Civil Lines, Jaipur, Rajasthan",18.1,5.5,6,2,1963,179.55
Malviya Nagar,"Plot No. 187, Malviya Nagar, Jaipur, Rajasthan",16.92,5.5,8,3,8746,234.09
Kalwar Road,"Plot No. 372, Kalwar Road, Jaipur, Rajasthan",6.78,4.9,4,2,8433,146.12
Tonk Road,"Plot No. 138, Tonk Road, Jaipur, Rajasthan",11.63,5.6,6,2,5182,162.42
Malviya Nagar,"Plot No. 130, Malviya Nagar, Jaipur, Rajasthan",21.03,5.5,6,2,8203,235.71
Jhotwara,"Plot No. 194, Jhotwara, Jaipur, Rajasthan",8.18,4.8,6,3,3071,141.6
Tonk Road,"Plot No. 316, Tonk Road, Jaipur, Rajasthan",15.31,6.0,8,6,4353,208.29
Pratap Nagar,"Plot No. 472, Pratap Nagar, Jaipur, Rajasthan",7.79,6.9,6,4,6164,150.47
Vidyadhar Nagar,"Plot No. 273, Vidyadhar Nagar, Jaipur, Rajasthan",6.8,7.2,8,4,6247,183.8
Jhotwara,"Plot No. 352, Jhotwara, Jaipur, Rajasthan",7.22,5.4,9,3,9418,214.76
Pratap Nagar,"Plot No. 144, Pratap Nagar, Jaipur, Rajasthan",6.24,4.9,6,2,7198,164.16
Sangeener,"Plot No. 16, Sangeener, Jaipur, Rajasthan",7.98,6.5,7,5,5377,158.13
Tonk Road,"Plot No. 302, Tonk Road, Jaipur, Rajasthan",9.53,7.0,7,6,11749,209.82
Vaishali Nagar,"Plot No. 423, Vaishali Nagar, Jaipur, Rajasthan",19.91,7.3,7,2,5661,222.63
Sangeener,"Plot No. 245, Sangeener, Jaipur, Rajasthan",7.23,5.0,8,5,8683,195.78
Mansarovar,"Plot No. 415, Mansarovar, Jaipur, Rajasthan",14.16,7.2,8,5,8662,215.83
Ajmer Road,"Plot No. 107, Ajmer Road, Jaipur, Rajasthan",15.85,4.1,7,3,9893,232.63
Civil Lines,"Plot No. 88, Civil Lines, Jaipur, Rajasthan",27.63,6.8,8,6,5744,280.43
Tonk Road,"Plot No. 129, Tonk Road, Jaipur, Rajasthan",11.87,7.4,5,2,3423,143.34
Jagatpura,"Plot No. 395, Jagatpura, Jaipur, Rajasthan",10.19,6.6,8,5,5953,184.44
Ajmer Road,"Plot No. 375, Ajmer Road, Jaipur, Rajasthan",9.8,4.3,7,4,6841,175.88
Civil Lines,"Plot No. 341, Civil Lines, Jaipur, Rajasthan",28.24,6.7,9,3,9296,300.32
Ajmer Road,"Plot No. 4, Ajmer Road, Jaipur, Rajasthan",11.51,7.2,8,5,7160,201.96
Pratap Nagar,"Plot No. 327, Pratap Nagar, Jaipur, Rajasthan",8.15,4.5,5,3,11478,181.41
Nirman Nagar,"Plot No. 410, Nirman Nagar, Jaipur, Rajasthan",15.12,5.3,6,4,7488,194.64
Tonk Road,"Plot No. 367, Tonk Road, Jaipur, Rajasthan",10.37,5.0,6,2,7936,181.38
Nirman Nagar,"Plot No. 306, Nirman Nagar, Jaipur, Rajasthan",14.17,6.8,8,6,7903,217.92
Kalwar Road,"Plot No. 396, Kalwar Road, Jaipur, Rajasthan",4.87,8.1,6,4,7120,139.6
Civil Lines,"Plot No. 95, Civil Lines, Jaipur, Rajasthan",23.41,6.1,5,4,7102,223.94
Tonk Road,"Plot No. 209, Tonk Road, Jaipur, Rajasthan",9.82,8.1,7,4,6651,170.6
Tonk Road,"Plot No. 225, Tonk Road, Jaipur, Rajasthan",14.22,5.5,7,6,8708,215.34
Ajmer Road,"Plot No. 459, Ajmer Road, Jaipur, Rajasthan",9.68,4.1,9,4,5900,195.13
Sangeener,"Plot No. 348, Sangeener, Jaipur, Rajasthan",6.13,5.1,6,4,3194,139.36
Sangeener,"Plot No. 480, Sangeener, Jaipur, Rajasthan",7.38,7.1,7,3,7611,165.38
Nirman Nagar,"Plot No. 321, Nirman Nagar, Jaipur, Rajasthan",10.2,6.4,8,6,8131,210.98
Jagatpura,"Plot No. 47, Jagatpura, Jaipur, Rajasthan",10.97,6.0,7,6,6140,189.83
Nirman Nagar,"Plot No. 476, Nirman Nagar, Jaipur, Rajasthan",14.97,6.8,7,2,6509,200.08
Ajmer Road,"Plot No. 181, Ajmer Road, Jaipur, Rajasthan",15.11,6.4,5,2,3348,163.19
Ajmer Road,"Plot No. 106, Ajmer Road, Jaipur, Rajasthan",9.31,6.4,8,4,7562,189.08
Kalwar Road,"Plot No. 199, Kalwar Road, Jaipur, Rajasthan",5.16,6.9,8,5,10182,191.67
Ajmer Road,"Plot No. 386, Ajmer Road, Jaipur, Rajasthan",9.81,6.4,7,4,6276,175.48
Ajmer Road,"Plot No. 106, Ajmer Road, Jaipur, Rajasthan",10.24,6.1,8,5,8744,209.83
Tonk Road,"Plot No. 280, Tonk Road, Jaipur, Rajasthan",15.69,5.4,6,3,7040,189.78
C-Scheme,"Plot No. 260, C-Scheme, Jaipur, Rajasthan",20.26,4.7,8,6,8885,248.34
Kalwar Road,"Plot No. 108, Kalwar Road, Jaipur, Rajasthan",5.41,5.4,7,3,9745,172.89
Jagatpura,"Plot No. 19, Jagatpura, Jaipur, Rajasthan",15.79,7.0,8,3,5859,207.77
Jagatpura,"Plot No. 410, Jagatpura, Jaipur, Rajasthan",12.84,6.2,8,4,6351,207.11
Jagatpura,"Plot No. 459, Jagatpura, Jaipur, Rajasthan",13.56,5.5,7,4,6389,188.8
Jhotwara,"Plot No. 296, Jhotwara, Jaipur, Rajasthan",7.18,5.6,7,2,6549,175.0
Malviya Nagar,"Plot No. 306, Malviya Nagar, Jaipur, Rajasthan",27.18,6.1,7,3,3514,253.11
Vaishali Nagar,"Plot No. 171, Vaishali Nagar, Jaipur, Rajasthan",19.74,4.6,7,3,5927,220.81
Ajmer Road,"Plot No. 331, Ajmer Road, Jaipur, Rajasthan",9.48,6.5,7,6,4999,169.42
Pratap Nagar,"Plot No. 493, Pratap Nagar, Jaipur, Rajasthan",6.71,5.1,5,4,7826,147.72
Jhotwara,"Plot No. 195, Jhotwara, Jaipur, Rajasthan",5.36,5.8,7,4,6679,163.92
Malviya Nagar,"Plot No. 12, Malviya Nagar, Jaipur, Rajasthan",22.97,4.3,7,5,6894,245.31
Vidyadhar Nagar,"Plot No. 195, Vidyadhar Nagar, Jaipur, Rajasthan",8.03,7.1,7,4,8366,169.38
Jhotwara,"Plot No. 490, Jhotwara, Jaipur, Rajasthan",7.35,6.1,8,4,8646,185.83
Civil Lines,"Plot No. 283, Civil Lines, Jaipur, Rajasthan",17.83,6.5,8,4,8790,240.11
Jagatpura,"Plot No. 369, Jagatpura, Jaipur, Rajasthan",10.85,6.6,7,6,7018,195.76
Vidyadhar Nagar,"Plot No. 182, Vidyadhar Nagar, Jaipur, Rajasthan",6.5,5.7,5,3,7612,153.33
Mansarovar,"Plot No. 450, Mansarovar, Jaipur, Rajasthan",9.93,7.1,7,5,4330,161.29
Ajmer Road,"Plot No. 305, Ajmer Road, Jaipur, Rajasthan",12.58,5.0,9,3,6494,222.82
Malviya Nagar,"Plot No. 144, Malviya Nagar, Jaipur, Rajasthan",22.56,7.0,6,2,7736,242.2
Jagatpura,"Plot No. 386, Jagatpura, Jaipur, Rajasthan",10.13,7.0,7,3,6369,169.14
Kalwar Road,"Plot No. 316, Kalwar Road, Jaipur, Rajasthan",6.07,7.6,5,3,7024,142.27
Jagatpura,"Plot No. 182, Jagatpura, Jaipur, Rajasthan",14.25,6.8,8,3,7947,218.12
Jagatpura,"Plot No. 30, Jagatpura, Jaipur, Rajasthan",9.41,6.8,7,2,5871,176.93
Sangeener,"Plot No. 84, Sangeener, Jaipur, Rajasthan",8.55,6.8,8,3,7160,189.75
Kalwar Road,"Plot No. 166, Kalwar Road, Jaipur, Rajasthan",5.31,7.6,7,4,9492,180.24
Raja Park,"Plot No. 284, Raja Park, Jaipur, Rajasthan",27.01,5.5,5,3,9645,250.4
C-Scheme,"Plot No. 281, C-Scheme, Jaipur, Rajasthan",16.24,5.5,6,4,7905,211.95
Vidyadhar Nagar,"Plot No. 96, Vidyadhar Nagar, Jaipur, Rajasthan",8.02,4.6,7,4,9017,180.37
Jhotwara,"Plot No. 381, Jhotwara, Jaipur, Rajasthan",6.72,4.9,6,3,8832,164.78
Civil Lines,"Plot No. 266, Civil Lines, Jaipur, Rajasthan",22.64,6.0,6,3,6271,237.53
Jagatpura,"Plot No. 444, Jagatpura, Jaipur, Rajasthan",12.43,6.8,7,5,7207,199.82
Jhotwara,"Plot No. 298, Jhotwara, Jaipur, Rajasthan",8.46,6.6,9,6,5462,187.33
Vidyadhar Nagar,"Plot No. 296, Vidyadhar Nagar, Jaipur, Rajasthan",5.91,7.4,7,2,11160,184.46
Vaishali Nagar,"Plot No. 225, Vaishali Nagar, Jaipur, Rajasthan",18.17,6.9,6,3,7730,203.51
Sangeener,"Plot No. 333, Sangeener, Jaipur, Rajasthan",5.51,6.9,9,5,7946,184.16
C-Scheme,"Plot No. 361, C-Scheme, Jaipur, Rajasthan",25.92,5.9,6,4,7764,255.75
Kalwar Road,"Plot No. 374, Kalwar Road, Jaipur, Rajasthan",7.92,4.9,6,2,8618,172.16
Civil Lines,"Plot No. 42, Civil Lines, Jaipur, Rajasthan",28.44,3.7,5,3,8201,256.36
Jagatpura,"Plot No. 303, Jagatpura, Jaipur, Rajasthan",15.41,4.9,7,3,9678,227.83
Jhotwara,"Plot No. 421, Jhotwara, Jaipur, Rajasthan",6.39,5.7,7,3,6587,162.03
Tonk Road,"Plot No. 246, Tonk Road, Jaipur, Rajasthan",14.3,5.8,8,3,7416,208.54
Sangeener,"Plot No. 208, Sangeener, Jaipur, Rajasthan",5.37,7.2,6,4,8498,153.29
Pratap Nagar,"Plot No. 237, Pratap Nagar, Jaipur, Rajasthan",4.91,4.6,6,2,7813,160.78
Kalwar Road,"Plot No. 22, Kalwar Road, Jaipur, Rajasthan",4.83,6.1,7,3,9275,176.54
Sangeener,"Plot No. 185, Sangeener, Jaipur, Rajasthan",8.18,6.2,8,6,6416,181.22
Kalwar Road,"Plot No. 468, Kalwar Road, Jaipur, Rajasthan",6.43,7.6,7,5,4950,143.66
Tonk Road,"Plot No. 242, Tonk Road, Jaipur, Rajasthan",15.16,6.3,6,4,5543,190.76
Vidyadhar Nagar,"Plot No. 363, Vidyadhar Nagar, Jaipur, Rajasthan",8.35,5.4,7,5,3809,164.85
Vaishali Nagar,"Plot No. 283, Vaishali Nagar, Jaipur, Rajasthan",30.0,5.2,6,4,5558,256.87
Nirman Nagar,"Plot No. 41, Nirman Nagar, Jaipur, Rajasthan",13.94,5.3,7,4,4960,192.3
Kalwar Road,"Plot No. 336, Kalwar Road, Jaipur, Rajasthan",5.59,7.5,8,3,8945,191.14
Sangeener,"Plot No. 162, Sangeener, Jaipur, Rajasthan",6.14,7.0,6,3,5919,147.09
Tonk Road,"Plot No. 160, Tonk Road, Jaipur, Rajasthan",14.21,6.1,8,6,6526,209.71
Jagatpura,"Plot No. 474, Jagatpura, Jaipur, Rajasthan",13.02,4.9,6,3,4967,179.53
Vaishali Nagar,"Plot No. 89, Vaishali Nagar, Jaipur, Rajasthan",29.48,7.7,8,6,3682,262.96
Ajmer Road,"Plot No. 322, Ajmer Road, Jaipur, Rajasthan",14.99,5.8,7,2,8657,209.52
Tonk Road,"Plot No. 12, Tonk Road, Jaipur, Rajasthan",11.3,5.7,6,3,5878,180.58
Nirman Nagar,"Plot No. 424, Nirman Nagar, Jaipur, Rajasthan",9.58,6.7,7,6,7030,174.87
Vidyadhar Nagar,"Plot No. 73, Vidyadhar Nagar, Jaipur, Rajasthan",7.69,6.4,6,3,3981,140.43
Kalwar Road,"Plot No. 76, Kalwar Road, Jaipur, Rajasthan",6.6,7.0,7,2,10762,184.87
Raja Park,"Plot No. 346, Raja Park, Jaipur, Rajasthan",24.37,5.0,5,3,8556,245.25
Vidyadhar Nagar,"Plot No. 201, Vidyadhar Nagar, Jaipur, Rajasthan",7.41,5.8,6,4,9268,175.84
Raja Park,"Plot No. 10, Raja Park, Jaipur, Rajasthan",16.9,4.9,6,3,7126,197.28
Malviya Nagar,"Plot No. 352, Malviya Nagar, Jaipur, Rajasthan",29.62,5.9,8,6,7323,294.8
Sangeener,"Plot No. 226, Sangeener, Jaipur, Rajasthan",7.82,6.4,5,2,7472,150.38
Vidyadhar Nagar,"Plot No. 176, Vidyadhar Nagar, Jaipur, Rajasthan",5.92,6.9,7,3,9196,172.56
Malviya Nagar,"Plot No. 276, Malviya Nagar, Jaipur, Rajasthan",23.28,5.6,6,2,6098,234.67
Kalwar Road,"Plot No. 39, Kalwar Road, Jaipur, Rajasthan",7.49,6.0,7,5,8774,173.75
Kalwar Road,"Plot No. 60, Kalwar Road, Jaipur, Rajasthan",7.04,6.3,7,4,6259,174.27
Jagatpura,"Plot No. 66, Jagatpura, Jaipur, Rajasthan",12.55,6.9,7,4,8058,202.09
Jagatpura,"Plot No. 321, Jagatpura, Jaipur, Rajasthan",14.51,5.9,7,3,2359,178.91
Mansarovar,"Plot No. 435, Mansarovar, Jaipur, Rajasthan",15.66,6.2,9,5,4737,224.56
Jhotwara,"Plot No. 124, Jhotwara, Jaipur, Rajasthan",4.9,5.7,6,2,8395,148.27
Vidyadhar Nagar,"Plot No. 164, Vidyadhar Nagar, Jaipur, Rajasthan",8.77,7.9,8,5,11391,210.88
Kalwar Road,"Plot No. 408, Kalwar Road, Jaipur, Rajasthan",8.81,6.6,7,2,7903,171.47
Jagatpura,"Plot No. 411, Jagatpura, Jaipur, Rajasthan",10.35,5.6,9,3,7449,208.35
Jhotwara,"Plot No. 386, Jhotwara, Jaipur, Rajasthan",4.96,8.1,6,4,3381,130.51
Sangeener,"Plot No. 159, Sangeener, Jaipur, Rajasthan",6.32,4.2,9,5,7927,202.83
C-Scheme,"Plot No. 57, C-Scheme, Jaipur, Rajasthan",24.23,4.5,10,4,6152,280.37
Tonk Road,"Plot No. 78, Tonk Road, Jaipur, Rajasthan",10.51,5.6,7,2,13915,221.41
Raja Park,"Plot No. 194, Raja Park, Jaipur, Rajasthan",21.97,5.2,8,6,6620,252.33
Mansarovar,"Plot No. 285, Mansarovar, Jaipur, Rajasthan",15.73,6.5,8,4,8221,226.29
Jhotwara,"Plot No. 15, Jhotwara, Jaipur, Rajasthan",5.29,6.0,6,4,10385,159.89
Raja Park,"Plot No. 12, Raja Park, Jaipur, Rajasthan",19.84,6.9,6,3,9605,233.97
Kalwar Road,"Plot No. 101, Kalwar Road, Jaipur, Rajasthan",5.78,5.9,7,2,6432,155.1
Jagatpura,"Plot No. 156, Jagatpura, Jaipur, Rajasthan",14.05,7.1,8,3,6922,220.62
Mansarovar,"Plot No. 340, Mansarovar, Jaipur, Rajasthan",14.1,5.2,7,5,5027,194.59
Jhotwara,"Plot No. 125, Jhotwara, Jaipur, Rajasthan",6.91,5.2,5,2,8624,160.9
Ajmer Road,"Plot No. 359, Ajmer Road, Jaipur, Rajasthan",10.58,5.8,6,3,3132,150.56
Civil Lines,"Plot No. 280, Civil Lines, Jaipur, Rajasthan",21.74,4.7,10,5,3243,264.66
Pratap Nagar,"Plot No. 405, Pratap Nagar, Jaipur, Rajasthan",7.51,6.8,8,4,12039,199.32
Vidyadhar Nagar,"Plot No. 394, Vidyadhar Nagar, Jaipur, Rajasthan",4.83,6.5,7,5,7119,163.37
Jhotwara,"Plot No. 110, Jhotwara, Jaipur, Rajasthan",6.48,6.9,6,2,4831,139.65
Vaishali Nagar,"Plot No. 334, Vaishali Nagar, Jaipur, Rajasthan",25.64,5.2,8,6,9067,281.01
Tonk Road,"Plot No. 357, Tonk Road, Jaipur, Rajasthan",12.1,7.4,7,2,10061,199.62
Tonk Road,"Plot No. 146, Tonk Road, Jaipur, Rajasthan",14.24,6.2,6,2,6641,179.63
Malviya Nagar,"Plot No. 216, Malviya Nagar, Jaipur, Rajasthan",29.97,5.3,7,4,5900,277.73
Kalwar Road,"Plot No. 398, Kalwar Road, Jaipur, Rajasthan",4.84,5.4,8,6,8345,179.61
Jagatpura,"Plot No. 162, Jagatpura, Jaipur, Rajasthan",15.88,6.2,7,2,7129,214.02
Kalwar Road,"Plot No. 128, Kalwar Road, Jaipur, Rajasthan",6.73,5.8,6,2,8135,156.38
Vidyadhar Nagar,"Plot No. 314, Vidyadhar Nagar, Jaipur, Rajasthan",7.07,5.9,7,4,7529,166.52
Jhotwara,"Plot No. 332, Jhotwara, Jaipur, Rajasthan",4.79,6.2,8,5,7067,176.63
Raja Park,"Plot No. 150, Raja Park, Jaipur, Rajasthan",21.11,5.3,7,3,6833,241.77
Ajmer Road,"Plot No. 454, Ajmer Road, Jaipur, Rajasthan",15.18,6.2,6,3,8654,200.57
Vidyadhar Nagar,"Plot No. 36, Vidyadhar Nagar, Jaipur, Rajasthan",6.86,5.8,7,3,9030,181.13
Jhotwara,"Plot No. 173, Jhotwara, Jaipur, Rajasthan",8.16,5.1,7,3,7530,184.73
Tonk Road,"Plot No. 420, Tonk Road, Jaipur, Rajasthan",10.11,6.4,8,4,5679,196.1
Vaishali Nagar,"Plot No. 22, Vaishali Nagar, Jaipur, Rajasthan",27.54,6.5,7,3,10972,276.42
Pratap Nagar,"Plot No. 206, Pratap Nagar, Jaipur, Rajasthan",6.93,6.7,8,3,9127,196.12
Sangeener,"Plot No. 127, Sangeener, Jaipur, Rajasthan",8.66,5.4,6,2,4141,148.18
Sangeener,"Plot No. 336, Sangeener, Jaipur, Rajasthan",6.78,5.6,8,5,11738,208.2
Sangeener,"Plot No. 445, Sangeener, Jaipur, Rajasthan",8.16,7.0,7,5,5279,161.49
Vidyadhar Nagar,"Plot No. 356, Vidyadhar Nagar, Jaipur, Rajasthan",7.83,5.2,6,3,7026,164.04
Pratap Nagar,"Plot No. 440, Pratap Nagar, Jaipur, Rajasthan",6.78,5.1,6,4,8073,165.19
Jhotwara,"Plot No. 217, Jhotwara, Jaipur, Rajasthan",7.35,4.9,8,5,3270,163.38
Kalwar Road,"Plot No. 96, Kalwar Road, Jaipur, Rajasthan",6.29,7.3,7,5,6864,162.82
Jhotwara,"Plot No. 417, Jhotwara, Jaipur, Rajasthan",6.83,5.4,7,6,4730,161.86
Kalwar Road,"Plot No. 429, Kalwar Road, Jaipur, Rajasthan",6.73,6.3,9,6,7789,194.33
Jagatpura,"Plot No. 164, Jagatpura, Jaipur, Rajasthan",12.94,6.7,8,6,8332,205.0
Civil Lines,"Plot No. 148, Civil Lines, Jaipur, Rajasthan",27.33,4.5,7,5,6020,253.79
Kalwar Road,"Plot No. 18, Kalwar Road, Jaipur, Rajasthan",4.94,4.2,5,2,6707,139.17
Vidyadhar Nagar,"Plot No. 294, Vidyadhar Nagar, Jaipur, Rajasthan",7.97,7.8,7,4,7690,180.95
Jagatpura,"Plot No. 195, Jagatpura, Jaipur, Rajasthan",15.28,6.7,6,3,8804,210.02
Jhotwara,"Plot No. 151, Jhotwara, Jaipur, Rajasthan",8.68,4.4,8,3,5685,180.7
Raja Park,"Plot No. 480, Raja Park, Jaipur, Rajasthan",19.28,7.2,5,3,3151,181.92
Vidyadhar Nagar,"Plot No. 365, Vidyadhar Nagar, Jaipur, Rajasthan",4.84,7.1,6,4,4971,129.12
Tonk Road,"Plot No. 123, Tonk Road, Jaipur, Rajasthan",10.67,7.2,7,5,2800,173.2
Pratap Nagar,"Plot No. 400, Pratap Nagar, Jaipur, Rajasthan",7.9,5.6,6,3,8018,161.82
Vidyadhar Nagar,"Plot No. 187, Vidyadhar Nagar, Jaipur, Rajasthan",4.8,7.9,6,2,7475,143.89
Malviya Nagar,"Plot No. 453, Malviya Nagar, Jaipur, Rajasthan",20.06,6.0,7,4,4795,223.89
Vidyadhar Nagar,"Plot No. 452, Vidyadhar Nagar, Jaipur, Rajasthan",5.74,4.7,5,3,8437,155.21
Mansarovar,"Plot No. 149, Mansarovar, Jaipur, Rajasthan",12.19,6.8,7,3,6667,181.68
Pratap Nagar,"Plot No. 104, Pratap Nagar, Jaipur, Rajasthan",7.9,7.2,6,2,7516,157.72
Jhotwara,"Plot No. 243, Jhotwara, Jaipur, Rajasthan",8.33,4.7,6,2,7858,170.6
Ajmer Road,"Plot No. 462, Ajmer Road, Jaipur, Rajasthan",14.1,6.4,8,4,9521,229.05
Vaishali Nagar,"Plot No. 231, Vaishali Nagar, Jaipur, Rajasthan",21.46,6.7,8,4,8450,247.61
Civil Lines,"Plot No. 479, Civil Lines, Jaipur, Rajasthan",17.49,6.5,7,4,5147,212.22
Ajmer Road,"Plot No. 206, Ajmer Road, Jaipur, Rajasthan",14.82,5.8,6,3,11166,215.83
Nirman Nagar,"Plot No. 198, Nirman Nagar, Jaipur, Rajasthan",10.8,6.8,8,5,7354,205.96
Tonk Road,"Plot No. 396, Tonk Road, Jaipur, Rajasthan",9.67,4.1,8,6,2811,169.76
Kalwar Road,"Plot No. 400, Kalwar Road, Jaipur, Rajasthan",4.61,5.2,6,2,6685,138.65
Tonk Road,"Plot No. 337, Tonk Road, Jaipur, Rajasthan",12.0,6.6,8,6,6864,208.89
Jhotwara,"Plot No. 493, Jhotwara, Jaipur, Rajasthan",4.81,5.5,7,2,6399,159.91
Jhotwara,"Plot No. 87, Jhotwara, Jaipur, Rajasthan",6.16,7.6,9,3,6639,190.2
Kalwar Road,"Plot No. 142, Kalwar Road, Jaipur, Rajasthan",4.86,4.3,6,4,6766,153.35
Kalwar Road,"Plot No. 317, Kalwar Road, Jaipur, Rajasthan",7.88,5.4,5,2,6710,140.35
Nirman Nagar,"Plot No. 199, Nirman Nagar, Jaipur, Rajasthan",9.21,4.6,7,5,4796,165.86
Pratap Nagar,"Plot No. 46, Pratap Nagar, Jaipur, Rajasthan",8.39,4.0,9,5,8371,204.33
Tonk Road,"Plot No. 288, Tonk Road, Jaipur, Rajasthan",15.38,5.9,7,2,12366,244.5
Ajmer Road,"Plot No. 15, Ajmer Road, Jaipur, Rajasthan",15.45,5.1,5,4,3611,169.31
Jhotwara,"Plot No. 44, Jhotwara, Jaipur, Rajasthan",5.78,5.6,6,4,8499,151.06
Civil Lines,"Plot No. 401, Civil Lines, Jaipur, Rajasthan",21.41,6.7,8,3,6077,239.89
Nirman Nagar,"Plot No. 169, Nirman Nagar, Jaipur, Rajasthan",15.58,6.6,8,5,7829,232.47
Jhotwara,"Plot No. 310, Jhotwara, Jaipur, Rajasthan",8.16,7.0,7,3,7039,179.8
Civil Lines,"Plot No. 495, Civil Lines, Jaipur, Rajasthan",17.5,4.8,9,6,5180,243.71
Vidyadhar Nagar,"Plot No. 44, Vidyadhar Nagar, Jaipur, Rajasthan",8.43,6.3,7,6,5940,167.48
Ajmer Road,"Plot No. 98, Ajmer Road, Jaipur, Rajasthan",12.89,7.2,6,4,5363,177.71
Jhotwara,"Plot No. 261, Jhotwara, Jaipur, Rajasthan",7.62,6.7,7,4,10281,182.49
Kalwar Road,"Plot No. 109, Kalwar Road, Jaipur, Rajasthan",6.03,6.5,7,4,9538,169.5
Nirman Nagar,"Plot No. 283, Nirman Nagar, Jaipur, Rajasthan",13.32,6.4,8,4,6194,196.74
Nirman Nagar,"Plot No. 372, Nirman Nagar, Jaipur, Rajasthan",14.71,6.0,6,2,7198,189.07
Jagatpura,"Plot No. 343, Jagatpura, Jaipur, Rajasthan",13.88,6.3,7,3,8324,209.88
Malviya Nagar,"Plot No. 104, Malviya Nagar, Jaipur, Rajasthan",27.4,7.0,5,4,4544,236.82
Mansarovar,"Plot No. 256, Mansarovar, Jaipur, Rajasthan",13.03,6.1,8,3,4328,188.7
Vaishali Nagar,"Plot No. 379, Vaishali Nagar, Jaipur, Rajasthan",18.81,6.8,7,2,6348,229.19
Mansarovar,"Plot No. 206, Mansarovar, Jaipur, Rajasthan",13.15,7.6,7,3,35,157.8
Mansarovar,"Plot No. 335, Mansarovar, Jaipur, Rajasthan",14.42,6.0,5,2,6181,174.66
Vidyadhar Nagar,"Plot No. 43, Vidyadhar Nagar, Jaipur, Rajasthan",4.7,7.8,9,5,8067,181.49
Sangeener,"Plot No. 353, Sangeener, Jaipur, Rajasthan",6.95,5.7,7,4,8799,175.98
Sangeener,"Plot No. 245, Sangeener, Jaipur, Rajasthan",4.81,4.8,8,4,6152,162.83
Malviya Nagar,"Plot No. 287, Malviya Nagar, Jaipur, Rajasthan",21.99,6.5,7,3,8113,249.34
Sangeener,"Plot No. 355, Sangeener, Jaipur, Rajasthan",6.99,5.5,8,6,8221,192.57
C-Scheme,"Plot No. 273, C-Scheme, Jaipur, Rajasthan",20.71,7.3,7,6,4249,225.17
C-Scheme,"Plot No. 476, C-Scheme, Jaipur, Rajasthan",20.6,5.8,8,4,6355,239.78
Jagatpura,"Plot No. 83, Jagatpura, Jaipur, Rajasthan",10.66,6.4,5,4,5196,157.84
Vaishali Nagar,"Plot No. 110, Vaishali Nagar, Jaipur, Rajasthan",22.7,5.2,6,4,4332,222.57
Jhotwara,"Plot No. 438, Jhotwara, Jaipur, Rajasthan",5.19,5.9,8,6,5776,175.1
Vidyadhar Nagar,"Plot No. 190, Vidyadhar Nagar, Jaipur, Rajasthan",6.21,5.4,7,4,7272,165.56
Pratap Nagar,"Plot No. 471, Pratap Nagar, Jaipur, Rajasthan",7.44,5.2,7,4,8178,187.65
Sangeener,"Plot No. 288, Sangeener, Jaipur, Rajasthan",8.63,7.8,7,4,7911,183.09
C-Scheme,"Plot No. 424, C-Scheme, Jaipur, Rajasthan",16.14,6.4,8,5,6754,228.17
Malviya Nagar,"Plot No. 397, Malviya Nagar, Jaipur, Rajasthan",17.05,6.5,8,5,5694,212.07
Sangeener,"Plot No. 251, Sangeener, Jaipur, Rajasthan",7.02,6.8,9,3,3618,174.53
Vaishali Nagar,"Plot No. 212, Vaishali Nagar, Jaipur, Rajasthan",27.96,5.5,5,2,7167,247.36
Pratap Nagar,"Plot No. 291, Pratap Nagar, Jaipur, Rajasthan",5.7,5.7,7,4,6468,150.96
Ajmer Road,"Plot No. 133, Ajmer Road, Jaipur, Rajasthan",15.61,7.3,9,4,7035,228.4
C-Scheme,"Plot No. 201, C-Scheme, Jaipur, Rajasthan",17.49,7.1,6,3,8089,219.86
Jhotwara,"Plot No. 285, Jhotwara, Jaipur, Rajasthan",8.34,5.7,7,3,8520,181.6
Raja Park,"Plot No. 326, Raja Park, Jaipur, Rajasthan",22.76,5.6,6,3,6415,223.66
Civil Lines,"Plot No. 409, Civil Lines, Jaipur, Rajasthan",25.23,4.4,6,4,2085,222.2
Ajmer Road,"Plot No. 95, Ajmer Road, Jaipur, Rajasthan",11.42,4.7,5,4,7933,163.11
Jagatpura,"Plot No. 278, Jagatpura, Jaipur, Rajasthan",12.06,7.3,6,2,6020,174.36
Ajmer Road,"Plot No. 450, Ajmer Road, Jaipur, Rajasthan",9.44,6.0,6,3,10113,185.76
Vidyadhar Nagar,"Plot No. 429, Vidyadhar Nagar, Jaipur, Rajasthan",6.03,5.7,7,4,5748,155.29
Raja Park,"Plot No. 325, Raja Park, Jaipur, Rajasthan",22.77,8.0,8,3,6403,255.56
Sangeener,"Plot No. 219, Sangeener, Jaipur, Rajasthan",7.07,7.2,8,3,9101,182.36
Mansarovar,"Plot No. 89, Mansarovar, Jaipur, Rajasthan",12.32,6.8,8,3,8630,220.65
Malviya Nagar,"Plot No. 72, Malviya Nagar, Jaipur, Rajasthan",27.22,7.0,5,2,6477,246.65
Jhotwara,"Plot No. 247, Jhotwara, Jaipur, Rajasthan",8.23,5.1,7,2,9868,180.22
Sangeener,"Plot No. 129, Sangeener, Jaipur, Rajasthan",5.25,6.3,6,2,4279,141.0
Nirman Nagar,"Plot No. 212, Nirman Nagar, Jaipur, Rajasthan",13.58,5.4,7,4,1898,175.7
C-Scheme,"Plot No. 428, C-Scheme, Jaipur, Rajasthan",28.02,6.5,7,3,6246,264.2
C-Scheme,"Plot No. 343, C-Scheme, Jaipur, Rajasthan",24.8,6.5,7,3,4637,236.25
Vaishali Nagar,"Plot No. 96, Vaishali Nagar, Jaipur, Rajasthan",26.68,7.1,7,6,7937,265.05
Ajmer Road,"Plot No. 75, Ajmer Road, Jaipur, Rajasthan",15.61,5.5,7,2,13911,254.24
Sangeener,"Plot No. 423, Sangeener, Jaipur, Rajasthan",6.57,6.7,8,5,8641,179.91
Malviya Nagar,"Plot No. 495, Malviya Nagar, Jaipur, Rajasthan",19.84,8.2,7,5,9032,230.67
Kalwar Road,"Plot No. 54, Kalwar Road, Jaipur, Rajasthan",4.85,6.8,9,4,8823,185.03
Nirman Nagar,"Plot No. 344, Nirman Nagar, Jaipur, Rajasthan",9.7,4.5,7,3,5996,179.83
Jhotwara,"Plot No. 459, Jhotwara, Jaipur, Rajasthan",7.01,6.5,7,3,3912,161.06
Pratap Nagar,"Plot No. 413, Pratap Nagar, Jaipur, Rajasthan",4.64,5.2,7,4,8673,168.31
Ajmer Road,"Plot No. 54, Ajmer Road, Jaipur, Rajasthan",13.98,5.7,7,2,5914,191.99
Kalwar Road,"Plot No. 218, Kalwar Road, Jaipur, Rajasthan",4.67,6.4,8,3,7600,170.63
Ajmer Road,"Plot No. 16, Ajmer Road, Jaipur, Rajasthan",13.25,6.0,6,3,6942,184.12
Nirman Nagar,"Plot No. 99, Nirman Nagar, Jaipur, Rajasthan",9.9,8.6,5,2,4473,132.92
Kalwar Road,"Plot No. 20, Kalwar Road, Jaipur, Rajasthan",4.81,6.3,8,4,5628,162.99
Nirman Nagar,"Plot No. 46, Nirman Nagar, Jaipur, Rajasthan",9.33,6.5,6,3,4952,149.31
Kalwar Road,"Plot No. 451, Kalwar Road, Jaipur, Rajasthan",7.87,4.5,7,2,4811,170.93
Vidyadhar Nagar,"Plot No. 193, Vidyadhar Nagar, Jaipur, Rajasthan",5.37,5.6,7,4,4847,151.59
Ajmer Road,"Plot No. 383, Ajmer Road, Jaipur, Rajasthan",14.07,4.0,7,6,8009,217.47
Nirman Nagar,"Plot No. 58, Nirman Nagar, Jaipur, Rajasthan",13.74,6.7,8,5,3051,201.28
Mansarovar,"Plot No. 437, Mansarovar, Jaipur, Rajasthan",11.19,6.2,7,3,4968,187.12
Ajmer Road,"Plot No. 111, Ajmer Road, Jaipur, Rajasthan",10.22,7.8,7,6,3774,157.23
Mansarovar,"Plot No. 129, Mansarovar, Jaipur, Rajasthan",9.71,5.7,6,2,8629,187.1
Malviya Nagar,"Plot No. 337, Malviya Nagar, Jaipur, Rajasthan",23.69,6.4,8,5,5296,257.51
Jhotwara,"Plot No. 194, Jhotwara, Jaipur, Rajasthan",7.53,6.4,6,4,6409,161.14
Vidyadhar Nagar,"Plot No. 413, Vidyadhar Nagar, Jaipur, Rajasthan",8.81,5.8,7,3,5241,160.6
Raja Park,"Plot No. 340, Raja Park, Jaipur, Rajasthan",19.95,5.6,7,3,4131,210.61
Mansarovar,"Plot No. 326, Mansarovar, Jaipur, Rajasthan",13.1,5.8,8,5,7454,221.95
C-Scheme,"Plot No. 8, C-Scheme, Jaipur, Rajasthan",28.07,5.2,7,3,6046,260.43
Pratap Nagar,"Plot No. 29, Pratap Nagar, Jaipur, Rajasthan",5.22,5.5,5,2,10531,147.84
C-Scheme,"Plot No. 112, C-Scheme, Jaipur, Rajasthan",23.16,4.7,6,2,8803,242.38
Pratap Nagar,"Plot No. 435, Pratap Nagar, Jaipur, Rajasthan",7.77,6.3,7,4,7815,184.19
Jagatpura,"Plot No. 161, Jagatpura, Jaipur, Rajasthan",12.04,6.0,5,4,5960,163.12
Raja Park,"Plot No. 131, Raja Park, Jaipur, Rajasthan",22.24,6.3,7,5,5509,242.26
Pratap Nagar,"Plot No. 188, Pratap Nagar, Jaipur, Rajasthan",6.12,7.2,6,2,7951,152.02
Jagatpura,"Plot No. 163, Jagatpura, Jaipur, Rajasthan",12.57,6.2,7,5,6344,186.29
Mansarovar,"Plot No. 197, Mansarovar, Jaipur, Rajasthan",13.86,6.3,7,6,5203,192.0
C-Scheme,"Plot No. 475, C-Scheme, Jaipur, Rajasthan",26.6,6.4,6,3,7018,252.48
Vaishali Nagar,"Plot No. 364, Vaishali Nagar, Jaipur, Rajasthan",20.28,7.7,6,4,6553,213.39
C-Scheme,"Plot No. 204, C-Scheme, Jaipur, Rajasthan",24.3,5.9,8,3,8129,266.36
Jhotwara,"Plot No. 212, Jhotwara, Jaipur, Rajasthan",6.45,6.5,8,3,7626,174.7
Nirman Nagar,"Plot No. 109, Nirman Nagar, Jaipur, Rajasthan",10.8,6.3,7,6,8356,188.67
Pratap Nagar,"Plot No. 276, Pratap Nagar, Jaipur, Rajasthan",5.09,4.5,7,4,9546,177.87
Vaishali Nagar,"Plot No. 73, Vaishali Nagar, Jaipur, Rajasthan",20.07,6.4,8,3,6898,239.62
Nirman Nagar,"Plot No. 167, Nirman Nagar, Jaipur, Rajasthan",10.2,6.5,8,5,8033,191.97
Civil Lines,"Plot No. 260, Civil Lines, Jaipur, Rajasthan",18.06,4.1,7,3,7118,217.89
Nirman Nagar,"Plot No. 243, Nirman Nagar, Jaipur, Rajasthan",11.26,5.3,8,5,8660,207.85
Tonk Road,"Plot No. 275, Tonk Road, Jaipur, Rajasthan",9.94,5.6,7,2,7370,193.65
Kalwar Road,"Plot No. 102, Kalwar Road, Jaipur, Rajasthan",7.26,5.3,6,4,8558,164.27
Mansarovar,"Plot No. 475, Mansarovar, Jaipur, Rajasthan",13.72,5.9,8,5,7573,207.08
Tonk Road,"Plot No. 173, Tonk Road, Jaipur, Rajasthan",9.14,5.9,6,4,7688,168.82
Pratap Nagar,"Plot No. 171, Pratap Nagar, Jaipur, Rajasthan",7.64,3.7,8,3,5181,181.4
Jagatpura,"Plot No. 141, Jagatpura, Jaipur, Rajasthan",14.83,6.3,8,6,6536,217.29
Civil Lines,"Plot No. 397, Civil Lines, Jaipur, Rajasthan",28.43,5.5,8,5,4944,269.51
Raja Park,"Plot No. 188, Raja Park, Jaipur, Rajasthan",24.98,7.0,7,4,9370,269.02
Pratap Nagar,"Plot No. 441, Pratap Nagar, Jaipur, Rajasthan",6.61,6.4,8,4,5102,171.25
Jhotwara,"Plot No. 86, Jhotwara, Jaipur, Rajasthan",7.23,5.1,9,5,8157,194.28
Kalwar Road,"Plot No. 476, Kalwar Road, Jaipur, Rajasthan",4.85,5.7,7,4,7737,155.66
Civil Lines,"Plot No. 52, Civil Lines, Jaipur, Rajasthan",23.13,5.8,7,3,9973,262.13
Ajmer Road,"Plot No. 111, Ajmer Road, Jaipur, Rajasthan",10.09,5.9,8,4,5044,188.99
Mansarovar,"Plot No. 437, Mansarovar, Jaipur, Rajasthan",9.95,7.3,5,3,8103,171.56
Sangeener,"Plot No. 365, Sangeener, Jaipur, Rajasthan",6.47,5.8,5,2,8980,150.69
Nirman Nagar,"Plot No. 342, Nirman Nagar, Jaipur, Rajasthan",15.2,4.6,6,4,4800,192.36
Kalwar Road,"Plot No. 43, Kalwar Road, Jaipur, Rajasthan",5.86,6.4,6,3,7278,144.25
Jagatpura,"Plot No. 211, Jagatpura, Jaipur, Rajasthan",12.77,5.5,5,3,7276,182.22
Pratap Nagar,"Plot No. 456, Pratap Nagar, Jaipur, Rajasthan",5.49,6.6,7,4,7383,165.03
Mansarovar,"Plot No. 200, Mansarovar, Jaipur, Rajasthan",13.27,6.2,7,6,6211,197.03
C-Scheme,"Plot No. 298, C-Scheme, Jaipur, Rajasthan",21.8,6.4,8,3,8332,250.55
Civil Lines,"Plot No. 346, Civil Lines, Jaipur, Rajasthan",17.57,4.8,7,3,6351,208.68
Ajmer Road,"Plot No. 240, Ajmer Road, Jaipur, Rajasthan",13.69,5.3,6,3,11897,218.28
Sangeener,"Plot No. 115, Sangeener, Jaipur, Rajasthan",4.98,7.3,9,4,7957,178.08
Kalwar Road,"Plot No. 26, Kalwar Road, Jaipur, Rajasthan",6.73,6.0,6,3,9304,159.36
C-Scheme,"Plot No. 407, C-Scheme, Jaipur, Rajasthan",27.9,5.9,7,4,6405,259.85
Mansarovar,"Plot No. 299, Mansarovar, Jaipur, Rajasthan",11.97,5.3,8,4,8540,205.16
Vidyadhar Nagar,"Plot No. 77, Vidyadhar Nagar, Jaipur, Rajasthan",8.13,5.3,7,6,10833,196.75
Sangeener,"Plot No. 412, Sangeener, Jaipur, Rajasthan",6.68,7.5,7,3,9928,177.89
Jagatpura,"Plot No. 137, Jagatpura, Jaipur, Rajasthan",13.8,7.4,7,3,10291,210.92
Civil Lines,"Plot No. 20, Civil Lines, Jaipur, Rajasthan",17.85,4.7,6,2,6328,206.08
Civil Lines,"Plot No. 440, Civil Lines, Jaipur, Rajasthan",25.41,5.9,6,3,10294,268.47
Ajmer Road,"Plot No. 211, Ajmer Road, Jaipur, Rajasthan",10.04,6.9,6,4,6018,173.47
Mansarovar,"Plot No. 240, Mansarovar, Jaipur, Rajasthan",9.71,6.0,8,3,9032,203.52
Jagatpura,"Plot No. 39, Jagatpura, Jaipur, Rajasthan",12.95,5.7,6,2,8359,193.74
Kalwar Road,"Plot No. 435, Kalwar Road, Jaipur, Rajasthan",7.25,7.2,7,3,4352,149.9
Tonk Road,"Plot No. 268, Tonk Road, Jaipur, Rajasthan",11.96,4.8,9,3,10342,235.19
Raja Park,"Plot No. 207, Raja Park, Jaipur, Rajasthan",28.28,5.3,7,4,6828,275.9
Raja Park,"Plot No. 479, Raja Park, Jaipur, Rajasthan",16.56,3.8,7,4,5154,208.4
Mansarovar,"Plot No. 439, Mansarovar, Jaipur, Rajasthan",11.84,6.7,6,2,8937,184.51
Vidyadhar Nagar,"Plot No. 462, Vidyadhar Nagar, Jaipur, Rajasthan",7.22,5.5,6,3,5024,150.17
Ajmer Road,"Plot No. 267, Ajmer Road, Jaipur, Rajasthan",9.24,4.0,7,3,5733,184.95
Jhotwara,"Plot No. 154, Jhotwara, Jaipur, Rajasthan",8.36,4.0,8,4,10826,217.02
Jagatpura,"Plot No. 42, Jagatpura, Jaipur, Rajasthan",14.78,6.0,8,4,7636,226.51
Nirman Nagar,"Plot No. 411, Nirman Nagar, Jaipur, Rajasthan",13.88,6.5,9,6,4945,210.12
Malviya Nagar,"Plot No. 11, Malviya Nagar, Jaipur, Rajasthan",18.23,6.1,7,3,5614,210.26
Vidyadhar Nagar,"Plot No. 294, Vidyadhar Nagar, Jaipur, Rajasthan",8.22,7.2,7,6,10231,195.58
Pratap Nagar,"Plot No. 98, Pratap Nagar, Jaipur, Rajasthan",7.37,5.8,7,5,4825,153.43
Raja Park,"Plot No. 427, Raja Park, Jaipur, Rajasthan",22.38,4.7,8,4,7331,260.14
Malviya Nagar,"Plot No. 275, Malviya Nagar, Jaipur, Rajasthan",25.88,4.8,9,3,8877,293.19
Jhotwara,"Plot No. 448, Jhotwara, Jaipur, Rajasthan",5.44,4.1,8,5,9815,189.4
Jagatpura,"Plot No. 390, Jagatpura, Jaipur, Rajasthan",12.73,7.5,7,3,7605,195.97
C-Scheme,"Plot No. 430, C-Scheme, Jaipur, Rajasthan",25.26,7.5,5,4,7044,238.22
Vidyadhar Nagar,"Plot No. 372, Vidyadhar Nagar, Jaipur, Rajasthan",7.1,7.5,9,6,7299,184.07
Kalwar Road,"Plot No. 230, Kalwar Road, Jaipur, Rajasthan",6.03,6.8,8,5,9335,192.08
Civil Lines,"Plot No. 369, Civil Lines, Jaipur, Rajasthan",25.66,4.8,9,5,9178,301.56
Nirman Nagar,"Plot No. 426, Nirman Nagar, Jaipur, Rajasthan",9.73,5.2,7,5,7400,193.76
Ajmer Road,"Plot No. 220, Ajmer Road, Jaipur, Rajasthan",9.88,5.9,6,3,7008,169.67
Mansarovar,"Plot No. 65, Mansarovar, Jaipur, Rajasthan",15.24,5.4,6,3,4989,187.0
Pratap Nagar,"Plot No. 355, Pratap Nagar, Jaipur, Rajasthan",8.11,6.5,8,3,8294,200.87
Vidyadhar Nagar,"Plot No. 232, Vidyadhar Nagar, Jaipur, Rajasthan",5.82,6.4,9,3,5481,177.91
Mansarovar,"Plot No. 328, Mansarovar, Jaipur, Rajasthan",9.8,6.5,7,4,6575,179.24
Vidyadhar Nagar,"Plot No. 443, Vidyadhar Nagar, Jaipur, Rajasthan",6.37,7.6,7,6,6240,156.02
Vaishali Nagar,"Plot No. 52, Vaishali Nagar, Jaipur, Rajasthan",18.33,5.6,7,4,6462,211.53
Mansarovar,"Plot No. 374, Mansarovar, Jaipur, Rajasthan",10.55,5.8,7,5,10349,201.35
Pratap Nagar,"Plot No. 431, Pratap Nagar, Jaipur, Rajasthan",6.75,7.2,7,6,5885,163.13
C-Scheme,"Plot No. 376, C-Scheme, Jaipur, Rajasthan",16.29,5.5,7,5,5972,212.6
Sangeener,"Plot No. 263, Sangeener, Jaipur, Rajasthan",7.45,5.3,7,6,8599,169.94
C-Scheme,"Plot No. 267, C-Scheme, Jaipur, Rajasthan",28.64,7.7,10,5,7445,314.17
Sangeener,"Plot No. 359, Sangeener, Jaipur, Rajasthan",7.79,7.0,8,3,8664,191.06
Tonk Road,"Plot No. 317, Tonk Road, Jaipur, Rajasthan",15.32,6.5,5,2,8614,192.27
Jagatpura,"Plot No. 324, Jagatpura, Jaipur, Rajasthan",11.27,7.0,6,3,8549,192.58
Kalwar Road,"Plot No. 409, Kalwar Road, Jaipur, Rajasthan",7.39,7.1,9,6,5682,181.92
C-Scheme,"Plot No. 396, C-Scheme, Jaipur, Rajasthan",20.34,4.5,6,3,6412,225.18
Pratap Nagar,"Plot No. 154, Pratap Nagar, Jaipur, Rajasthan",5.34,7.4,7,2,6431,157.18
Mansarovar,"Plot No. 358, Mansarovar, Jaipur, Rajasthan",11.05,6.4,9,4,7248,216.7
Pratap Nagar,"Plot No. 366, Pratap Nagar, Jaipur, Rajasthan",4.98,7.7,7,4,8452,161.97
Tonk Road,"Plot No. 140, Tonk Road, Jaipur, Rajasthan",13.61,6.7,8,5,4486,194.29
Nirman Nagar,"Plot No. 427, Nirman Nagar, Jaipur, Rajasthan",9.18,4.9,8,3,6915,193.21
Raja Park,"Plot No. 51, Raja Park, Jaipur, Rajasthan",24.64,4.3,8,4,3967,250.16
Jagatpura,"Plot No. 117, Jagatpura, Jaipur, Rajasthan",13.8,6.0,8,3,7226,208.83
Pratap Nagar,"Plot No. 421, Pratap Nagar, Jaipur, Rajasthan",6.9,6.1,7,2,8404,181.77
Nirman Nagar,"Plot No. 46, Nirman Nagar, Jaipur, Rajasthan",15.61,4.0,8,4,7202,225.45
Jhotwara,"Plot No. 309, Jhotwara, Jaipur, Rajasthan",5.83,6.1,7,5,7548,172.52
Raja Park,"Plot No. 88, Raja Park, Jaipur, Rajasthan",24.91,8.1,6,4,4775,227.77
Mansarovar,"Plot No. 208, Mansarovar, Jaipur, Rajasthan",10.5,7.1,7,3,5326,176.52
Nirman Nagar,"Plot No. 377, Nirman Nagar, Jaipur, Rajasthan",9.34,4.4,8,4,6294,200.61
Jhotwara,"Plot No. 269, Jhotwara, Jaipur, Rajasthan",5.55,6.8,7,4,4063,154.79
Vidyadhar Nagar,"Plot No. 89, Vidyadhar Nagar, Jaipur, Rajasthan",6.89,5.3,8,3,9071,186.91
Vaishali Nagar,"Plot No. 381, Vaishali Nagar, Jaipur, Rajasthan",18.15,6.4,7,6,9562,241.7
Malviya Nagar,"Plot No. 118, Malviya Nagar, Jaipur, Rajasthan",28.08,7.6,7,3,9056,275.47
Kalwar Road,"Plot No. 54, Kalwar Road, Jaipur, Rajasthan",7.32,6.2,7,6,9549,174.01
Mansarovar,"Plot No. 441, Mansarovar, Jaipur, Rajasthan",13.43,6.1,6,4,7891,193.28
Jhotwara,"Plot No. 116, Jhotwara, Jaipur, Rajasthan",5.31,5.1,7,5,7265,172.7
Civil Lines,"Plot No. 118, Civil Lines, Jaipur, Rajasthan",16.25,7.0,7,4,6022,216.1
Ajmer Road,"Plot No. 260, Ajmer Road, Jaipur, Rajasthan",9.17,4.3,6,3,6753,160.86
Jhotwara,"Plot No. 75, Jhotwara, Jaipur, Rajasthan",7.56,4.9,6,2,5873,160.73
Nirman Nagar,"Plot No. 480, Nirman Nagar, Jaipur, Rajasthan",14.04,5.9,7,4,5770,202.45
Jagatpura,"Plot No. 305, Jagatpura, Jaipur, Rajasthan",15.85,4.2,6,3,9489,211.6
Tonk Road,"Plot No. 7, Tonk Road, Jaipur, Rajasthan",13.68,7.0,3,3,10047,169.57
Vaishali Nagar,"Plot No. 366, Vaishali Nagar, Jaipur, Rajasthan",17.9,5.9,5,4,6987,196.77
Vaishali Nagar,"Plot No. 122, Vaishali Nagar, Jaipur, Rajasthan",22.27,8.1,7,4,7571,236.16
Jhotwara,"Plot No. 11, Jhotwara, Jaipur, Rajasthan",5.21,6.8,6,3,5059,142.33
Raja Park,"Plot No. 348, Raja Park, Jaipur, Rajasthan",20.24,6.1,6,2,9579,228.15
Jhotwara,"Plot No. 438, Jhotwara, Jaipur, Rajasthan",6.94,5.9,7,5,6862,164.58
Civil Lines,"Plot No. 489, Civil Lines, Jaipur, Rajasthan",19.82,6.8,8,6,2668,213.08
Malviya Nagar,"Plot No. 215, Malviya Nagar, Jaipur, Rajasthan",22.49,5.6,9,5,9995,286.91
Tonk Road,"Plot No. 429, Tonk Road, Jaipur, Rajasthan",11.78,6.6,7,3,5656,183.1
Jagatpura,"Plot No. 279, Jagatpura, Jaipur, Rajasthan",11.79,5.5,9,4,4747,203.94
Kalwar Road,"Plot No. 498, Kalwar Road, Jaipur, Rajasthan",8.86,5.6,6,3,6593,166.18
Kalwar Road,"Plot No. 28, Kalwar Road, Jaipur, Rajasthan",6.95,6.5,6,4,5475,141.13
Civil Lines,"Plot No. 235, Civil Lines, Jaipur, Rajasthan",22.44,6.8,6,3,8552,245.24
Jagatpura,"Plot No. 367, Jagatpura, Jaipur, Rajasthan",10.47,5.0,6,2,3645,157.28
Tonk Road,"Plot No. 313, Tonk Road, Jaipur, Rajasthan",10.44,5.6,4,2,2669,125.39
Ajmer Road,"Plot No. 26, Ajmer Road, Jaipur, Rajasthan",9.87,5.4,7,2,9177,186.69
Jagatpura,"Plot No. 409, Jagatpura, Jaipur, Rajasthan",10.31,4.5,6,2,8065,173.42
Ajmer Road,"Plot No. 54, Ajmer Road, Jaipur, Rajasthan",9.22,5.7,7,4,3331,169.77
Kalwar Road,"Plot No. 29, Kalwar Road, Jaipur, Rajasthan",7.04,6.7,8,3,8814,187.94
Vidyadhar Nagar,"Plot No. 467, Vidyadhar Nagar, Jaipur, Rajasthan",8.73,6.2,9,3,7336,206.73
C-Scheme,"Plot No. 353, C-Scheme, Jaipur, Rajasthan",19.39,5.5,8,4,7969,237.28
Civil Lines,"Plot No. 164, Civil Lines, Jaipur, Rajasthan",28.94,6.8,7,4,6934,275.25
Pratap Nagar,"Plot No. 270, Pratap Nagar, Jaipur, Rajasthan",4.5,6.2,7,4,7553,167.5
Tonk Road,"Plot No. 334, Tonk Road, Jaipur, Rajasthan",9.47,6.2,7,3,5622,169.27
Kalwar Road,"Plot No. 35, Kalwar Road, Jaipur, Rajasthan",4.7,7.1,7,3,8016,162.57
Jagatpura,"Plot No. 286, Jagatpura, Jaipur, Rajasthan",10.7,4.3,7,3,6937,197.4
Ajmer Road,"Plot No. 348, Ajmer Road, Jaipur, Rajasthan",12.29,7.5,7,4,6270,192.48
Vidyadhar Nagar,"Plot No. 273, Vidyadhar Nagar, Jaipur, Rajasthan",7.7,5.7,6,2,6707,150.19
Civil Lines,"Plot No. 451, Civil Lines, Jaipur, Rajasthan",16.82,6.9,7,2,4578,199.85
Ajmer Road,"Plot No. 208, Ajmer Road, Jaipur, Rajasthan",13.57,4.9,9,3,7652,220.76
Nirman Nagar,"Plot No. 238, Nirman Nagar, Jaipur, Rajasthan",12.04,8.2,7,6,4159,182.51
Jagatpura,"Plot No. 414, Jagatpura, Jaipur, Rajasthan",13.63,6.4,7,2,7587,205.19
Civil Lines,"Plot No. 93, Civil Lines, Jaipur, Rajasthan",16.13,6.1,7,3,6813,220.47
Pratap Nagar,"Plot No. 173, Pratap Nagar, Jaipur, Rajasthan",4.79,6.9,5,3,7009,123.08
Mansarovar,"Plot No. 79, Mansarovar, Jaipur, Rajasthan",12.82,7.1,7,5,7085,193.77
Mansarovar,"Plot No. 110, Mansarovar, Jaipur, Rajasthan",11.39,5.5,6,3,5573,163.37
Mansarovar,"Plot No. 217, Mansarovar, Jaipur, Rajasthan",10.39,6.6,8,5,7406,195.01
Nirman Nagar,"Plot No. 435, Nirman Nagar, Jaipur, Rajasthan",14.57,5.6,7,2,8368,205.61
Tonk Road,"Plot No. 358, Tonk Road, Jaipur, Rajasthan",9.37,6.2,6,2,4930,153.9
Civil Lines,"Plot No. 106, Civil Lines, Jaipur, Rajasthan",23.34,4.9,9,4,11260,300.37
Malviya Nagar,"Plot No. 47, Malviya Nagar, Jaipur, Rajasthan",19.96,6.2,9,4,6621,245.83
Malviya Nagar,"Plot No. 181, Malviya Nagar, Jaipur, Rajasthan",16.53,6.6,8,4,8727,233.55
C-Scheme,"Plot No. 64, C-Scheme, Jaipur, Rajasthan",29.92,4.1,7,2,8409,296.94
Ajmer Road,"Plot No. 246, Ajmer Road, Jaipur, Rajasthan",13.38,5.7,6,3,8131,203.3
Jagatpura,"Plot No. 244, Jagatpura, Jaipur, Rajasthan",14.33,6.9,6,3,6328,182.09
Mansarovar,"Plot No. 422, Mansarovar, Jaipur, Rajasthan",11.24,5.2,8,3,10936,230.54
C-Scheme,"Plot No. 320, C-Scheme, Jaipur, Rajasthan",16.6,5.5,7,2,9607,223.69
Kalwar Road,"Plot No. 87, Kalwar Road, Jaipur, Rajasthan",8.03,6.1,8,4,7546,186.39
Jhotwara,"Plot No. 217, Jhotwara, Jaipur, Rajasthan",6.59,6.2,8,6,5588,178.83
Civil Lines,"Plot No. 490, Civil Lines, Jaipur, Rajasthan",27.74,4.9,7,3,3853,259.79
Civil Lines,"Plot No. 7, Civil Lines, Jaipur, Rajasthan",25.16,6.4,7,3,7600,265.32
Mansarovar,"Plot No. 278, Mansarovar, Jaipur, Rajasthan",9.34,4.2,8,3,5110,191.09
Vaishali Nagar,"Plot No. 337, Vaishali Nagar, Jaipur, Rajasthan",29.55,6.3,8,5,3573,265.96
Sangeener,"Plot No. 210, Sangeener, Jaipur, Rajasthan",4.67,6.3,6,3,8164,151.96
Tonk Road,"Plot No. 497, Tonk Road, Jaipur, Rajasthan",9.2,6.8,6,2,10229,179.81
Mansarovar,"Plot No. 169, Mansarovar, Jaipur, Rajasthan",9.78,4.5,9,6,11116,227.97
Sangeener,"Plot No. 330, Sangeener, Jaipur, Rajasthan",5.61,7.0,7,2,8283,159.92
Civil Lines,"Plot No. 138, Civil Lines, Jaipur, Rajasthan",20.38,4.8,7,2,8669,239.28
Civil Lines,"Plot No. 441, Civil Lines, Jaipur, Rajasthan",22.8,5.4,9,5,6653,274.76
Nirman Nagar,"Plot No. 391, Nirman Nagar, Jaipur, Rajasthan",14.86,6.8,6,2,5914,195.65
Malviya Nagar,"Plot No. 496, Malviya Nagar, Jaipur, Rajasthan",23.39,7.3,7,6,6676,245.91
Pratap Nagar,"Plot No. 381, Pratap Nagar, Jaipur, Rajasthan",4.9,6.1,7,2,7682,161.75
Vaishali Nagar,"Plot No. 306, Vaishali Nagar, Jaipur, Rajasthan",26.14,5.4,7,5,7390,267.58
Ajmer Road,"Plot No. 230, Ajmer Road, Jaipur, Rajasthan",14.34,6.7,6,3,7714,196.53
Jagatpura,"Plot No. 475, Jagatpura, Jaipur, Rajasthan",15.43,5.1,8,3,4019,217.18
Jagatpura,"Plot No. 308, Jagatpura, Jaipur, Rajasthan",13.88,5.3,7,4,9053,206.74
Nirman Nagar,"Plot No. 161, Nirman Nagar, Jaipur, Rajasthan",15.18,6.8,8,3,7844,221.86
Kalwar Road,"Plot No. 1, Kalwar Road, Jaipur, Rajasthan",7.67,4.9,6,2,10544,187.55
Raja Park,"Plot No. 236, Raja Park, Jaipur, Rajasthan",20.35,5.7,8,6,8754,262.19
Ajmer Road,"Plot No. 437, Ajmer Road, Jaipur, Rajasthan",14.2,5.9,8,6,4727,203.85
Vidyadhar Nagar,"Plot No. 188, Vidyadhar Nagar, Jaipur, Rajasthan",5.72,6.4,5,4,7502,133.06
Civil Lines,"Plot No. 418, Civil Lines, Jaipur, Rajasthan",25.81,7.6,6,2,10472,268.15
Kalwar Road,"Plot No. 4, Kalwar Road, Jaipur, Rajasthan",5.03,7.8,9,4,8712,190.71
Malviya Nagar,"Plot No. 401, Malviya Nagar, Jaipur, Rajasthan",26.82,5.3,8,3,6459,279.54
Sangeener,"Plot No. 132, Sangeener, Jaipur, Rajasthan",5.48,5.9,6,4,5934,143.37
C-Scheme,"Plot No. 427, C-Scheme, Jaipur, Rajasthan",26.98,6.3,7,6,7599,261.13
Tonk Road,"Plot No. 218, Tonk Road, Jaipur, Rajasthan",11.31,6.4,8,4,7869,195.51
Malviya Nagar,"Plot No. 260, Malviya Nagar, Jaipur, Rajasthan",17.15,7.0,7,4,7459,219.3
Civil Lines,"Plot No. 1, Civil Lines, Jaipur, Rajasthan",26.72,7.1,7,4,9850,269.08
Pratap Nagar,"Plot No. 71, Pratap Nagar, Jaipur, Rajasthan",5.92,8.3,6,4,3651,124.96
Mansarovar,"Plot No. 478, Mansarovar, Jaipur, Rajasthan",12.99,5.7,7,4,6232,192.69
Ajmer Road,"Plot No. 178, Ajmer Road, Jaipur, Rajasthan",10.43,6.3,6,4,5785,165.38
Sangeener,"Plot No. 457, Sangeener, Jaipur, Rajasthan",8.25,5.2,6,2,6617,157.37
Ajmer Road,"Plot No. 189, Ajmer Road, Jaipur, Rajasthan",13.36,6.8,7,3,4524,178.19
Kalwar Road,"Plot No. 291, Kalwar Road, Jaipur, Rajasthan",4.77,7.2,8,5,5562,169.81
Civil Lines,"Plot No. 8, Civil Lines, Jaipur, Rajasthan",23.38,6.1,9,3,10494,281.18
Jhotwara,"Plot No. 253, Jhotwara, Jaipur, Rajasthan",5.41,5.3,7,4,6442,156.24
Jagatpura,"Plot No. 408, Jagatpura, Jaipur, Rajasthan",14.77,6.2,6,3,11651,212.95
Malviya Nagar,"Plot No. 467, Malviya Nagar, Jaipur, Rajasthan",28.85,7.3,8,4,8654,299.13
Civil Lines,"Plot No. 292, Civil Lines, Jaipur, Rajasthan",18.76,5.9,7,5,6976,223.28
Raja Park,"Plot No. 434, Raja Park, Jaipur, Rajasthan",29.78,6.1,7,6,5391,262.23
Jhotwara,"Plot No. 244, Jhotwara, Jaipur, Rajasthan",4.72,5.9,7,3,4947,137.75
Ajmer Road,"Plot No. 123, Ajmer Road, Jaipur, Rajasthan",9.7,5.5,6,3,5769,168.59
Jhotwara,"Plot No. 299, Jhotwara, Jaipur, Rajasthan",8.49,6.3,8,4,6715,190.17
Jagatpura,"Plot No. 283, Jagatpura, Jaipur, Rajasthan",12.12,6.5,6,3,8663,187.1
Jagatpura,"Plot No. 32, Jagatpura, Jaipur, Rajasthan",14.34,5.6,6,3,7354,186.73
Pratap Nagar,"Plot No. 334, Pratap Nagar, Jaipur, Rajasthan",8.6,5.8,7,6,4650,162.26
Sangeener,"Plot No. 377, Sangeener, Jaipur, Rajasthan",5.14,5.7,7,3,9835,176.09
Kalwar Road,"Plot No. 146, Kalwar Road, Jaipur, Rajasthan",5.78,5.7,7,5,9007,177.31
Nirman Nagar,"Plot No. 156, Nirman Nagar, Jaipur, Rajasthan",15.61,6.2,7,4,5405,193.22
Pratap Nagar,"Plot No. 413, Pratap Nagar, Jaipur, Rajasthan",4.63,4.7,8,5,8023,177.42
Pratap Nagar,"Plot No. 16, Pratap Nagar, Jaipur, Rajasthan",4.66,5.1,7,5,7296,155.72
Nirman Nagar,"Plot No. 355, Nirman Nagar, Jaipur, Rajasthan",13.76,6.3,6,3,4134,176.61
Nirman Nagar,"Plot No. 47, Nirman Nagar, Jaipur, Rajasthan",11.92,6.5,7,3,10323,211.04
Tonk Road,"Plot No. 251, Tonk Road, Jaipur, Rajasthan",15.37,7.1,7,4,7136,216.02
Raja Park,"Plot No. 187, Raja Park, Jaipur, Rajasthan",19.93,6.2,7,5,5854,222.84
Nirman Nagar,"Plot No. 31, Nirman Nagar, Jaipur, Rajasthan",14.54,7.4,7,3,7039,203.64
Raja Park,"Plot No. 260, Raja Park, Jaipur, Rajasthan",24.18,5.7,7,3,8190,252.83
Tonk Road,"Plot No. 421, Tonk Road, Jaipur, Rajasthan",11.24,6.6,7,4,5660,177.08
Vidyadhar Nagar,"Plot No. 17, Vidyadhar Nagar, Jaipur, Rajasthan",4.95,7.1,8,5,4716,148.61
Raja Park,"Plot No. 39, Raja Park, Jaipur, Rajasthan",26.23,6.5,6,2,5777,237.76
Jagatpura,"Plot No. 304, Jagatpura, Jaipur, Rajasthan",14.79,6.5,6,3,5179,175.41
Sangeener,"Plot No. 430, Sangeener, Jaipur, Rajasthan",4.81,5.1,9,5,6828,191.86
Jagatpura,"Plot No. 474, Jagatpura, Jaipur, Rajasthan",11.78,5.6,7,4,5450,186.88
Jagatpura,"Plot No. 432, Jagatpura, Jaipur, Rajasthan",15.53,5.1,6,4,3334,174.03
Jagatpura,"Plot No. 39, Jagatpura, Jaipur, Rajasthan",10.7,5.8,6,3,9364,178.82
Civil Lines,"Plot No. 489, Civil Lines, Jaipur, Rajasthan",22.14,6.4,7,2,5026,228.2
Tonk Road,"Plot No. 132, Tonk Road, Jaipur, Rajasthan",13.22,5.3,7,5,11482,218.07
Jhotwara,"Plot No. 30, Jhotwara, Jaipur, Rajasthan",5.26,6.9,6,4,5786,136.41
Tonk Road,"Plot No. 158, Tonk Road, Jaipur, Rajasthan",9.01,6.7,7,4,4598,164.55
Ajmer Road,"Plot No. 278, Ajmer Road, Jaipur, Rajasthan",12.08,4.4,7,6,7241,204.85
Sangeener,"Plot No. 203, Sangeener, Jaipur, Rajasthan",7.91,6.4,7,4,7563,176.54
Raja Park,"Plot No. 66, Raja Park, Jaipur, Rajasthan",28.67,8.5,7,6,6687,267.73
Kalwar Road,"Plot No. 108, Kalwar Road, Jaipur, Rajasthan",6.41,6.7,6,3,5961,153.65
Civil Lines,"Plot No. 268, Civil Lines, Jaipur, Rajasthan",20.85,7.0,7,2,9920,238.26
Mansarovar,"Plot No. 222, Mansarovar, Jaipur, Rajasthan",13.24,6.5,7,2,8403,198.76
Raja Park,"Plot No. 292, Raja Park, Jaipur, Rajasthan",20.99,7.5,8,6,9104,255.95
Kalwar Road,"Plot No. 18, Kalwar Road, Jaipur, Rajasthan",7.43,6.8,6,3,2741,140.28
Sangeener,"Plot No. 90, Sangeener, Jaipur, Rajasthan",8.06,6.0,8,6,5761,179.19
Sangeener,"Plot No. 181, Sangeener, Jaipur, Rajasthan",7.26,5.9,6,2,8764,160.09
Raja Park,"Plot No. 255, Raja Park, Jaipur, Rajasthan",22.39,7.1,5,3,8737,234.11
Mansarovar,"Plot No. 455, Mansarovar, Jaipur, Rajasthan",14.59,6.0,7,3,8374,208.48
Ajmer Road,"Plot No. 253, Ajmer Road, Jaipur, Rajasthan",12.82,6.6,8,3,8847,222.64
Raja Park,"Plot No. 257, Raja Park, Jaipur, Rajasthan",29.74,7.4,6,2,6769,270.33
Pratap Nagar,"Plot No. 383, Pratap Nagar, Jaipur, Rajasthan",7.49,5.3,6,4,6177,152.82
Jagatpura,"Plot No. 442, Jagatpura, Jaipur, Rajasthan",13.17,7.1,6,4,7410,193.52
Kalwar Road,"Plot No. 346, Kalwar Road, Jaipur, Rajasthan",4.51,7.0,6,3,8557,155.15
Tonk Road,"Plot No. 87, Tonk Road, Jaipur, Rajasthan",14.68,6.4,7,4,7772,216.81
Vaishali Nagar,"Plot No. 90, Vaishali Nagar, Jaipur, Rajasthan",22.6,4.5,7,5,10846,259.99
Jagatpura,"Plot No. 237, Jagatpura, Jaipur, Rajasthan",13.41,6.4,7,2,8242,213.6
Jhotwara,"Plot No. 390, Jhotwara, Jaipur, Rajasthan",5.68,5.3,7,4,6170,150.47
Nirman Nagar,"Plot No. 70, Nirman Nagar, Jaipur, Rajasthan",9.41,4.8,9,4,5003,201.86
Kalwar Road,"Plot No. 44, Kalwar Road, Jaipur, Rajasthan",6.59,5.4,5,3,6684,140.67
Civil Lines,"Plot No. 200, Civil Lines, Jaipur, Rajasthan",17.58,7.7,5,4,8017,191.48
Ajmer Road,"Plot No. 152, Ajmer Road, Jaipur, Rajasthan",10.77,5.8,8,3,9934,205.25
Nirman Nagar,"Plot No. 86, Nirman Nagar, Jaipur, Rajasthan",9.37,5.6,7,6,5818,172.46
Nirman Nagar,"Plot No. 19, Nirman Nagar, Jaipur, Rajasthan",15.66,6.6,7,4,6342,203.76
Malviya Nagar,"Plot No. 101, Malviya Nagar, Jaipur, Rajasthan",28.41,5.0,6,2,12593,283.43
Civil Lines,"Plot No. 402, Civil Lines, Jaipur, Rajasthan",19.68,5.4,7,3,3058,204.96
Mansarovar,"Plot No. 95, Mansarovar, Jaipur, Rajasthan",14.85,5.8,6,2,7498,195.06
Tonk Road,"Plot No. 254, Tonk Road, Jaipur, Rajasthan",12.31,5.6,7,2,7445,195.12
Nirman Nagar,"Plot No. 357, Nirman Nagar, Jaipur, Rajasthan",15.38,8.2,8,5,8935,226.05
Jhotwara,"Plot No. 30, Jhotwara, Jaipur, Rajasthan",8.4,6.4,8,5,9604,207.12
Mansarovar,"Plot No. 249, Mansarovar, Jaipur, Rajasthan",12.47,7.1,8,6,5253,198.7
Sangeener,"Plot No. 426, Sangeener, Jaipur, Rajasthan",5.22,7.5,7,6,4328,134.85
Mansarovar,"Plot No. 33, Mansarovar, Jaipur, Rajasthan",13.54,6.4,6,3,6230,183.92
Malviya Nagar,"Plot No. 458, Malviya Nagar, Jaipur, Rajasthan",28.81,5.8,6,2,10070,282.19
Nirman Nagar,"Plot No. 229, Nirman Nagar, Jaipur, Rajasthan",15.02,5.4,7,5,6824,198.24
Pratap Nagar,"Plot No. 12, Pratap Nagar, Jaipur, Rajasthan",6.16,6.0,8,4,4823,164.14
Jhotwara,"Plot No. 118, Jhotwara, Jaipur, Rajasthan",7.22,7.8,7,4,4179,151.88
Jhotwara,"Plot No. 350, Jhotwara, Jaipur, Rajasthan",8.36,4.9,8,6,6552,195.62
Mansarovar,"Plot No. 155, Mansarovar, Jaipur, Rajasthan",14.36,7.9,7,3,7165,201.42
Jagatpura,"Plot No. 423, Jagatpura, Jaipur, Rajasthan",13.96,6.1,6,4,10277,211.24
Malviya Nagar,"Plot No. 393, Malviya Nagar, Jaipur, Rajasthan",28.64,6.0,6,3,4486,243.96
Civil Lines,"Plot No. 246, Civil Lines, Jaipur, Rajasthan",28.21,5.7,8,5,5138,279.13
Sangeener,"Plot No. 405, Sangeener, Jaipur, Rajasthan",4.57,5.6,8,5,7790,169.94
Jagatpura,"Plot No. 332, Jagatpura, Jaipur, Rajasthan",14.95,5.9,7,2,3437,187.7
Vidyadhar Nagar,"Plot No. 247, Vidyadhar Nagar, Jaipur, Rajasthan",5.55,5.8,8,5,8981,183.43
Vidyadhar Nagar,"Plot No. 29, Vidyadhar Nagar, Jaipur, Rajasthan",4.51,7.6,7,5,5561,155.58
Vaishali Nagar,"Plot No. 161, Vaishali Nagar, Jaipur, Rajasthan",17.5,7.9,7,4,5554,199.99
Civil Lines,"Plot No. 235, Civil Lines, Jaipur, Rajasthan",17.42,7.1,7,3,8487,218.34
Vaishali Nagar,"Plot No. 190, Vaishali Nagar, Jaipur, Rajasthan",16.16,7.4,7,4,8984,224.5
Sangeener,"Plot No. 117, Sangeener, Jaipur, Rajasthan",5.66,5.7,8,5,6896,175.65
Jagatpura,"Plot No. 271, Jagatpura, Jaipur, Rajasthan",10.17,6.7,7,5,7326,179.43
Vidyadhar Nagar,"Plot No. 258, Vidyadhar Nagar, Jaipur, Rajasthan",5.36,4.4,8,3,9548,183.65
Jhotwara,"Plot No. 180, Jhotwara, Jaipur, Rajasthan",8.2,7.8,7,5,9227,180.14
Pratap Nagar,"Plot No. 487, Pratap Nagar, Jaipur, Rajasthan",5.25,6.2,9,6,8435,190.08
Kalwar Road,"Plot No. 373, Kalwar Road, Jaipur, Rajasthan",6.97,7.2,5,4,8767,157.85
Vaishali Nagar,"Plot No. 172, Vaishali Nagar, Jaipur, Rajasthan",28.02,6.7,6,2,5114,237.29
Nirman Nagar,"Plot No. 438, Nirman Nagar, Jaipur, Rajasthan",12.22,6.6,4,2,6692,163.18
Civil Lines,"Plot No. 274, Civil Lines, Jaipur, Rajasthan",23.97,6.3,8,3,8304,266.39
Vidyadhar Nagar,"Plot No. 259, Vidyadhar Nagar, Jaipur, Rajasthan",8.47,5.8,7,3,8465,177.89
Pratap Nagar,"Plot No. 135, Pratap Nagar, Jaipur, Rajasthan",6.25,4.9,6,4,3832,138.98
Civil Lines,"Plot No. 171, Civil Lines, Jaipur, Rajasthan",17.02,4.7,7,3,10104,237.36
Civil Lines,"Plot No. 210, Civil Lines, Jaipur, Rajasthan",26.71,6.7,5,2,7043,229.27
Pratap Nagar,"Plot No. 236, Pratap Nagar, Jaipur, Rajasthan",7.59,6.5,9,3,9212,210.06
C-Scheme,"Plot No. 422, C-Scheme, Jaipur, Rajasthan",28.43,5.3,7,6,5070,268.08
Mansarovar,"Plot No. 421, Mansarovar, Jaipur, Rajasthan",9.23,5.6,8,4,6754,184.0
Vidyadhar Nagar,"Plot No. 186, Vidyadhar Nagar, Jaipur, Rajasthan",5.24,7.0,8,6,9901,178.51
Jhotwara,"Plot No. 417, Jhotwara, Jaipur, Rajasthan",5.02,4.0,7,3,7431,158.33
Nirman Nagar,"Plot No. 364, Nirman Nagar, Jaipur, Rajasthan",12.65,7.6,7,3,7085,199.68
Jagatpura,"Plot No. 443, Jagatpura, Jaipur, Rajasthan",14.26,4.7,8,3,6109,208.38
Jagatpura,"Plot No. 95, Jagatpura, Jaipur, Rajasthan",9.27,6.8,7,3,4315,170.79
Vidyadhar Nagar,"Plot No. 378, Vidyadhar Nagar, Jaipur, Rajasthan",5.61,5.5,7,3,8116,169.07
Nirman Nagar,"Plot No. 11, Nirman Nagar, Jaipur, Rajasthan",9.66,5.9,5,4,5686,156.29
Nirman Nagar,"Plot No. 68, Nirman Nagar, Jaipur, Rajasthan",13.65,5.8,6,2,7001,189.9
Kalwar Road,"Plot No. 379, Kalwar Road, Jaipur, Rajasthan",6.26,5.8,7,3,6260,158.36
Vaishali Nagar,"Plot No. 210, Vaishali Nagar, Jaipur, Rajasthan",27.56,7.1,9,3,7524,300.47
Jhotwara,"Plot No. 196, Jhotwara, Jaipur, Rajasthan",5.62,6.8,6,3,6247,149.32
C-Scheme,"Plot No. 369, C-Scheme, Jaipur, Rajasthan",22.72,7.2,7,5,5560,234.74
Kalwar Road,"Plot No. 98, Kalwar Road, Jaipur, Rajasthan",6.66,4.7,5,3,6502,145.18
Sangeener,"Plot No. 93, Sangeener, Jaipur, Rajasthan",8.4,6.2,9,6,6080,196.74
Sangeener,"Plot No. 472, Sangeener, Jaipur, Rajasthan",5.52,5.0,7,3,6693,158.62
C-Scheme,"Plot No. 22, C-Scheme, Jaipur, Rajasthan",22.16,8.2,7,6,5791,230.5
Malviya Nagar,"Plot No. 450, Malviya Nagar, Jaipur, Rajasthan",27.66,7.0,7,2,6959,262.43
Tonk Road,"Plot No. 172, Tonk Road, Jaipur, Rajasthan",11.59,5.5,6,2,7068,189.71
C-Scheme,"Plot No. 383, C-Scheme, Jaipur, Rajasthan",24.8,6.0,6,2,8264,249.96
Ajmer Road,"Plot No. 134, Ajmer Road, Jaipur, Rajasthan",13.79,6.4,8,6,7933,209.1
Jhotwara,"Plot No. 426, Jhotwara, Jaipur, Rajasthan",5.37,5.1,6,4,9668,163.85
Ajmer Road,"Plot No. 25, Ajmer Road, Jaipur, Rajasthan",12.94,3.4,6,2,10125,195.64
Pratap Nagar,"Plot No. 185, Pratap Nagar, Jaipur, Rajasthan",7.28,4.2,8,5,6232,176.58
Tonk Road,"Plot No. 85, Tonk Road, Jaipur, Rajasthan",11.07,5.7,6,2,9513,188.07
Jagatpura,"Plot No. 55, Jagatpura, Jaipur, Rajasthan",15.83,5.4,8,6,3409,206.61
Jhotwara,"Plot No. 251, Jhotwara, Jaipur, Rajasthan",8.18,6.7,7,5,4677,171.12
Pratap Nagar,"Plot No. 144, Pratap Nagar, Jaipur, Rajasthan",6.7,5.4,7,5,8255,183.98
Nirman Nagar,"Plot No. 351, Nirman Nagar, Jaipur, Rajasthan",12.01,5.9,6,3,7429,174.9
C-Scheme,"Plot No. 398, C-Scheme, Jaipur, Rajasthan",20.57,5.6,8,3,7452,249.36
Vidyadhar Nagar,"Plot No. 167, Vidyadhar Nagar, Jaipur, Rajasthan",8.04,3.8,8,5,11692,218.69
Vidyadhar Nagar,"Plot No. 412, Vidyadhar Nagar, Jaipur, Rajasthan",7.31,5.8,6,2,6921,152.75
Raja Park,"Plot No. 224, Raja Park, Jaipur, Rajasthan",16.68,7.3,8,4,7601,233.13
Mansarovar,"Plot No. 220, Mansarovar, Jaipur, Rajasthan",14.46,5.5,8,3,8781,233.64
Mansarovar,"Plot No. 179, Mansarovar, Jaipur, Rajasthan",13.47,6.1,8,3,7620,217.86
Mansarovar,"Plot No. 119, Mansarovar, Jaipur, Rajasthan",12.93,6.3,6,2,9622,194.28
C-Scheme,"Plot No. 433, C-Scheme, Jaipur, Rajasthan",17.77,5.6,5,2,6945,205.08
Tonk Road,"Plot No. 265, Tonk Road, Jaipur, Rajasthan",14.78,6.8,7,2,6523,210.03
Tonk Road,"Plot No. 442, Tonk Road, Jaipur, Rajasthan",15.63,6.1,6,2,5102,192.7
Sangeener,"Plot No. 429, Sangeener, Jaipur, Rajasthan",6.14,5.2,8,3,8368,181.79
Ajmer Road,"Plot No. 150, Ajmer Road, Jaipur, Rajasthan",9.54,5.9,7,2,8144,192.5
Jagatpura,"Plot No. 416, Jagatpura, Jaipur, Rajasthan",15.1,4.9,7,4,5027,195.59
Jagatpura,"Plot No. 453, Jagatpura, Jaipur, Rajasthan",14.63,6.5,7,4,5626,192.66
Kalwar Road,"Plot No. 215, Kalwar Road, Jaipur, Rajasthan",8.73,6.8,8,3,5594,180.97
Mansarovar,"Plot No. 197, Mansarovar, Jaipur, Rajasthan",15.52,5.6,7,4,6217,216.12
Tonk Road,"Plot No. 42, Tonk Road, Jaipur, Rajasthan",13.46,6.0,7,3,4761,194.5
Vaishali Nagar,"Plot No. 53, Vaishali Nagar, Jaipur, Rajasthan",16.71,6.4,7,5,8767,228.04
Pratap Nagar,"Plot No. 480, Pratap Nagar, Jaipur, Rajasthan",4.98,5.6,8,4,5800,164.54
Pratap Nagar,"Plot No. 443, Pratap Nagar, Jaipur, Rajasthan",5.67,6.0,7,2,9405,170.48
Kalwar Road,"Plot No. 330, Kalwar Road, Jaipur, Rajasthan",5.64,5.4,7,4,8042,175.3
C-Scheme,"Plot No. 251, C-Scheme, Jaipur, Rajasthan",27.55,4.7,7,2,6568,268.38
Vaishali Nagar,"Plot No. 295, Vaishali Nagar, Jaipur, Rajasthan",27.99,5.4,6,4,5131,255.17
Sangeener,"Plot No. 378, Sangeener, Jaipur, Rajasthan",6.41,4.0,8,5,6219,176.62
Vaishali Nagar,"Plot No. 271, Vaishali Nagar, Jaipur, Rajasthan",29.3,5.4,8,6,7982,298.53
Raja Park,"Plot No. 455, Raja Park, Jaipur, Rajasthan",23.77,5.9,8,3,6207,264.64
Ajmer Road,"Plot No. 413, Ajmer Road, Jaipur, Rajasthan",15.13,3.7,5,2,7837,189.09
Civil Lines,"Plot No. 123, Civil Lines, Jaipur, Rajasthan",29.47,5.1,7,2,5045,258.3
C-Scheme,"Plot No. 367, C-Scheme, Jaipur, Rajasthan",23.66,4.6,6,2,7338,235.46
Pratap Nagar,"Plot No. 387, Pratap Nagar, Jaipur, Rajasthan",6.55,7.0,7,4,10170,189.09
Mansarovar,"Plot No. 339, Mansarovar, Jaipur, Rajasthan",10.45,5.3,8,6,6042,197.17
Nirman Nagar,"Plot No. 266, Nirman Nagar, Jaipur, Rajasthan",15.77,7.8,6,3,4764,189.56
Tonk Road,"Plot No. 348, Tonk Road, Jaipur, Rajasthan",13.84,5.5,6,4,7615,189.76
Vidyadhar Nagar,"Plot No. 29, Vidyadhar Nagar, Jaipur, Rajasthan",4.66,5.0,7,3,5031,153.05
Vidyadhar Nagar,"Plot No. 463, Vidyadhar Nagar, Jaipur, Rajasthan",8.09,4.9,7,2,7492,180.87
Tonk Road,"Plot No. 35, Tonk Road, Jaipur, Rajasthan",15.59,5.8,6,4,10313,208.26
Jagatpura,"Plot No. 6, Jagatpura, Jaipur, Rajasthan",10.42,5.6,6,2,5426,175.12
Vidyadhar Nagar,"Plot No. 396, Vidyadhar Nagar, Jaipur, Rajasthan",6.6,6.1,8,3,8647,183.85
Raja Park,"Plot No. 111, Raja Park, Jaipur, Rajasthan",20.1,5.0,9,5,8551,261.32
Raja Park,"Plot No. 294, Raja Park, Jaipur, Rajasthan",21.23,5.7,6,3,8789,231.68
Jhotwara,"Plot No. 77, Jhotwara, Jaipur, Rajasthan",7.13,7.3,8,3,4471,158.46
Vidyadhar Nagar,"Plot No. 349, Vidyadhar Nagar, Jaipur, Rajasthan",5.8,6.9,6,2,9968,166.83
Malviya Nagar,"Plot No. 147, Malviya Nagar, Jaipur, Rajasthan",19.59,6.6,8,4,8101,240.41
Tonk Road,"Plot No. 67, Tonk Road, Jaipur, Rajasthan",11.26,7.8,7,2,6821,191.52
Nirman Nagar,"Plot No. 392, Nirman Nagar, Jaipur, Rajasthan",11.92,6.0,9,4,6332,210.76
C-Scheme,"Plot No. 8, C-Scheme, Jaipur, Rajasthan",21.63,5.4,5,3,6540,212.6
Pratap Nagar,"Plot No. 122, Pratap Nagar, Jaipur, Rajasthan",6.24,4.6,7,3,7451,172.24
Sangeener,"Plot No. 340, Sangeener, Jaipur, Rajasthan",7.66,5.4,7,5,10277,194.29
Vidyadhar Nagar,"Plot No. 175, Vidyadhar Nagar, Jaipur, Rajasthan",8.63,5.2,8,3,7213,185.31
Malviya Nagar,"Plot No. 388, Malviya Nagar, Jaipur, Rajasthan",19.7,6.2,8,5,9085,261.01
Pratap Nagar,"Plot No. 179, Pratap Nagar, Jaipur, Rajasthan",6.32,5.3,7,3,4816,157.91
Pratap Nagar,"Plot No. 85, Pratap Nagar, Jaipur, Rajasthan",7.0,5.5,7,3,4980,149.36
C-Scheme,"Plot No. 451, C-Scheme, Jaipur, Rajasthan",29.62,6.1,7,4,7456,277.62
Kalwar Road,"Plot No. 45, Kalwar Road, Jaipur, Rajasthan",7.07,5.9,6,3,10291,172.28
C-Scheme,"Plot No. 136, C-Scheme, Jaipur, Rajasthan",17.68,4.1,9,4,8386,259.83
Pratap Nagar,"Plot No. 343, Pratap Nagar, Jaipur, Rajasthan",7.57,6.3,5,4,9625,156.11
Civil Lines,"Plot No. 16, Civil Lines, Jaipur, Rajasthan",28.15,6.6,6,2,6622,251.95
Jhotwara,"Plot No. 333, Jhotwara, Jaipur, Rajasthan",4.56,6.3,8,6,8270,166.2
Civil Lines,"Plot No. 195, Civil Lines, Jaipur, Rajasthan",24.51,8.2,8,5,7917,261.6
Vaishali Nagar,"Plot No. 496, Vaishali Nagar, Jaipur, Rajasthan",21.64,6.6,7,2,6721,240.92
Raja Park,"Plot No. 9, Raja Park, Jaipur, Rajasthan",18.91,8.4,7,4,5781,218.77
Sangeener,"Plot No. 316, Sangeener, Jaipur, Rajasthan",8.31,6.1,7,3,8305,172.89
C-Scheme,"Plot No. 334, C-Scheme, Jaipur, Rajasthan",26.4,6.1,7,4,6852,253.12
Jagatpura,"Plot No. 333, Jagatpura, Jaipur, Rajasthan",12.99,7.2,8,6,9784,219.01
Mansarovar,"Plot No. 327, Mansarovar, Jaipur, Rajasthan",13.83,6.0,8,4,8554,226.03
Pratap Nagar,"Plot No. 15, Pratap Nagar, Jaipur, Rajasthan",6.05,5.1,6,3,8895,169.52
Vidyadhar Nagar,"Plot No. 327, Vidyadhar Nagar, Jaipur, Rajasthan",6.66,7.1,7,3,5633,148.78
Jagatpura,"Plot No. 102, Jagatpura, Jaipur, Rajasthan",9.71,6.6,5,4,4387,140.22
Mansarovar,"Plot No. 226, Mansarovar, Jaipur, Rajasthan",9.89,5.4,8,4,7113,194.42
Jhotwara,"Plot No. 425, Jhotwara, Jaipur, Rajasthan",7.66,7.0,8,6,9005,200.52
Jagatpura,"Plot No. 278, Jagatpura, Jaipur, Rajasthan",10.23,6.8,8,3,9198,205.92
Malviya Nagar,"Plot No. 408, Malviya Nagar, Jaipur, Rajasthan",29.9,6.1,6,4,10204,277.78
Nirman Nagar,"Plot No. 113, Nirman Nagar, Jaipur, Rajasthan",14.73,5.8,7,4,10936,223.48
Jhotwara,"Plot No. 485, Jhotwara, Jaipur, Rajasthan",5.28,4.6,6,3,10322,165.78
Sangeener,"Plot No. 428, Sangeener, Jaipur, Rajasthan",5.58,6.9,7,3,9543,176.55
Ajmer Road,"Plot No. 1, Ajmer Road, Jaipur, Rajasthan",10.38,4.7,7,4,5660,170.9
Jhotwara,"Plot No. 266, Jhotwara, Jaipur, Rajasthan",7.67,7.1,5,2,3731,127.61
Jhotwara,"Plot No. 491, Jhotwara, Jaipur, Rajasthan",7.22,5.2,7,4,5053,164.05
Vidyadhar Nagar,"Plot No. 208, Vidyadhar Nagar, Jaipur, Rajasthan",7.56,6.4,8,6,8304,184.87
Pratap Nagar,"Plot No. 110, Pratap Nagar, Jaipur, Rajasthan",5.44,6.6,7,3,6364,158.87
Kalwar Road,"Plot No. 200, Kalwar Road, Jaipur, Rajasthan",7.52,3.6,7,3,10831,191.0
Sangeener,"Plot No. 440, Sangeener, Jaipur, Rajasthan",7.12,7.1,8,3,10049,199.95
Ajmer Road,"Plot No. 369, Ajmer Road, Jaipur, Rajasthan",13.49,8.2,10,4,5359,215.46
C-Scheme,"Plot No. 473, C-Scheme, Jaipur, Rajasthan",24.67,7.2,6,4,8646,256.21
Pratap Nagar,"Plot No. 306, Pratap Nagar, Jaipur, Rajasthan",7.0,4.9,7,2,9854,177.95
Sangeener,"Plot No. 12, Sangeener, Jaipur, Rajasthan",6.67,6.8,6,4,5865,141.31
Tonk Road,"Plot No. 345, Tonk Road, Jaipur, Rajasthan",15.32,5.0,8,5,4530,216.5
Tonk Road,"Plot No. 465, Tonk Road, Jaipur, Rajasthan",15.27,6.4,5,4,9080,201.48
Vidyadhar Nagar,"Plot No. 188, Vidyadhar Nagar, Jaipur, Rajasthan",6.88,6.4,9,4,6584,181.2
Malviya Nagar,"Plot No. 154, Malviya Nagar, Jaipur, Rajasthan",18.27,6.5,6,4,3592,201.08
Raja Park,"Plot No. 494, Raja Park, Jaipur, Rajasthan",29.79,6.7,8,6,8252,290.67
Nirman Nagar,"Plot No. 368, Nirman Nagar, Jaipur, Rajasthan",12.43,5.4,7,6,6297,194.42
Sangeener,"Plot No. 334, Sangeener, Jaipur, Rajasthan",8.38,5.5,7,3,5420,159.45
C-Scheme,"Plot No. 425, C-Scheme, Jaipur, Rajasthan",18.47,4.7,7,3,5987,218.15
Vidyadhar Nagar,"Plot No. 420, Vidyadhar Nagar, Jaipur, Rajasthan",7.27,6.9,8,6,7009,179.61
Vidyadhar Nagar,"Plot No. 377, Vidyadhar Nagar, Jaipur, Rajasthan",7.65,4.2,7,2,6383,173.33
Vaishali Nagar,"Plot No. 279, Vaishali Nagar, Jaipur, Rajasthan",19.28,5.9,6,3,9914,230.77
Nirman Nagar,"Plot No. 171, Nirman Nagar, Jaipur, Rajasthan",11.98,6.3,8,4,9065,213.61
Ajmer Road,"Plot No. 134, Ajmer Road, Jaipur, Rajasthan",10.74,6.3,8,6,9250,218.54
Sangeener,"Plot No. 495, Sangeener, Jaipur, Rajasthan",5.9,4.7,8,3,7489,173.42
Vaishali Nagar,"Plot No. 453, Vaishali Nagar, Jaipur, Rajasthan",18.72,5.3,7,2,6787,218.0
Vaishali Nagar,"Plot No. 427, Vaishali Nagar, Jaipur, Rajasthan",26.24,5.8,9,6,8643,297.74
Mansarovar,"Plot No. 25, Mansarovar, Jaipur, Rajasthan",10.02,4.1,6,4,9040,175.64
Kalwar Road,"Plot No. 18, Kalwar Road, Jaipur, Rajasthan",5.21,4.9,7,4,11253,182.58
Jhotwara,"Plot No. 190, Jhotwara, Jaipur, Rajasthan",4.63,4.5,6,2,5314,138.73
Jhotwara,"Plot No. 141, Jhotwara, Jaipur, Rajasthan",7.72,7.7,8,5,6907,177.24
Pratap Nagar,"Plot No. 43, Pratap Nagar, Jaipur, Rajasthan",5.59,7.4,9,3,9450,204.59
Raja Park,"Plot No. 334, Raja Park, Jaipur, Rajasthan",23.27,5.5,8,5,5951,249.85
Vaishali Nagar,"Plot No. 284, Vaishali Nagar, Jaipur, Rajasthan",20.17,6.5,7,5,4859,216.13
Raja Park,"Plot No. 146, Raja Park, Jaipur, Rajasthan",21.92,5.8,7,3,8491,242.66
C-Scheme,"Plot No. 315, C-Scheme, Jaipur, Rajasthan",20.18,3.6,7,6,8016,233.46
Tonk Road,"Plot No. 444, Tonk Road, Jaipur, Rajasthan",15.45,4.8,8,5,5887,214.68
Jhotwara,"Plot No. 319, Jhotwara, Jaipur, Rajasthan",6.0,5.8,7,2,5325,159.34
Pratap Nagar,"Plot No. 441, Pratap Nagar, Jaipur, Rajasthan",5.02,4.9,6,4,5262,144.9
C-Scheme,"Plot No. 92, C-Scheme, Jaipur, Rajasthan",19.51,5.1,7,2,5035,226.44
Ajmer Road,"Plot No. 179, Ajmer Road, Jaipur, Rajasthan",13.31,5.6,8,6,3275,186.81
Sangeener,"Plot No. 56, Sangeener, Jaipur, Rajasthan",5.12,7.3,6,4,7953,141.1
Jagatpura,"Plot No. 155, Jagatpura, Jaipur, Rajasthan",14.16,5.4,7,5,7214,214.43
Raja Park,"Plot No. 160, Raja Park, Jaipur, Rajasthan",26.89,5.6,7,6,6007,249.99
Vidyadhar Nagar,"Plot No. 111, Vidyadhar Nagar, Jaipur, Rajasthan",7.12,5.2,8,4,8741,200.29
C-Scheme,"Plot No. 137, C-Scheme, Jaipur, Rajasthan",24.12,5.5,6,4,7798,250.09
Jhotwara,"Plot No. 232, Jhotwara, Jaipur, Rajasthan",7.83,7.5,7,3,6223,174.69
Nirman Nagar,"Plot No. 480, Nirman Nagar, Jaipur, Rajasthan",9.11,5.8,7,5,5528,169.41
Raja Park,"Plot No. 468, Raja Park, Jaipur, Rajasthan",28.53,6.8,7,3,6469,262.03
Mansarovar,"Plot No. 220, Mansarovar, Jaipur, Rajasthan",15.06,4.1,6,4,5488,192.71
Sangeener,"Plot No. 481, Sangeener, Jaipur, Rajasthan",7.67,5.4,7,5,8083,182.96
Vidyadhar Nagar,"Plot No. 68, Vidyadhar Nagar, Jaipur, Rajasthan",5.97,5.9,7,4,8293,162.89
Tonk Road,"Plot No. 302, Tonk Road, Jaipur, Rajasthan",15.63,5.1,5,3,6746,192.06
Civil Lines,"Plot No. 249, Civil Lines, Jaipur, Rajasthan",18.56,7.1,6,3,9260,215.91
Pratap Nagar,"Plot No. 482, Pratap Nagar, Jaipur, Rajasthan",6.68,6.0,8,3,7831,183.05
Jhotwara,"Plot No. 496, Jhotwara, Jaipur, Rajasthan",5.15,6.6,8,6,9106,188.48
Jhotwara,"Plot No. 323, Jhotwara, Jaipur, Rajasthan",6.64,8.0,7,4,6640,155.94
Pratap Nagar,"Plot No. 410, Pratap Nagar, Jaipur, Rajasthan",5.12,4.4,7,4,9170,167.66
Civil Lines,"Plot No. 392, Civil Lines, Jaipur, Rajasthan",17.8,5.4,8,3,4312,211.16
Ajmer Road,"Plot No. 6, Ajmer Road, Jaipur, Rajasthan",9.03,6.3,7,2,6003,165.84
Tonk Road,"Plot No. 464, Tonk Road, Jaipur, Rajasthan",10.8,3.3,8,4,6994,195.79
Jagatpura,"Plot No. 280, Jagatpura, Jaipur, Rajasthan",12.71,6.8,6,4,5176,167.76
Tonk Road,"Plot No. 432, Tonk Road, Jaipur, Rajasthan",12.68,6.3,7,4,6315,187.71
Vidyadhar Nagar,"Plot No. 487, Vidyadhar Nagar, Jaipur, Rajasthan",6.48,6.1,7,3,3869,156.6
Pratap Nagar,"Plot No. 94, Pratap Nagar, Jaipur, Rajasthan",7.52,6.3,7,4,4907,168.5
Ajmer Road,"Plot No. 429, Ajmer Road, Jaipur, Rajasthan",12.73,4.4,7,5,7951,201.38
Mansarovar,"Plot No. 269, Mansarovar, Jaipur, Rajasthan",10.31,5.7,6,3,6120,161.1
Kalwar Road,"Plot No. 197, Kalwar Road, Jaipur, Rajasthan",4.78,5.8,8,3,7150,165.47
Raja Park,"Plot No. 25, Raja Park, Jaipur, Rajasthan",22.94,5.9,6,4,8914,247.56
Vidyadhar Nagar,"Plot No. 148, Vidyadhar Nagar, Jaipur, Rajasthan",8.39,6.5,6,4,4402,153.08
Kalwar Road,"Plot No. 118, Kalwar Road, Jaipur, Rajasthan",6.3,6.9,8,6,8243,191.45
Jagatpura,"Plot No. 338, Jagatpura, Jaipur, Rajasthan",9.85,6.9,7,3,5275,162.59
Vidyadhar Nagar,"Plot No. 367, Vidyadhar Nagar, Jaipur, Rajasthan",6.82,7.2,5,2,6774,145.82
Jhotwara,"Plot No. 338, Jhotwara, Jaipur, Rajasthan",6.17,5.9,8,6,7207,177.92
C-Scheme,"Plot No. 66, C-Scheme, Jaipur, Rajasthan",23.23,5.5,7,3,9661,268.61
Vidyadhar Nagar,"Plot No. 458, Vidyadhar Nagar, Jaipur, Rajasthan",6.94,4.6,6,3,7248,161.18
Mansarovar,"Plot No. 301, Mansarovar, Jaipur, Rajasthan",10.23,4.9,6,3,5942,167.4
Tonk Road,"Plot No. 370, Tonk Road, Jaipur, Rajasthan",9.01,5.7,7,4,9161,192.82
Civil Lines,"Plot No. 175, Civil Lines, Jaipur, Rajasthan",20.18,6.1,8,5,5320,241.98
Ajmer Road,"Plot No. 319, Ajmer Road, Jaipur, Rajasthan",13.93,7.3,7,3,6406,192.59
Pratap Nagar,"Plot No. 76, Pratap Nagar, Jaipur, Rajasthan",6.05,6.0,5,3,7237,133.38
Mansarovar,"Plot No. 495, Mansarovar, Jaipur, Rajasthan",12.77,5.3,8,4,9238,219.2
Kalwar Road,"Plot No. 461, Kalwar Road, Jaipur, Rajasthan",5.1,8.4,7,6,4650,138.42
Vidyadhar Nagar,"Plot No. 114, Vidyadhar Nagar, Jaipur, Rajasthan",4.79,6.0,8,6,6410,165.63
Kalwar Road,"Plot No. 111, Kalwar Road, Jaipur, Rajasthan",8.33,5.6,7,2,8526,193.03
Vaishali Nagar,"Plot No. 249, Vaishali Nagar, Jaipur, Rajasthan",18.08,5.5,7,4,7914,228.59
Kalwar Road,"Plot No. 439, Kalwar Road, Jaipur, Rajasthan",5.9,6.2,7,2,5923,161.51
Jhotwara,"Plot No. 203, Jhotwara, Jaipur, Rajasthan",6.72,7.4,7,3,7788,172.65
Ajmer Road,"Plot No. 147, Ajmer Road, Jaipur, Rajasthan",12.84,5.3,6,2,8991,202.05
Vaishali Nagar,"Plot No. 35, Vaishali Nagar, Jaipur, Rajasthan",16.77,5.5,8,6,7007,237.16
Sangeener,"Plot No. 487, Sangeener, Jaipur, Rajasthan",4.81,5.8,7,3,7468,163.9
Pratap Nagar,"Plot No. 309, Pratap Nagar, Jaipur, Rajasthan",7.83,5.6,8,5,8917,194.29
Vidyadhar Nagar,"Plot No. 26, Vidyadhar Nagar, Jaipur, Rajasthan",6.91,5.6,8,4,7877,181.51
Raja Park,"Plot No. 238, Raja Park, Jaipur, Rajasthan",18.57,5.7,8,3,8764,242.61
Pratap Nagar,"Plot No. 14, Pratap Nagar, Jaipur, Rajasthan",8.3,7.0,6,3,5791,151.98
Vidyadhar Nagar,"Plot No. 374, Vidyadhar Nagar, Jaipur, Rajasthan",8.84,6.1,6,4,6326,158.4
Tonk Road,"Plot No. 45, Tonk Road, Jaipur, Rajasthan",11.2,6.5,7,3,5693,185.37
Vaishali Nagar,"Plot No. 428, Vaishali Nagar, Jaipur, Rajasthan",23.29,4.3,7,3,3250,232.35
Mansarovar,"Plot No. 216, Mansarovar, Jaipur, Rajasthan",11.59,7.1,6,2,8909,180.57
Mansarovar,"Plot No. 233, Mansarovar, Jaipur, Rajasthan",15.76,6.7,7,6,10335,235.67
Civil Lines,"Plot No. 193, Civil Lines, Jaipur, Rajasthan",16.49,4.8,8,5,8689,234.95
Sangeener,"Plot No. 51, Sangeener, Jaipur, Rajasthan",6.64,7.8,7,4,4840,154.69
Ajmer Road,"Plot No. 427, Ajmer Road, Jaipur, Rajasthan",9.89,5.8,9,3,4542,198.53
Sangeener,"Plot No. 375, Sangeener, Jaipur, Rajasthan",8.13,4.3,7,4,6664,177.17
Nirman Nagar,"Plot No. 214, Nirman Nagar, Jaipur, Rajasthan",10.06,5.4,7,2,10332,197.07
Sangeener,"Plot No. 151, Sangeener, Jaipur, Rajasthan",6.62,7.5,7,4,7432,172.64
Kalwar Road,"Plot No. 440, Kalwar Road, Jaipur, Rajasthan",5.9,6.1,7,4,6310,151.92
Jagatpura,"Plot No. 275, Jagatpura, Jaipur, Rajasthan",12.98,6.1,8,3,8941,220.24
Civil Lines,"Plot No. 338, Civil Lines, Jaipur, Rajasthan",26.65,7.3,7,4,6652,254.7
Jhotwara,"Plot No. 76, Jhotwara, Jaipur, Rajasthan",6.49,6.7,7,3,8057,172.7
Jagatpura,"Plot No. 439, Jagatpura, Jaipur, Rajasthan",11.9,5.6,7,3,7844,191.3
Vaishali Nagar,"Plot No. 220, Vaishali Nagar, Jaipur, Rajasthan",18.73,6.4,7,3,10039,244.94
Tonk Road,"Plot No. 348, Tonk Road, Jaipur, Rajasthan",14.46,6.8,7,6,2062,173.07
Malviya Nagar,"Plot No. 444, Malviya Nagar, Jaipur, Rajasthan",22.42,5.2,7,3,10023,266.74
Vaishali Nagar,"Plot No. 187, Vaishali Nagar, Jaipur, Rajasthan",25.48,7.1,9,5,9956,301.67
Nirman Nagar,"Plot No. 289, Nirman Nagar, Jaipur, Rajasthan",14.46,7.2,7,6,6400,196.86
Raja Park,"Plot No. 403, Raja Park, Jaipur, Rajasthan",17.32,6.5,6,3,6886,202.53
Raja Park,"Plot No. 28, Raja Park, Jaipur, Rajasthan",20.07,5.1,6,4,9408,236.76
C-Scheme,"Plot No. 379, C-Scheme, Jaipur, Rajasthan",29.77,6.4,6,2,5315,248.68
Nirman Nagar,"Plot No. 180, Nirman Nagar, Jaipur, Rajasthan",14.04,6.0,6,3,6979,181.91
Vidyadhar Nagar,"Plot No. 253, Vidyadhar Nagar, Jaipur, Rajasthan",5.81,5.4,8,6,7476,170.89
Vaishali Nagar,"Plot No. 126, Vaishali Nagar, Jaipur, Rajasthan",29.95,5.6,6,3,8449,275.85
Mansarovar,"Plot No. 177, Mansarovar, Jaipur, Rajasthan",15.39,5.7,8,5,4511,201.86
Kalwar Road,"Plot No. 37, Kalwar Road, Jaipur, Rajasthan",6.08,6.8,7,4,9817,172.62
Malviya Nagar,"Plot No. 410, Malviya Nagar, Jaipur, Rajasthan",16.56,5.4,6,2,8408,213.37
Malviya Nagar,"Plot No. 99, Malviya Nagar, Jaipur, Rajasthan",28.62,6.9,7,3,9915,275.91
Jhotwara,"Plot No. 98, Jhotwara, Jaipur, Rajasthan",7.63,7.6,7,3,7106,163.36
Ajmer Road,"Plot No. 127, Ajmer Road, Jaipur, Rajasthan",13.1,7.2,8,3,5540,209.38
Pratap Nagar,"Plot No. 483, Pratap Nagar, Jaipur, Rajasthan",8.73,6.7,7,4,7874,183.5
Vidyadhar Nagar,"Plot No. 168, Vidyadhar Nagar, Jaipur, Rajasthan",5.93,6.6,7,4,8670,167.03
Jhotwara,"Plot No. 80, Jhotwara, Jaipur, Rajasthan",8.83,6.1,8,6,7014,180.21
Nirman Nagar,"Plot No. 294, Nirman Nagar, Jaipur, Rajasthan",12.13,8.8,6,2,10358,195.53
Ajmer Road,"Plot No. 333, Ajmer Road, Jaipur, Rajasthan",10.46,7.5,6,4,6170,161.27
Tonk Road,"Plot No. 126, Tonk Road, Jaipur, Rajasthan",10.39,6.7,8,5,4376,191.91
Nirman Nagar,"Plot No. 343, Nirman Nagar, Jaipur, Rajasthan",14.93,4.4,8,5,5782,218.71
Nirman Nagar,"Plot No. 310, Nirman Nagar, Jaipur, Rajasthan",13.68,6.2,8,3,9108,232.39
Pratap Nagar,"Plot No. 150, Pratap Nagar, Jaipur, Rajasthan",5.1,7.2,6,2,6153,148.42
Malviya Nagar,"Plot No. 16, Malviya Nagar, Jaipur, Rajasthan",27.95,8.6,7,3,10308,281.46
Vidyadhar Nagar,"Plot No. 28, Vidyadhar Nagar, Jaipur, Rajasthan",5.87,7.7,8,3,8385,182.94
Mansarovar,"Plot No. 496, Mansarovar, Jaipur, Rajasthan",9.4,5.8,6,4,7880,179.06
Raja Park,"Plot No. 419, Raja Park, Jaipur, Rajasthan",16.11,6.4,7,4,5956,208.07
Jhotwara,"Plot No. 444, Jhotwara, Jaipur, Rajasthan",7.79,6.9,9,3,8722,194.88
Nirman Nagar,"Plot No. 173, Nirman Nagar, Jaipur, Rajasthan",11.68,4.1,6,4,7842,185.53
C-Scheme,"Plot No. 46, C-Scheme, Jaipur, Rajasthan",26.16,5.6,8,6,7870,270.13
Jagatpura,"Plot No. 328, Jagatpura, Jaipur, Rajasthan",9.11,5.0,8,4,7683,199.94
Mansarovar,"Plot No. 236, Mansarovar, Jaipur, Rajasthan",12.16,8.6,6,2,7650,184.33
Malviya Nagar,"Plot No. 439, Malviya Nagar, Jaipur, Rajasthan",19.49,6.6,8,5,5338,241.2
Pratap Nagar,"Plot No. 214, Pratap Nagar, Jaipur, Rajasthan",6.06,7.6,7,2,6020,159.36
Jhotwara,"Plot No. 85, Jhotwara, Jaipur, Rajasthan",6.39,8.2,7,5,5018,158.46
Jagatpura,"Plot No. 282, Jagatpura, Jaipur, Rajasthan",14.8,6.6,6,4,7272,189.87
Jhotwara,"Plot No. 232, Jhotwara, Jaipur, Rajasthan",4.89,4.0,7,3,8705,166.8
Jagatpura,"Plot No. 85, Jagatpura, Jaipur, Rajasthan",11.23,5.9,7,2,5054,187.66
Jhotwara,"Plot No. 409, Jhotwara, Jaipur, Rajasthan",4.88,5.8,8,3,7522,178.44
Sangeener,"Plot No. 489, Sangeener, Jaipur, Rajasthan",5.11,6.0,8,3,8186,180.56
Civil Lines,"Plot No. 65, Civil Lines, Jaipur, Rajasthan",18.38,7.1,7,3,9880,231.05
Malviya Nagar,"Plot No. 134, Malviya Nagar, Jaipur, Rajasthan",19.8,4.8,8,3,9072,258.17
Vidyadhar Nagar,"Plot No. 151, Vidyadhar Nagar, Jaipur, Rajasthan",6.17,6.6,6,2,7057,159.74
Malviya Nagar,"Plot No. 115, Malviya Nagar, Jaipur, Rajasthan",24.45,5.5,8,4,11259,281.02
Tonk Road,"Plot No. 64, Tonk Road, Jaipur, Rajasthan",13.32,5.4,6,3,3646,175.19
Sangeener,"Plot No. 343, Sangeener, Jaipur, Rajasthan",7.29,7.6,8,6,4747,166.2
Ajmer Road,"Plot No. 427, Ajmer Road, Jaipur, Rajasthan",12.53,6.1,8,3,7258,200.66
Civil Lines,"Plot No. 363, Civil Lines, Jaipur, Rajasthan",21.67,6.2,5,4,8954,229.76
Jhotwara,"Plot No. 407, Jhotwara, Jaipur, Rajasthan",8.37,7.2,9,6,8855,199.99
Kalwar Road,"Plot No. 352, Kalwar Road, Jaipur, Rajasthan",8.24,4.9,9,4,6107,190.79
Malviya Nagar,"Plot No. 158, Malviya Nagar, Jaipur, Rajasthan",19.87,4.6,7,3,10775,257.01
Kalwar Road,"Plot No. 77, Kalwar Road, Jaipur, Rajasthan",5.3,6.3,7,6,6251,161.09
Pratap Nagar,"Plot No. 491, Pratap Nagar, Jaipur, Rajasthan",7.11,5.6,7,2,8328,171.45
Jagatpura,"Plot No. 146, Jagatpura, Jaipur, Rajasthan",10.55,5.8,7,3,8073,200.12
Vaishali Nagar,"Plot No. 343, Vaishali Nagar, Jaipur, Rajasthan",19.55,6.7,6,2,9892,224.56
Pratap Nagar,"Plot No. 463, Pratap Nagar, Jaipur, Rajasthan",6.62,5.5,8,4,4054,174.67
Nirman Nagar,"Plot No. 225, Nirman Nagar, Jaipur, Rajasthan",9.55,6.4,6,4,10513,190.56
Tonk Road,"Plot No. 405, Tonk Road, Jaipur, Rajasthan",11.78,5.4,8,6,6483,199.71
Jagatpura,"Plot No. 313, Jagatpura, Jaipur, Rajasthan",11.58,5.1,7,4,7675,187.92
Ajmer Road,"Plot No. 103, Ajmer Road, Jaipur, Rajasthan",10.87,4.7,5,4,7530,164.19
Sangeener,"Plot No. 407, Sangeener, Jaipur, Rajasthan",5.65,5.2,8,6,5837,163.38
C-Scheme,"Plot No. 347, C-Scheme, Jaipur, Rajasthan",26.77,4.8,9,4,4561,279.54
Pratap Nagar,"Plot No. 301, Pratap Nagar, Jaipur, Rajasthan",7.18,6.9,6,4,9800,167.25
Vidyadhar Nagar,"Plot No. 428, Vidyadhar Nagar, Jaipur, Rajasthan",6.29,4.7,8,3,9041,185.25
Sangeener,"Plot No. 466, Sangeener, Jaipur, Rajasthan",6.44,5.0,6,2,5382,152.46
Jagatpura,"Plot No. 88, Jagatpura, Jaipur, Rajasthan",15.02,5.5,6,3,6065,185.78
Civil Lines,"Plot No. 371, Civil Lines, Jaipur, Rajasthan",26.98,5.7,6,4,8068,260.03
Kalwar Road,"Plot No. 303, Kalwar Road, Jaipur, Rajasthan",6.23,6.5,7,5,7222,159.16
Civil Lines,"Plot No. 168, Civil Lines, Jaipur, Rajasthan",26.1,5.8,6,4,7796,256.86
Raja Park,"Plot No. 435, Raja Park, Jaipur, Rajasthan",25.21,6.8,7,5,8520,264.91
Civil Lines,"Plot No. 170, Civil Lines, Jaipur, Rajasthan",29.43,7.8,8,4,8554,299.3
Pratap Nagar,"Plot No. 135, Pratap Nagar, Jaipur, Rajasthan",7.56,5.5,8,5,3969,160.25
Civil Lines,"Plot No. 50, Civil Lines, Jaipur, Rajasthan",27.05,6.6,6,3,2797,225.13
Kalwar Road,"Plot No. 432, Kalwar Road, Jaipur, Rajasthan",5.34,7.7,7,4,4454,138.44
Ajmer Road,"Plot No. 340, Ajmer Road, Jaipur, Rajasthan",15.77,5.8,9,5,5395,220.78
Nirman Nagar,"Plot No. 347, Nirman Nagar, Jaipur, Rajasthan",11.24,4.8,7,3,8477,190.2
Sangeener,"Plot No. 134, Sangeener, Jaipur, Rajasthan",8.49,5.6,7,3,4043,162.81
Vidyadhar Nagar,"Plot No. 347, Vidyadhar Nagar, Jaipur, Rajasthan",7.97,7.4,7,3,4412,160.08
Tonk Road,"Plot No. 137, Tonk Road, Jaipur, Rajasthan",15.59,6.0,7,3,9014,226.77
Tonk Road,"Plot No. 245, Tonk Road, Jaipur, Rajasthan",11.3,4.4,8,4,6940,201.69
Kalwar Road,"Plot No. 109, Kalwar Road, Jaipur, Rajasthan",7.29,5.7,10,3,8436,214.27
Ajmer Road,"Plot No. 313, Ajmer Road, Jaipur, Rajasthan",11.79,8.3,7,5,2622,176.08
Mansarovar,"Plot No. 287, Mansarovar, Jaipur, Rajasthan",11.73,6.7,8,5,7497,205.38
Tonk Road,"Plot No. 21, Tonk Road, Jaipur, Rajasthan",10.33,4.6,8,4,10108,215.7
Vidyadhar Nagar,"Plot No. 90, Vidyadhar Nagar, Jaipur, Rajasthan",7.55,5.7,8,6,8313,200.17
Pratap Nagar,"Plot No. 296, Pratap Nagar, Jaipur, Rajasthan",8.69,8.2,6,2,8544,179.01
Ajmer Road,"Plot No. 112, Ajmer Road, Jaipur, Rajasthan",9.34,6.5,9,4,6835,200.74
Vidyadhar Nagar,"Plot No. 301, Vidyadhar Nagar, Jaipur, Rajasthan",5.58,5.5,7,3,7907,169.77
Sangeener,"Plot No. 77, Sangeener, Jaipur, Rajasthan",7.15,6.2,9,3,7616,195.72
C-Scheme,"Plot No. 177, C-Scheme, Jaipur, Rajasthan",26.8,7.1,8,5,10089,293.85
Tonk Road,"Plot No. 343, Tonk Road, Jaipur, Rajasthan",13.32,6.5,7,4,8937,216.64
Ajmer Road,"Plot No. 148, Ajmer Road, Jaipur, Rajasthan",11.04,5.7,7,6,4409,171.68
Sangeener,"Plot No. 101, Sangeener, Jaipur, Rajasthan",6.66,6.6,5,3,5934,143.12
Pratap Nagar,"Plot No. 246, Pratap Nagar, Jaipur, Rajasthan",7.23,7.3,8,5,5040,173.05
C-Scheme,"Plot No. 117, C-Scheme, Jaipur, Rajasthan",19.34,6.5,8,6,8460,241.99
Jagatpura,"Plot No. 92, Jagatpura, Jaipur, Rajasthan",12.24,5.4,8,5,5325,204.22
Jhotwara,"Plot No. 401, Jhotwara, Jaipur, Rajasthan",5.98,6.3,7,5,9333,173.46
Raja Park,"Plot No. 28, Raja Park, Jaipur, Rajasthan",17.47,6.5,9,3,5158,225.3
Tonk Road,"Plot No. 425, Tonk Road, Jaipur, Rajasthan",11.88,4.5,8,6,6843,215.36
Kalwar Road,"Plot No. 450, Kalwar Road, Jaipur, Rajasthan",6.83,4.7,8,3,8031,185.4
Ajmer Road,"Plot No. 25, Ajmer Road, Jaipur, Rajasthan",9.79,3.9,7,5,4606,174.0
Ajmer Road,"Plot No. 58, Ajmer Road, Jaipur, Rajasthan",15.84,7.9,8,5,8048,231.58
Ajmer Road,"Plot No. 498, Ajmer Road, Jaipur, Rajasthan",11.09,4.0,6,4,7494,190.92
Civil Lines,"Plot No. 297, Civil Lines, Jaipur, Rajasthan",25.46,7.6,8,5,4880,263.67
Nirman Nagar,"Plot No. 134, Nirman Nagar, Jaipur, Rajasthan",13.01,5.4,6,4,9742,200.56
C-Scheme,"Plot No. 331, C-Scheme, Jaipur, Rajasthan",19.26,5.2,7,2,7318,231.15
Vaishali Nagar,"Plot No. 249, Vaishali Nagar, Jaipur, Rajasthan",24.03,7.0,7,3,8856,253.74
Kalwar Road,"Plot No. 38, Kalwar Road, Jaipur, Rajasthan",6.82,5.9,7,2,9871,181.5
Mansarovar,"Plot No. 390, Mansarovar, Jaipur, Rajasthan",11.64,6.4,8,4,5984,206.13
Vaishali Nagar,"Plot No. 429, Vaishali Nagar, Jaipur, Rajasthan",24.83,7.0,7,3,6364,254.04
Tonk Road,"Plot No. 75, Tonk Road, Jaipur, Rajasthan",13.64,6.3,7,3,6979,190.15
Pratap Nagar,"Plot No. 142, Pratap Nagar, Jaipur, Rajasthan",6.89,7.1,6,4,9687,160.19
Jagatpura,"Plot No. 322, Jagatpura, Jaipur, Rajasthan",13.6,6.3,6,4,10165,212.13
Tonk Road,"Plot No. 168, Tonk Road, Jaipur, Rajasthan",15.21,5.6,9,6,7978,244.47
Vaishali Nagar,"Plot No. 259, Vaishali Nagar, Jaipur, Rajasthan",27.65,7.3,7,3,5711,259.05
Civil Lines,"Plot No. 373, Civil Lines, Jaipur, Rajasthan",19.85,7.0,8,3,6169,238.96
Pratap Nagar,"Plot No. 355, Pratap Nagar, Jaipur, Rajasthan",7.49,5.7,5,2,6640,141.39
Sangeener,"Plot No. 225, Sangeener, Jaipur, Rajasthan",8.48,7.2,8,4,4762,180.57
Kalwar Road,"Plot No. 152, Kalwar Road, Jaipur, Rajasthan",8.45,5.6,6,2,9730,179.88
Jagatpura,"Plot No. 19, Jagatpura, Jaipur, Rajasthan",12.41,6.7,7,3,4014,182.48
Vaishali Nagar,"Plot No. 146, Vaishali Nagar, Jaipur, Rajasthan",25.89,5.6,8,3,8279,275.77
Vidyadhar Nagar,"Plot No. 448, Vidyadhar Nagar, Jaipur, Rajasthan",5.05,5.9,6,3,4304,132.52
Pratap Nagar,"Plot No. 241, Pratap Nagar, Jaipur, Rajasthan",4.85,5.1,9,4,4042,162.99
Jhotwara,"Plot No. 372, Jhotwara, Jaipur, Rajasthan",6.47,5.8,5,3,6993,151.28
Pratap Nagar,"Plot No. 381, Pratap Nagar, Jaipur, Rajasthan",4.93,7.5,7,3,3282,146.76
Vaishali Nagar,"Plot No. 344, Vaishali Nagar, Jaipur, Rajasthan",22.83,5.3,7,5,7084,252.41
Mansarovar,"Plot No. 237, Mansarovar, Jaipur, Rajasthan",9.66,6.9,9,6,8028,217.87
Kalwar Road,"Plot No. 35, Kalwar Road, Jaipur, Rajasthan",7.01,7.7,6,3,5213,148.47
Vaishali Nagar,"Plot No. 190, Vaishali Nagar, Jaipur, Rajasthan",21.2,6.5,7,2,5792,224.66
Civil Lines,"Plot No. 1, Civil Lines, Jaipur, Rajasthan",26.08,6.2,6,2,6863,252.4
C-Scheme,"Plot No. 484, C-Scheme, Jaipur, Rajasthan",25.46,5.9,7,6,8344,260.58
Jagatpura,"Plot No. 153, Jagatpura, Jaipur, Rajasthan",15.26,6.0,5,3,10453,200.32
Malviya Nagar,"Plot No. 429, Malviya Nagar, Jaipur, Rajasthan",22.85,5.7,7,2,6277,237.0
Ajmer Road,"Plot No. 433, Ajmer Road, Jaipur, Rajasthan",13.38,5.6,6,4,5991,181.25
Jagatpura,"Plot No. 126, Jagatpura, Jaipur, Rajasthan",13.72,6.7,8,6,5766,209.22
Mansarovar,"Plot No. 491, Mansarovar, Jaipur, Rajasthan",12.68,5.3,5,4,7742,168.84
Vidyadhar Nagar,"Plot No. 482, Vidyadhar Nagar, Jaipur, Rajasthan",8.67,6.0,6,4,6755,155.5
Sangeener,"Plot No. 345, Sangeener, Jaipur, Rajasthan",8.34,5.3,7,5,4219,165.85
Mansarovar,"Plot No. 400, Mansarovar, Jaipur, Rajasthan",12.38,6.5,7,5,8119,204.86
Tonk Road,"Plot No. 226, Tonk Road, Jaipur, Rajasthan",11.7,4.9,8,3,4840,195.04
Mansarovar,"Plot No. 221, Mansarovar, Jaipur, Rajasthan",9.62,6.0,8,6,7707,190.34
Malviya Nagar,"Plot No. 403, Malviya Nagar, Jaipur, Rajasthan",29.97,8.1,6,4,5743,256.04
Jhotwara,"Plot No. 407, Jhotwara, Jaipur, Rajasthan",8.2,7.8,7,4,7208,177.86
Malviya Nagar,"Plot No. 211, Malviya Nagar, Jaipur, Rajasthan",27.35,5.9,6,4,5725,251.77
Tonk Road,"Plot No. 25, Tonk Road, Jaipur, Rajasthan",12.27,7.0,8,6,8137,202.28
Ajmer Road,"Plot No. 16, Ajmer Road, Jaipur, Rajasthan",14.35,6.1,7,3,8112,218.67
Tonk Road,"Plot No. 182, Tonk Road, Jaipur, Rajasthan",14.53,6.9,5,3,7781,177.77
Vidyadhar Nagar,"Plot No. 499, Vidyadhar Nagar, Jaipur, Rajasthan",8.23,5.1,8,5,7707,185.8
Jagatpura,"Plot No. 329, Jagatpura, Jaipur, Rajasthan",12.23,6.8,7,6,9776,205.58
Ajmer Road,"Plot No. 129, Ajmer Road, Jaipur, Rajasthan",12.97,4.3,6,2,9228,195.49
Nirman Nagar,"Plot No. 42, Nirman Nagar, Jaipur, Rajasthan",11.66,5.6,8,4,5999,208.24
Jhotwara,"Plot No. 403, Jhotwara, Jaipur, Rajasthan",7.95,5.7,7,3,5314,156.71
Jhotwara,"Plot No. 481, Jhotwara, Jaipur, Rajasthan",5.58,5.5,7,3,5080,149.06
Nirman Nagar,"Plot No. 418, Nirman Nagar, Jaipur, Rajasthan",12.66,6.1,8,6,8121,210.88
Tonk Road,"Plot No. 336, Tonk Road, Jaipur, Rajasthan",13.13,6.3,8,4,4890,198.89
Mansarovar,"Plot No. 236, Mansarovar, Jaipur, Rajasthan",15.46,7.4,9,6,8767,230.27
Ajmer Road,"Plot No. 360, Ajmer Road, Jaipur, Rajasthan",14.36,5.9,9,5,8513,227.29
Mansarovar,"Plot No. 439, Mansarovar, Jaipur, Rajasthan",10.05,5.1,8,6,8223,197.86
Pratap Nagar,"Plot No. 402, Pratap Nagar, Jaipur, Rajasthan",6.12,5.9,6,4,5697,147.09
Jhotwara,"Plot No. 34, Jhotwara, Jaipur, Rajasthan",7.73,5.1,8,4,7252,192.07
Jhotwara,"Plot No. 345, Jhotwara, Jaipur, Rajasthan",6.68,4.5,7,4,8278,179.43
Ajmer Road,"Plot No. 381, Ajmer Road, Jaipur, Rajasthan",13.87,5.3,7,3,5893,198.43
Jagatpura,"Plot No. 45, Jagatpura, Jaipur, Rajasthan",15.81,4.4,6,4,6324,195.85
Jhotwara,"Plot No. 134, Jhotwara, Jaipur, Rajasthan",8.15,4.6,6,3,4490,159.08
Raja Park,"Plot No. 21, Raja Park, Jaipur, Rajasthan",16.71,7.4,7,6,8650,220.55
Kalwar Road,"Plot No. 122, Kalwar Road, Jaipur, Rajasthan",5.47,7.9,7,2,6842,153.6
Pratap Nagar,"Plot No. 70, Pratap Nagar, Jaipur, Rajasthan",7.18,6.9,5,4,6337,143.39
Vaishali Nagar,"Plot No. 352, Vaishali Nagar, Jaipur, Rajasthan",18.65,5.0,6,4,6210,213.91
Vaishali Nagar,"Plot No. 361, Vaishali Nagar, Jaipur, Rajasthan",25.47,5.2,5,4,5852,226.69
Nirman Nagar,"Plot No. 48, Nirman Nagar, Jaipur, Rajasthan",12.9,7.2,8,6,8383,204.6
Vidyadhar Nagar,"Plot No. 491, Vidyadhar Nagar, Jaipur, Rajasthan",8.58,6.9,6,4,8652,162.98
Vidyadhar Nagar,"Plot No. 39, Vidyadhar Nagar, Jaipur, Rajasthan",5.38,7.1,7,4,5954,160.86
Vidyadhar Nagar,"Plot No. 287, Vidyadhar Nagar, Jaipur, Rajasthan",5.66,7.7,6,4,8656,147.03
Pratap Nagar,"Plot No. 490, Pratap Nagar, Jaipur, Rajasthan",7.58,2.6,8,6,3181,171.23
Vaishali Nagar,"Plot No. 10, Vaishali Nagar, Jaipur, Rajasthan",18.04,4.7,6,2,9078,215.61
Nirman Nagar,"Plot No. 30, Nirman Nagar, Jaipur, Rajasthan",13.14,6.8,8,4,8477,210.84
Nirman Nagar,"Plot No. 244, Nirman Nagar, Jaipur, Rajasthan",9.54,6.1,7,4,11555,198.88
Tonk Road,"Plot No. 274, Tonk Road, Jaipur, Rajasthan",10.98,4.8,7,2,7342,181.98
Mansarovar,"Plot No. 444, Mansarovar, Jaipur, Rajasthan",11.22,5.4,5,3,8457,166.59
Jhotwara,"Plot No. 88, Jhotwara, Jaipur, Rajasthan",7.17,6.3,6,4,4183,145.89
Vidyadhar Nagar,"Plot No. 244, Vidyadhar Nagar, Jaipur, Rajasthan",5.96,5.3,6,3,7905,157.16
Sangeener,"Plot No. 381, Sangeener, Jaipur, Rajasthan",6.75,6.1,6,2,8419,168.29
Mansarovar,"Plot No. 329, Mansarovar, Jaipur, Rajasthan",10.14,4.6,8,6,4033,174.16
Ajmer Road,"Plot No. 479, Ajmer Road, Jaipur, Rajasthan",10.2,5.3,6,3,6215,176.86
Jhotwara,"Plot No. 15, Jhotwara, Jaipur, Rajasthan",4.9,5.7,7,4,3449,151.14
Sangeener,"Plot No. 4, Sangeener, Jaipur, Rajasthan",4.72,7.1,7,5,10020,161.42
Tonk Road,"Plot No. 191, Tonk Road, Jaipur, Rajasthan",13.93,4.2,6,2,8627,210.05
Kalwar Road,"Plot No. 168, Kalwar Road, Jaipur, Rajasthan",5.4,4.8,6,3,6833,144.6
Vaishali Nagar,"Plot No. 9, Vaishali Nagar, Jaipur, Rajasthan",29.64,4.4,5,3,2581,237.43
Pratap Nagar,"Plot No. 109, Pratap Nagar, Jaipur, Rajasthan",5.16,7.4,6,2,9882,155.93
Tonk Road,"Plot No. 137, Tonk Road, Jaipur, Rajasthan",10.09,9.0,7,3,4264,165.69
Sangeener,"Plot No. 154, Sangeener, Jaipur, Rajasthan",6.09,4.5,6,3,7575,157.57
Sangeener,"Plot No. 388, Sangeener, Jaipur, Rajasthan",5.13,6.9,6,4,5664,136.82
Tonk Road,"Plot No. 209, Tonk Road, Jaipur, Rajasthan",13.72,5.4,7,3,7208,207.15
Sangeener,"Plot No. 272, Sangeener, Jaipur, Rajasthan",8.36,4.7,8,4,9357,202.86
Raja Park,"Plot No. 143, Raja Park, Jaipur, Rajasthan",22.77,5.5,7,2,7818,249.3
Jhotwara,"Plot No. 99, Jhotwara, Jaipur, Rajasthan",4.77,6.8,8,6,7111,178.91
Ajmer Road,"Plot No. 377, Ajmer Road, Jaipur, Rajasthan",13.02,5.6,8,3,5446,211.13
C-Scheme,"Plot No. 308, C-Scheme, Jaipur, Rajasthan",16.28,6.6,8,6,4494,220.82
Civil Lines,"Plot No. 69, Civil Lines, Jaipur, Rajasthan",28.47,6.2,9,6,3568,285.82
Jhotwara,"Plot No. 247, Jhotwara, Jaipur, Rajasthan",5.14,5.4,6,2,9396,155.66
Vaishali Nagar,"Plot No. 261, Vaishali Nagar, Jaipur, Rajasthan",27.37,6.4,8,6,5940,269.48
Vidyadhar Nagar,"Plot No. 276, Vidyadhar Nagar, Jaipur, Rajasthan",7.02,6.8,7,2,9415,174.19
Vidyadhar Nagar,"Plot No. 79, Vidyadhar Nagar, Jaipur, Rajasthan",8.85,7.9,8,4,5119,186.95
Pratap Nagar,"Plot No. 146, Pratap Nagar, Jaipur, Rajasthan",4.82,8.1,8,3,7415,162.11
Jagatpura,"Plot No. 111, Jagatpura, Jaipur, Rajasthan",12.49,5.7,6,3,8459,188.03
Pratap Nagar,"Plot No. 258, Pratap Nagar, Jaipur, Rajasthan",4.69,5.4,4,2,6838,115.58
Tonk Road,"Plot No. 93, Tonk Road, Jaipur, Rajasthan",11.77,7.0,7,4,8055,189.74
Vidyadhar Nagar,"Plot No. 13, Vidyadhar Nagar, Jaipur, Rajasthan",8.49,6.9,7,3,8158,175.13
Vaishali Nagar,"Plot No. 260, Vaishali Nagar, Jaipur, Rajasthan",27.79,5.0,4,2,4691,225.14
Ajmer Road,"Plot No. 426, Ajmer Road, Jaipur, Rajasthan",12.0,6.0,5,2,6700,158.62
Sangeener,"Plot No. 109, Sangeener, Jaipur, Rajasthan",5.28,5.4,7,6,8375,169.57
Malviya Nagar,"Plot No. 330, Malviya Nagar, Jaipur, Rajasthan",25.4,5.7,6,2,8450,259.01
Malviya Nagar,"Plot No. 189, Malviya Nagar, Jaipur, Rajasthan",16.44,5.8,7,2,4745,208.27
Ajmer Road,"Plot No. 95, Ajmer Road, Jaipur, Rajasthan",14.95,5.4,5,3,5380,168.58
Kalwar Road,"Plot No. 105, Kalwar Road, Jaipur, Rajasthan",5.17,6.6,7,4,7243,168.43
Civil Lines,"Plot No. 8, Civil Lines, Jaipur, Rajasthan",21.81,6.4,5,2,10001,235.49
Civil Lines,"Plot No. 67, Civil Lines, Jaipur, Rajasthan",26.71,4.4,9,5,3125,260.34
C-Scheme,"Plot No. 496, C-Scheme, Jaipur, Rajasthan",18.44,6.6,7,3,3720,210.96
Sangeener,"Plot No. 191, Sangeener, Jaipur, Rajasthan",8.07,6.8,6,3,6954,165.05
Jhotwara,"Plot No. 366, Jhotwara, Jaipur, Rajasthan",7.35,6.1,6,4,6994,158.04
Pratap Nagar,"Plot No. 256, Pratap Nagar, Jaipur, Rajasthan",8.36,5.9,7,4,7801,170.2
Tonk Road,"Plot No. 9, Tonk Road, Jaipur, Rajasthan",13.55,4.3,6,4,6953,191.95
Civil Lines,"Plot No. 478, Civil Lines, Jaipur, Rajasthan",29.08,4.8,7,2,8668,290.04
Malviya Nagar,"Plot No. 117, Malviya Nagar, Jaipur, Rajasthan",23.32,6.9,8,3,7860,257.3
Raja Park,"Plot No. 267, Raja Park, Jaipur, Rajasthan",20.08,6.0,6,4,6347,219.46
Civil Lines,"Plot No. 99, Civil Lines, Jaipur, Rajasthan",19.74,6.3,6,3,9197,225.37
Raja Park,"Plot No. 485, Raja Park, Jaipur, Rajasthan",29.01,6.3,9,5,6202,295.29
Sangeener,"Plot No. 298, Sangeener, Jaipur, Rajasthan",6.58,5.4,8,6,8820,186.28
Mansarovar,"Plot No. 397, Mansarovar, Jaipur, Rajasthan",12.04,7.5,8,4,6471,195.97
Vaishali Nagar,"Plot No. 164, Vaishali Nagar, Jaipur, Rajasthan",23.78,4.7,8,3,7633,273.38
Civil Lines,"Plot No. 376, Civil Lines, Jaipur, Rajasthan",26.35,5.6,9,4,8562,298.97
Kalwar Road,"Plot No. 141, Kalwar Road, Jaipur, Rajasthan",8.7,6.4,6,2,8159,166.86
Malviya Nagar,"Plot No. 268, Malviya Nagar, Jaipur, Rajasthan",19.81,5.9,6,3,7859,221.23
C-Scheme,"Plot No. 37, C-Scheme, Jaipur, Rajasthan",18.37,5.8,8,6,7812,243.37
Mansarovar,"Plot No. 74, Mansarovar, Jaipur, Rajasthan",14.19,6.0,6,4,10748,216.07
Tonk Road,"Plot No. 73, Tonk Road, Jaipur, Rajasthan",10.48,5.8,7,3,8208,195.33
Kalwar Road,"Plot No. 308, Kalwar Road, Jaipur, Rajasthan",5.04,6.7,9,3,5217,174.05
Kalwar Road,"Plot No. 199, Kalwar Road, Jaipur, Rajasthan",4.76,6.3,7,4,3650,149.74
Civil Lines,"Plot No. 130, Civil Lines, Jaipur, Rajasthan",17.98,5.8,7,3,6082,222.5
Pratap Nagar,"Plot No. 246, Pratap Nagar, Jaipur, Rajasthan",8.36,4.3,6,2,5019,148.08
Vaishali Nagar,"Plot No. 312, Vaishali Nagar, Jaipur, Rajasthan",24.15,4.8,8,5,7138,266.57
C-Scheme,"Plot No. 60, C-Scheme, Jaipur, Rajasthan",17.78,7.5,8,6,8796,237.27
Civil Lines,"Plot No. 279, Civil Lines, Jaipur, Rajasthan",22.47,6.6,7,4,6856,247.13
Raja Park,"Plot No. 103, Raja Park, Jaipur, Rajasthan",27.83,5.5,7,3,7156,261.01
Vidyadhar Nagar,"Plot No. 296, Vidyadhar Nagar, Jaipur, Rajasthan",7.38,6.4,7,3,5643,161.25
Ajmer Road,"Plot No. 320, Ajmer Road, Jaipur, Rajasthan",10.96,6.0,8,5,9624,209.09
Sangeener,"Plot No. 487, Sangeener, Jaipur, Rajasthan",5.17,5.0,7,2,8614,162.21
Raja Park,"Plot No. 341, Raja Park, Jaipur, Rajasthan",17.4,5.9,8,5,8790,237.2
Jagatpura,"Plot No. 151, Jagatpura, Jaipur, Rajasthan",14.19,5.9,8,4,5747,212.45
Sangeener,"Plot No. 157, Sangeener, Jaipur, Rajasthan",6.25,4.8,5,3,10764,158.85
Malviya Nagar,"Plot No. 206, Malviya Nagar, Jaipur, Rajasthan",25.73,8.5,8,4,5644,261.57
Vaishali Nagar,"Plot No. 474, Vaishali Nagar, Jaipur, Rajasthan",27.14,5.7,7,6,6921,267.18
Sangeener,"Plot No. 179, Sangeener, Jaipur, Rajasthan",5.17,7.1,7,4,8144,165.63
Vidyadhar Nagar,"Plot No. 197, Vidyadhar Nagar, Jaipur, Rajasthan",7.06,6.4,7,5,8900,178.38
Jagatpura,"Plot No. 223, Jagatpura, Jaipur, Rajasthan",9.34,7.4,7,4,6373,166.94
Vaishali Nagar,"Plot No. 89, Vaishali Nagar, Jaipur, Rajasthan",16.22,6.6,8,4,5555,211.1
Mansarovar,"Plot No. 287, Mansarovar, Jaipur, Rajasthan",11.81,5.0,9,4,10432,240.35
Nirman Nagar,"Plot No. 434, Nirman Nagar, Jaipur, Rajasthan",11.18,6.5,8,6,5602,192.97
Jagatpura,"Plot No. 276, Jagatpura, Jaipur, Rajasthan",13.42,6.0,8,3,9336,227.22
Jhotwara,"Plot No. 236, Jhotwara, Jaipur, Rajasthan",8.19,7.6,6,2,6207,157.35
Malviya Nagar,"Plot No. 183, Malviya Nagar, Jaipur, Rajasthan",24.15,5.0,8,6,10903,274.71
Kalwar Road,"Plot No. 209, Kalwar Road, Jaipur, Rajasthan",6.41,4.9,7,3,4608,161.38
Sangeener,"Plot No. 493, Sangeener, Jaipur, Rajasthan",5.8,5.2,6,2,7156,144.11
Sangeener,"Plot No. 130, Sangeener, Jaipur, Rajasthan",7.9,6.9,8,6,8529,200.08
Civil Lines,"Plot No. 153, Civil Lines, Jaipur, Rajasthan",17.99,3.4,6,2,6802,206.57
Pratap Nagar,"Plot No. 13, Pratap Nagar, Jaipur, Rajasthan",5.65,5.0,7,2,9779,177.76
C-Scheme,"Plot No. 122, C-Scheme, Jaipur, Rajasthan",16.77,5.1,8,6,7226,221.25
Pratap Nagar,"Plot No. 359, Pratap Nagar, Jaipur, Rajasthan",5.1,6.4,7,4,6079,162.17
Malviya Nagar,"Plot No. 220, Malviya Nagar, Jaipur, Rajasthan",18.48,6.6,8,6,7614,247.47
C-Scheme,"Plot No. 106, C-Scheme, Jaipur, Rajasthan",17.53,4.0,8,3,6882,226.48
Nirman Nagar,"Plot No. 375, Nirman Nagar, Jaipur, Rajasthan",9.22,7.2,7,4,6154,169.14
C-Scheme,"Plot No. 70, C-Scheme, Jaipur, Rajasthan",29.0,5.2,7,5,5850,259.97
Ajmer Road,"Plot No. 195, Ajmer Road, Jaipur, Rajasthan",14.07,7.1,6,4,6546,192.36
Jagatpura,"Plot No. 186, Jagatpura, Jaipur, Rajasthan",9.83,6.2,8,4,4912,179.67
Mansarovar,"Plot No. 99, Mansarovar, Jaipur, Rajasthan",10.53,4.6,8,6,4857,190.71
Jagatpura,"Plot No. 82, Jagatpura, Jaipur, Rajasthan",11.26,5.2,7,4,7096,181.51
Civil Lines,"Plot No. 75, Civil Lines, Jaipur, Rajasthan",27.29,5.8,7,2,5168,261.44
Jagatpura,"Plot No. 374, Jagatpura, Jaipur, Rajasthan",11.7,4.9,6,4,8139,187.09
Mansarovar,"Plot No. 340, Mansarovar, Jaipur, Rajasthan",12.86,5.4,7,4,9623,215.24
Ajmer Road,"Plot No. 192, Ajmer Road, Jaipur, Rajasthan",13.73,5.0,8,4,7295,221.67
Civil Lines,"Plot No. 325, Civil Lines, Jaipur, Rajasthan",20.78,5.6,7,4,8431,234.28
Mansarovar,"Plot No. 467, Mansarovar, Jaipur, Rajasthan",15.42,5.0,7,2,2590,190.03
Pratap Nagar,"Plot No. 214, Pratap Nagar, Jaipur, Rajasthan",6.74,7.4,7,4,9138,178.94
Tonk Road,"Plot No. 315, Tonk Road, Jaipur, Rajasthan",14.07,7.2,8,6,6307,209.61
Jhotwara,"Plot No. 444, Jhotwara, Jaipur, Rajasthan",7.01,4.6,7,3,6250,160.65
Tonk Road,"Plot No. 467, Tonk Road, Jaipur, Rajasthan",9.58,6.4,6,2,6828,173.44
Sangeener,"Plot No. 382, Sangeener, Jaipur, Rajasthan",7.27,6.5,6,3,5885,161.52
Raja Park,"Plot No. 367, Raja Park, Jaipur, Rajasthan",25.44,4.2,8,3,9551,293.95
Pratap Nagar,"Plot No. 318, Pratap Nagar, Jaipur, Rajasthan",7.57,7.9,7,5,5567,166.87
Jhotwara,"Plot No. 144, Jhotwara, Jaipur, Rajasthan",5.35,5.0,7,6,7747,164.28
Civil Lines,"Plot No. 384, Civil Lines, Jaipur, Rajasthan",29.86,6.0,7,3,4278,261.46
Mansarovar,"Plot No. 216, Mansarovar, Jaipur, Rajasthan",12.76,7.3,6,4,9901,188.17
Civil Lines,"Plot No. 361, Civil Lines, Jaipur, Rajasthan",22.23,4.5,7,4,6236,238.46
Vaishali Nagar,"Plot No. 324, Vaishali Nagar, Jaipur, Rajasthan",16.65,6.6,8,5,7980,224.04
Sangeener,"Plot No. 15, Sangeener, Jaipur, Rajasthan",7.69,5.7,7,5,6973,167.31
Civil Lines,"Plot No. 217, Civil Lines, Jaipur, Rajasthan",28.9,5.5,5,3,8901,267.81
Kalwar Road,"Plot No. 492, Kalwar Road, Jaipur, Rajasthan",6.89,5.2,8,4,5660,183.94
Mansarovar,"Plot No. 439, Mansarovar, Jaipur, Rajasthan",14.6,6.4,6,4,11568,224.29
Mansarovar,"Plot No. 35, Mansarovar, Jaipur, Rajasthan",14.72,6.4,7,2,6104,194.44
Ajmer Road,"Plot No. 183, Ajmer Road, Jaipur, Rajasthan",14.53,4.2,8,3,6516,225.04
Vidyadhar Nagar,"Plot No. 270, Vidyadhar Nagar, Jaipur, Rajasthan",5.82,7.2,8,3,8606,174.0
Vaishali Nagar,"Plot No. 433, Vaishali Nagar, Jaipur, Rajasthan",23.91,5.9,8,5,6487,259.51
Vidyadhar Nagar,"Plot No. 467, Vidyadhar Nagar, Jaipur, Rajasthan",6.28,4.1,7,6,8384,177.79
Nirman Nagar,"Plot No. 358, Nirman Nagar, Jaipur, Rajasthan",13.62,5.8,8,5,5688,205.37
Raja Park,"Plot No. 100, Raja Park, Jaipur, Rajasthan",24.44,5.5,7,5,9862,276.41
Malviya Nagar,"Plot No. 7, Malviya Nagar, Jaipur, Rajasthan",23.83,5.4,7,4,5195,237.92
C-Scheme,"Plot No. 30, C-Scheme, Jaipur, Rajasthan",16.2,7.7,6,3,11094,219.23
Pratap Nagar,"Plot No. 467, Pratap Nagar, Jaipur, Rajasthan",7.76,7.4,6,4,9547,162.39
Pratap Nagar,"Plot No. 305, Pratap Nagar, Jaipur, Rajasthan",8.15,7.1,7,3,5085,169.94
Tonk Road,"Plot No. 473, Tonk Road, Jaipur, Rajasthan",12.75,6.4,8,3,7325,207.49
Vidyadhar Nagar,"Plot No. 144, Vidyadhar Nagar, Jaipur, Rajasthan",6.99,4.3,7,2,6894,174.58
Kalwar Road,"Plot No. 111, Kalwar Road, Jaipur, Rajasthan",7.93,5.7,7,5,6155,172.93
Jagatpura,"Plot No. 232, Jagatpura, Jaipur, Rajasthan",15.73,5.2,8,5,5960,222.03
Malviya Nagar,"Plot No. 179, Malviya Nagar, Jaipur, Rajasthan",27.03,6.5,7,4,7037,264.32
Vidyadhar Nagar,"Plot No. 72, Vidyadhar Nagar, Jaipur, Rajasthan",5.34,5.8,8,3,8099,173.98
Sangeener,"Plot No. 210, Sangeener, Jaipur, Rajasthan",8.53,6.8,6,4,6892,164.71
Nirman Nagar,"Plot No. 220, Nirman Nagar, Jaipur, Rajasthan",14.68,5.8,6,4,4653,191.26
Jhotwara,"Plot No. 80, Jhotwara, Jaipur, Rajasthan",4.95,3.5,7,6,8036,174.37
Mansarovar,"Plot No. 83, Mansarovar, Jaipur, Rajasthan",13.23,3.4,6,4,6794,181.55
Kalwar Road,"Plot No. 42, Kalwar Road, Jaipur, Rajasthan",7.21,5.5,6,2,4753,137.59
Kalwar Road,"Plot No. 273, Kalwar Road, Jaipur, Rajasthan",5.52,6.3,5,3,9375,148.9
Vidyadhar Nagar,"Plot No. 191, Vidyadhar Nagar, Jaipur, Rajasthan",6.95,4.5,8,5,8904,197.65
Malviya Nagar,"Plot No. 173, Malviya Nagar, Jaipur, Rajasthan",26.49,5.2,7,6,4169,245.48
Raja Park,"Plot No. 461, Raja Park, Jaipur, Rajasthan",24.83,6.8,9,6,7765,284.83
Tonk Road,"Plot No. 7, Tonk Road, Jaipur, Rajasthan",13.24,5.0,8,4,7471,223.05
Vaishali Nagar,"Plot No. 155, Vaishali Nagar, Jaipur, Rajasthan",22.12,6.1,6,4,7563,231.02
Malviya Nagar,"Plot No. 10, Malviya Nagar, Jaipur, Rajasthan",29.06,5.3,6,4,8142,264.13
Civil Lines,"Plot No. 34, Civil Lines, Jaipur, Rajasthan",24.85,6.0,8,3,8259,280.93
Malviya Nagar,"Plot No. 36, Malviya Nagar, Jaipur, Rajasthan",20.04,4.5,9,3,3998,241.88
Mansarovar,"Plot No. 409, Mansarovar, Jaipur, Rajasthan",9.0,6.4,6,3,6657,162.04
Jhotwara,"Plot No. 6, Jhotwara, Jaipur, Rajasthan",6.98,7.3,8,5,5636,168.8
Mansarovar,"Plot No. 408, Mansarovar, Jaipur, Rajasthan",11.69,6.3,7,3,7095,189.6
Sangeener,"Plot No. 402, Sangeener, Jaipur, Rajasthan",7.69,7.2,6,4,13471,193.94
Nirman Nagar,"Plot No. 215, Nirman Nagar, Jaipur, Rajasthan",13.8,4.2,7,4,9574,215.48
Vaishali Nagar,"Plot No. 134, Vaishali Nagar, Jaipur, Rajasthan",23.0,6.2,8,4,8420,260.68
Jagatpura,"Plot No. 285, Jagatpura, Jaipur, Rajasthan",13.77,5.9,5,3,6265,178.44
Jhotwara,"Plot No. 126, Jhotwara, Jaipur, Rajasthan",6.64,5.7,9,3,8721,193.99
Jagatpura,"Plot No. 409, Jagatpura, Jaipur, Rajasthan",15.74,5.7,6,2,7520,195.64
Jhotwara,"Plot No. 439, Jhotwara, Jaipur, Rajasthan",5.37,6.8,8,5,6861,174.81
Civil Lines,"Plot No. 337, Civil Lines, Jaipur, Rajasthan",24.45,5.1,7,6,10387,277.98
Vidyadhar Nagar,"Plot No. 174, Vidyadhar Nagar, Jaipur, Rajasthan",5.06,5.9,6,3,6930,141.91
Sangeener,"Plot No. 152, Sangeener, Jaipur, Rajasthan",5.27,5.3,8,6,5828,161.31
Jagatpura,"Plot No. 331, Jagatpura, Jaipur, Rajasthan",14.17,6.9,8,5,10247,233.31
Vidyadhar Nagar,"Plot No. 26, Vidyadhar Nagar, Jaipur, Rajasthan",7.08,7.6,6,2,8386,163.93
Tonk Road,"Plot No. 383, Tonk Road, Jaipur, Rajasthan",11.63,6.8,8,6,10810,219.62
C-Scheme,"Plot No. 115, C-Scheme, Jaipur, Rajasthan",18.61,5.5,6,3,8897,214.48
Civil Lines,"Plot No. 382, Civil Lines, Jaipur, Rajasthan",19.77,7.9,7,5,9263,230.2
Ajmer Road,"Plot No. 482, Ajmer Road, Jaipur, Rajasthan",11.97,4.8,9,6,9424,235.92
Raja Park,"Plot No. 284, Raja Park, Jaipur, Rajasthan",22.35,7.1,6,3,2778,206.56
Malviya Nagar,"Plot No. 387, Malviya Nagar, Jaipur, Rajasthan",25.39,5.5,6,2,8314,259.35
Sangeener,"Plot No. 75, Sangeener, Jaipur, Rajasthan",6.66,6.2,8,5,8290,186.61
Raja Park,"Plot No. 166, Raja Park, Jaipur, Rajasthan",21.34,5.5,8,6,10326,269.19
Malviya Nagar,"Plot No. 189, Malviya Nagar, Jaipur, Rajasthan",29.87,5.8,7,2,8793,296.32
Pratap Nagar,"Plot No. 78, Pratap Nagar, Jaipur, Rajasthan",5.12,6.3,8,3,7982,169.33
Kalwar Road,"Plot No. 435, Kalwar Road, Jaipur, Rajasthan",5.21,5.3,8,4,9938,188.61
Tonk Road,"Plot No. 90, Tonk Road, Jaipur, Rajasthan",12.26,6.3,9,3,6625,206.69
Malviya Nagar,"Plot No. 176, Malviya Nagar, Jaipur, Rajasthan",19.35,6.8,8,6,9254,247.13
Jhotwara,"Plot No. 21, Jhotwara, Jaipur, Rajasthan",8.5,5.2,6,2,3089,138.41
Pratap Nagar,"Plot No. 54, Pratap Nagar, Jaipur, Rajasthan",8.08,6.6,8,3,5789,172.59
Jagatpura,"Plot No. 184, Jagatpura, Jaipur, Rajasthan",11.74,4.5,6,3,9610,203.35
C-Scheme,"Plot No. 359, C-Scheme, Jaipur, Rajasthan",22.43,4.9,9,4,7581,273.43
Vaishali Nagar,"Plot No. 222, Vaishali Nagar, Jaipur, Rajasthan",21.08,7.3,6,2,9490,242.53
Vaishali Nagar,"Plot No. 315, Vaishali Nagar, Jaipur, Rajasthan",24.21,4.6,8,6,7496,266.66
Kalwar Road,"Plot No. 328, Kalwar Road, Jaipur, Rajasthan",6.48,5.8,6,3,8343,163.07
Malviya Nagar,"Plot No. 179, Malviya Nagar, Jaipur, Rajasthan",25.15,7.5,8,6,4611,244.17
Pratap Nagar,"Plot No. 276, Pratap Nagar, Jaipur, Rajasthan",8.09,5.4,7,3,9038,184.31
Vaishali Nagar,"Plot No. 112, Vaishali Nagar, Jaipur, Rajasthan",24.83,5.1,8,4,7644,272.04
Civil Lines,"Plot No. 224, Civil Lines, Jaipur, Rajasthan",29.35,6.0,7,4,2214,242.29
Jhotwara,"Plot No. 214, Jhotwara, Jaipur, Rajasthan",7.41,6.2,6,3,7549,166.8
Sangeener,"Plot No. 59, Sangeener, Jaipur, Rajasthan",6.93,4.3,6,3,6654,152.99
Jagatpura,"Plot No. 327, Jagatpura, Jaipur, Rajasthan",14.9,7.9,9,3,5035,216.89
Ajmer Road,"Plot No. 393, Ajmer Road, Jaipur, Rajasthan",15.89,7.5,6,3,6147,193.47
Vidyadhar Nagar,"Plot No. 109, Vidyadhar Nagar, Jaipur, Rajasthan",5.26,7.4,7,6,7706,171.52
Mansarovar,"Plot No. 385, Mansarovar, Jaipur, Rajasthan",10.03,6.2,9,3,4505,186.35
Jhotwara,"Plot No. 157, Jhotwara, Jaipur, Rajasthan",8.69,6.4,8,5,8705,197.74
Nirman Nagar,"Plot No. 191, Nirman Nagar, Jaipur, Rajasthan",13.14,5.9,7,3,7889,203.28
Sangeener,"Plot No. 200, Sangeener, Jaipur, Rajasthan",6.16,4.3,6,4,7368,148.34
Sangeener,"Plot No. 312, Sangeener, Jaipur, Rajasthan",7.77,7.6,7,3,9567,185.41
Jhotwara,"Plot No. 196, Jhotwara, Jaipur, Rajasthan",6.51,4.7,7,4,5213,155.0
C-Scheme,"Plot No. 35, C-Scheme, Jaipur, Rajasthan",16.5,7.6,6,3,8203,197.89
Nirman Nagar,"Plot No. 379, Nirman Nagar, Jaipur, Rajasthan",11.93,6.5,7,3,7503,187.6
Sangeener,"Plot No. 387, Sangeener, Jaipur, Rajasthan",6.4,7.2,5,2,8067,151.73
Nirman Nagar,"Plot No. 246, Nirman Nagar, Jaipur, Rajasthan",10.47,5.9,7,2,9187,188.42
Jagatpura,"Plot No. 237, Jagatpura, Jaipur, Rajasthan",13.75,3.1,7,3,8190,210.64
Malviya Nagar,"Plot No. 104, Malviya Nagar, Jaipur, Rajasthan",27.74,6.3,8,3,5554,266.38
Mansarovar,"Plot No. 7, Mansarovar, Jaipur, Rajasthan",12.16,7.8,7,5,7207,184.95
Vidyadhar Nagar,"Plot No. 283, Vidyadhar Nagar, Jaipur, Rajasthan",6.9,7.6,7,6,7444,162.05
Pratap Nagar,"Plot No. 1, Pratap Nagar, Jaipur, Rajasthan",6.22,6.4,9,4,2905,167.64
C-Scheme,"Plot No. 219, C-Scheme, Jaipur, Rajasthan",26.22,6.3,7,2,6572,253.02
Kalwar Road,"Plot No. 464, Kalwar Road, Jaipur, Rajasthan",8.89,6.1,7,3,8576,177.34
Tonk Road,"Plot No. 230, Tonk Road, Jaipur, Rajasthan",14.43,5.6,7,2,4726,199.52
Mansarovar,"Plot No. 455, Mansarovar, Jaipur, Rajasthan",12.75,6.1,8,3,8085,214.27
Vidyadhar Nagar,"Plot No. 172, Vidyadhar Nagar, Jaipur, Rajasthan",4.72,6.3,7,3,4651,138.6
Mansarovar,"Plot No. 87, Mansarovar, Jaipur, Rajasthan",10.06,5.4,6,3,10199,187.61
Jagatpura,"Plot No. 41, Jagatpura, Jaipur, Rajasthan",12.3,5.6,6,2,5536,166.69
Malviya Nagar,"Plot No. 123, Malviya Nagar, Jaipur, Rajasthan",28.78,7.7,8,4,5424,276.32
Ajmer Road,"Plot No. 331, Ajmer Road, Jaipur, Rajasthan",12.39,5.7,6,4,7668,183.07
Kalwar Road,"Plot No. 298, Kalwar Road, Jaipur, Rajasthan",5.5,5.4,6,4,9598,155.36
Civil Lines,"Plot No. 373, Civil Lines, Jaipur, Rajasthan",19.5,6.3,7,3,3900,206.32
Sangeener,"Plot No. 417, Sangeener, Jaipur, Rajasthan",8.06,5.7,9,4,9547,207.79
Malviya Nagar,"Plot No. 178, Malviya Nagar, Jaipur, Rajasthan",23.17,5.2,5,2,7349,231.29
Nirman Nagar,"Plot No. 63, Nirman Nagar, Jaipur, Rajasthan",11.34,5.4,8,3,8911,205.36
Malviya Nagar,"Plot No. 484, Malviya Nagar, Jaipur, Rajasthan",23.99,5.7,7,3,11186,263.73
Sangeener,"Plot No. 165, Sangeener, Jaipur, Rajasthan",5.2,7.1,6,2,5424,138.75
Kalwar Road,"Plot No. 489, Kalwar Road, Jaipur, Rajasthan",6.69,4.2,8,5,6163,178.8
Jagatpura,"Plot No. 187, Jagatpura, Jaipur, Rajasthan",13.51,4.9,9,6,3123,197.92
Kalwar Road,"Plot No. 383, Kalwar Road, Jaipur, Rajasthan",8.64,5.9,6,3,8148,166.05
Civil Lines,"Plot No. 209, Civil Lines, Jaipur, Rajasthan",20.06,6.2,7,2,5678,219.63
Jagatpura,"Plot No. 227, Jagatpura, Jaipur, Rajasthan",15.71,4.5,7,3,7947,211.12
Civil Lines,"Plot No. 432, Civil Lines, Jaipur, Rajasthan",24.05,6.0,7,3,9218,257.84
Sangeener,"Plot No. 389, Sangeener, Jaipur, Rajasthan",5.3,5.4,6,4,8397,147.07
Jhotwara,"Plot No. 48, Jhotwara, Jaipur, Rajasthan",7.55,3.7,8,3,5634,182.89
Nirman Nagar,"Plot No. 224, Nirman Nagar, Jaipur, Rajasthan",11.76,5.2,7,5,5561,195.22
Sangeener,"Plot No. 3, Sangeener, Jaipur, Rajasthan",7.03,6.6,7,4,3494,152.99
Ajmer Road,"Plot No. 372, Ajmer Road, Jaipur, Rajasthan",12.67,6.4,7,2,8196,198.42
Mansarovar,"Plot No. 175, Mansarovar, Jaipur, Rajasthan",14.72,5.8,6,4,9435,209.49
Vidyadhar Nagar,"Plot No. 446, Vidyadhar Nagar, Jaipur, Rajasthan",7.47,5.5,6,3,5719,154.63
Sangeener,"Plot No. 99, Sangeener, Jaipur, Rajasthan",6.24,5.4,7,2,7248,174.03
C-Scheme,"Plot No. 116, C-Scheme, Jaipur, Rajasthan",26.49,5.4,5,2,9882,255.9
Tonk Road,"Plot No. 270, Tonk Road, Jaipur, Rajasthan",10.18,6.7,8,3,9300,209.0
Civil Lines,"Plot No. 447, Civil Lines, Jaipur, Rajasthan",24.55,6.2,9,3,10070,286.32
Civil Lines,"Plot No. 368, Civil Lines, Jaipur, Rajasthan",28.2,5.3,7,5,5253,260.99
C-Scheme,"Plot No. 253, C-Scheme, Jaipur, Rajasthan",16.22,5.3,7,4,6322,207.4
Malviya Nagar,"Plot No. 317, Malviya Nagar, Jaipur, Rajasthan",22.1,3.5,6,4,8571,230.91
Malviya Nagar,"Plot No. 415, Malviya Nagar, Jaipur, Rajasthan",19.14,6.3,7,6,8562,230.5
Ajmer Road,"Plot No. 95, Ajmer Road, Jaipur, Rajasthan",11.09,5.2,6,4,7472,179.51
Civil Lines,"Plot No. 273, Civil Lines, Jaipur, Rajasthan",21.82,5.7,7,2,5119,232.78
Jhotwara,"Plot No. 380, Jhotwara, Jaipur, Rajasthan",7.85,5.6,7,4,7565,184.8
Civil Lines,"Plot No. 24, Civil Lines, Jaipur, Rajasthan",17.31,7.1,6,4,7021,199.33
Nirman Nagar,"Plot No. 116, Nirman Nagar, Jaipur, Rajasthan",14.48,4.8,8,6,8798,220.34
Kalwar Road,"Plot No. 151, Kalwar Road, Jaipur, Rajasthan",5.02,7.2,8,3,10244,192.9
Vaishali Nagar,"Plot No. 338, Vaishali Nagar, Jaipur, Rajasthan",22.92,5.6,7,4,10178,270.34
Kalwar Road,"Plot No. 50, Kalwar Road, Jaipur, Rajasthan",5.97,4.8,8,4,6240,173.42
Jagatpura,"Plot No. 206, Jagatpura, Jaipur, Rajasthan",9.55,5.1,7,4,6648,172.73
Mansarovar,"Plot No. 498, Mansarovar, Jaipur, Rajasthan",14.18,5.7,7,3,6415,200.3
Jhotwara,"Plot No. 335, Jhotwara, Jaipur, Rajasthan",5.93,6.9,7,2,7655,157.58
Raja Park,"Plot No. 79, Raja Park, Jaipur, Rajasthan",24.0,7.6,6,4,6903,242.98
Civil Lines,"Plot No. 70, Civil Lines, Jaipur, Rajasthan",27.56,5.0,7,4,7267,274.29
Jhotwara,"Plot No. 27, Jhotwara, Jaipur, Rajasthan",5.63,5.1,9,4,11610,205.25
Jhotwara,"Plot No. 271, Jhotwara, Jaipur, Rajasthan",6.84,6.7,9,5,7361,200.32
Tonk Road,"Plot No. 50, Tonk Road, Jaipur, Rajasthan",12.36,7.1,8,5,6928,207.08
Civil Lines,"Plot No. 292, Civil Lines, Jaipur, Rajasthan",22.76,6.1,8,4,6221,261.27
Mansarovar,"Plot No. 247, Mansarovar, Jaipur, Rajasthan",11.94,6.6,6,3,4718,177.61
Ajmer Road,"Plot No. 264, Ajmer Road, Jaipur, Rajasthan",15.02,5.9,6,4,9940,200.01
Sangeener,"Plot No. 79, Sangeener, Jaipur, Rajasthan",7.29,6.2,8,4,9871,188.45
Nirman Nagar,"Plot No. 387, Nirman Nagar, Jaipur, Rajasthan",11.3,6.7,6,4,6011,172.18
Jhotwara,"Plot No. 190, Jhotwara, Jaipur, Rajasthan",7.09,4.9,8,6,9622,204.91
Jhotwara,"Plot No. 47, Jhotwara, Jaipur, Rajasthan",7.21,4.4,8,5,8436,201.07
Nirman Nagar,"Plot No. 461, Nirman Nagar, Jaipur, Rajasthan",14.94,5.3,6,4,8055,202.39
Vaishali Nagar,"Plot No. 361, Vaishali Nagar, Jaipur, Rajasthan",26.63,4.9,6,3,6197,241.94
Vaishali Nagar,"Plot No. 354, Vaishali Nagar, Jaipur, Rajasthan",22.7,6.5,7,5,6122,232.08
Jhotwara,"Plot No. 472, Jhotwara, Jaipur, Rajasthan",5.98,3.9,8,3,4945,173.86
Kalwar Road,"Plot No. 488, Kalwar Road, Jaipur, Rajasthan",6.25,5.4,7,4,5028,157.88
Kalwar Road,"Plot No. 352, Kalwar Road, Jaipur, Rajasthan",8.5,7.1,8,3,4581,175.03
Vidyadhar Nagar,"Plot No. 189, Vidyadhar Nagar, Jaipur, Rajasthan",8.71,5.2,5,3,5160,144.12
Sangeener,"Plot No. 416, Sangeener, Jaipur, Rajasthan",5.03,5.9,6,4,7553,154.56
Nirman Nagar,"Plot No. 256, Nirman Nagar, Jaipur, Rajasthan",11.25,7.0,8,4,4019,191.76
Pratap Nagar,"Plot No. 222, Pratap Nagar, Jaipur, Rajasthan",8.61,8.2,7,4,7858,173.38
Pratap Nagar,"Plot No. 372, Pratap Nagar, Jaipur, Rajasthan",5.8,6.6,8,6,8695,176.83
Vidyadhar Nagar,"Plot No. 241, Vidyadhar Nagar, Jaipur, Rajasthan",5.56,3.7,7,2,12637,196.73
Ajmer Road,"Plot No. 269, Ajmer Road, Jaipur, Rajasthan",14.28,5.0,6,2,5859,195.63
Vidyadhar Nagar,"Plot No. 1, Vidyadhar Nagar, Jaipur, Rajasthan",5.71,5.6,5,2,5563,128.79
Civil Lines,"Plot No. 34, Civil Lines, Jaipur, Rajasthan",26.77,6.1,7,4,8970,268.64
C-Scheme,"Plot No. 446, C-Scheme, Jaipur, Rajasthan",22.25,5.4,6,2,6097,220.71
Jagatpura,"Plot No. 79, Jagatpura, Jaipur, Rajasthan",12.67,5.0,7,4,4881,181.81
Ajmer Road,"Plot No. 236, Ajmer Road, Jaipur, Rajasthan",15.5,5.9,5,3,7620,181.35
Ajmer Road,"Plot No. 334, Ajmer Road, Jaipur, Rajasthan",13.7,6.7,7,4,6976,201.53
Tonk Road,"Plot No. 377, Tonk Road, Jaipur, Rajasthan",13.45,5.5,7,5,10302,212.44
Raja Park,"Plot No. 349, Raja Park, Jaipur, Rajasthan",29.61,6.8,7,3,9335,289.9
Pratap Nagar,"Plot No. 98, Pratap Nagar, Jaipur, Rajasthan",7.91,7.6,8,3,3270,155.58
Nirman Nagar,"Plot No. 82, Nirman Nagar, Jaipur, Rajasthan",10.71,6.0,7,3,3708,162.26
Tonk Road,"Plot No. 455, Tonk Road, Jaipur, Rajasthan",13.23,6.4,8,4,7710,214.18
Civil Lines,"Plot No. 477, Civil Lines, Jaipur, Rajasthan",24.87,5.1,7,4,6989,255.9
C-Scheme,"Plot No. 415, C-Scheme, Jaipur, Rajasthan",17.48,6.1,7,6,5506,206.71
Tonk Road,"Plot No. 192, Tonk Road, Jaipur, Rajasthan",9.86,4.4,7,3,4878,180.66
Mansarovar,"Plot No. 253, Mansarovar, Jaipur, Rajasthan",11.24,5.7,8,6,9322,206.75
Jhotwara,"Plot No. 409, Jhotwara, Jaipur, Rajasthan",5.09,5.0,8,5,10620,188.25
C-Scheme,"Plot No. 38, C-Scheme, Jaipur, Rajasthan",26.19,3.5,8,5,8581,285.48
Jagatpura,"Plot No. 14, Jagatpura, Jaipur, Rajasthan",14.46,6.2,7,4,6875,210.83
Vaishali Nagar,"Plot No. 392, Vaishali Nagar, Jaipur, Rajasthan",29.68,5.8,7,6,6014,271.21
Sangeener,"Plot No. 347, Sangeener, Jaipur, Rajasthan",4.63,6.0,8,4,8438,174.39
Tonk Road,"Plot No. 310, Tonk Road, Jaipur, Rajasthan",10.97,6.4,9,3,6317,209.23
Pratap Nagar,"Plot No. 386, Pratap Nagar, Jaipur, Rajasthan",7.47,5.9,7,5,8450,174.59
Pratap Nagar,"Plot No. 209, Pratap Nagar, Jaipur, Rajasthan",7.87,6.6,7,3,5055,166.33
Vaishali Nagar,"Plot No. 357, Vaishali Nagar, Jaipur, Rajasthan",29.98,5.0,8,3,7811,291.43
Jagatpura,"Plot No. 462, Jagatpura, Jaipur, Rajasthan",12.66,6.3,6,2,5013,179.85
Tonk Road,"Plot No. 89, Tonk Road, Jaipur, Rajasthan",15.22,5.4,7,4,9391,216.36
Ajmer Road,"Plot No. 56, Ajmer Road, Jaipur, Rajasthan",13.87,6.6,9,4,7562,237.34
Mansarovar,"Plot No. 94, Mansarovar, Jaipur, Rajasthan",14.5,8.5,8,3,7003,209.19
Jagatpura,"Plot No. 93, Jagatpura, Jaipur, Rajasthan",13.7,5.7,8,5,8103,226.3
Nirman Nagar,"Plot No. 340, Nirman Nagar, Jaipur, Rajasthan",10.43,7.1,7,4,9811,195.42
Tonk Road,"Plot No. 85, Tonk Road, Jaipur, Rajasthan",9.76,6.4,7,4,7563,178.98
Mansarovar,"Plot No. 445, Mansarovar, Jaipur, Rajasthan",14.72,5.5,5,3,8158,182.72
Malviya Nagar,"Plot No. 245, Malviya Nagar, Jaipur, Rajasthan",29.89,5.9,8,5,7293,299.09
Sangeener,"Plot No. 22, Sangeener, Jaipur, Rajasthan",8.86,7.6,6,2,5429,151.45
Sangeener,"Plot No. 291, Sangeener, Jaipur, Rajasthan",5.09,5.1,8,5,4701,158.06
Jhotwara,"Plot No. 485, Jhotwara, Jaipur, Rajasthan",8.75,4.3,5,2,9022,159.6
Malviya Nagar,"Plot No. 272, Malviya Nagar, Jaipur, Rajasthan",18.4,6.8,8,5,7391,245.3
Malviya Nagar,"Plot No. 306, Malviya Nagar, Jaipur, Rajasthan",17.11,4.0,7,3,8253,221.29
Pratap Nagar,"Plot No. 122, Pratap Nagar, Jaipur, Rajasthan",7.36,6.8,7,3,8311,170.63
Civil Lines,"Plot No. 128, Civil Lines, Jaipur, Rajasthan",26.99,6.3,7,5,9696,286.46
Jhotwara,"Plot No. 113, Jhotwara, Jaipur, Rajasthan",7.6,6.9,6,2,8099,171.64
Jhotwara,"Plot No. 427, Jhotwara, Jaipur, Rajasthan",5.91,6.5,8,5,6628,167.74
Kalwar Road,"Plot No. 273, Kalwar Road, Jaipur, Rajasthan",8.57,6.4,6,2,7595,173.81
Civil Lines,"Plot No. 336, Civil Lines, Jaipur, Rajasthan",30.0,5.6,7,2,7414,276.67
C-Scheme,"Plot No. 442, C-Scheme, Jaipur, Rajasthan",19.42,5.9,6,3,5952,202.82
Tonk Road,"Plot No. 130, Tonk Road, Jaipur, Rajasthan",12.12,5.3,8,5,5789,206.58
Jhotwara,"Plot No. 132, Jhotwara, Jaipur, Rajasthan",5.69,7.7,4,2,6546,126.92
Tonk Road,"Plot No. 85, Tonk Road, Jaipur, Rajasthan",9.34,7.6,7,4,6266,169.66
Tonk Road,"Plot No. 423, Tonk Road, Jaipur, Rajasthan",10.25,6.6,7,4,5611,168.16
Ajmer Road,"Plot No. 482, Ajmer Road, Jaipur, Rajasthan",13.47,6.4,8,3,7984,210.1
Pratap Nagar,"Plot No. 350, Pratap Nagar, Jaipur, Rajasthan",6.56,4.7,6,2,7567,164.69
Jhotwara,"Plot No. 390, Jhotwara, Jaipur, Rajasthan",4.84,6.0,7,5,3950,152.28
Vidyadhar Nagar,"Plot No. 81, Vidyadhar Nagar, Jaipur, Rajasthan",5.65,5.9,7,4,5000,147.45
Vaishali Nagar,"Plot No. 487, Vaishali Nagar, Jaipur, Rajasthan",24.46,6.0,7,2,9425,270.9
Mansarovar,"Plot No. 473, Mansarovar, Jaipur, Rajasthan",15.1,6.7,7,4,6637,199.17
Kalwar Road,"Plot No. 325, Kalwar Road, Jaipur, Rajasthan",5.84,6.9,6,2,5673,146.64
Sangeener,"Plot No. 69, Sangeener, Jaipur, Rajasthan",4.66,6.4,6,4,6716,135.02
Jhotwara,"Plot No. 148, Jhotwara, Jaipur, Rajasthan",5.16,5.8,8,4,5449,166.02
Vaishali Nagar,"Plot No. 448, Vaishali Nagar, Jaipur, Rajasthan",16.26,6.3,8,4,4881,209.39
Civil Lines,"Plot No. 16, Civil Lines, Jaipur, Rajasthan",16.5,6.1,7,3,7680,225.97
Vidyadhar Nagar,"Plot No. 307, Vidyadhar Nagar, Jaipur, Rajasthan",6.49,4.7,4,3,8266,134.23
Tonk Road,"Plot No. 105, Tonk Road, Jaipur, Rajasthan",10.11,4.8,8,4,9847,209.53
Mansarovar,"Plot No. 165, Mansarovar, Jaipur, Rajasthan",13.37,8.3,6,2,4925,180.16
Kalwar Road,"Plot No. 488, Kalwar Road, Jaipur, Rajasthan",7.81,7.0,7,3,7558,172.54
Vidyadhar Nagar,"Plot No. 201, Vidyadhar Nagar, Jaipur, Rajasthan",5.3,6.6,6,2,2981,122.21
Pratap Nagar,"Plot No. 197, Pratap Nagar, Jaipur, Rajasthan",4.7,5.8,8,5,6040,166.01
C-Scheme,"Plot No. 426, C-Scheme, Jaipur, Rajasthan",24.62,5.4,6,4,6989,248.82
Mansarovar,"Plot No. 185, Mansarovar, Jaipur, Rajasthan",9.45,5.3,5,3,10200,172.07
Pratap Nagar,"Plot No. 322, Pratap Nagar, Jaipur, Rajasthan",5.1,5.9,6,2,9118,150.88
Kalwar Road,"Plot No. 265, Kalwar Road, Jaipur, Rajasthan",6.67,5.3,8,6,7871,182.08
Nirman Nagar,"Plot No. 363, Nirman Nagar, Jaipur, Rajasthan",9.53,7.1,7,2,4424,175.3
Kalwar Road,"Plot No. 100, Kalwar Road, Jaipur, Rajasthan",5.25,6.5,7,2,7478,153.28
Pratap Nagar,"Plot No. 342, Pratap Nagar, Jaipur, Rajasthan",4.52,7.3,8,5,6461,162.22
Nirman Nagar,"Plot No. 320, Nirman Nagar, Jaipur, Rajasthan",9.82,8.5,8,5,8016,198.43
Jagatpura,"Plot No. 214, Jagatpura, Jaipur, Rajasthan",11.14,6.2,8,3,5977,186.63
Mansarovar,"Plot No. 278, Mansarovar, Jaipur, Rajasthan",14.37,5.0,8,6,6238,210.57
Civil Lines,"Plot No. 162, Civil Lines, Jaipur, Rajasthan",25.62,5.7,8,4,7918,283.83
Nirman Nagar,"Plot No. 439, Nirman Nagar, Jaipur, Rajasthan",14.74,5.5,8,6,8179,215.01
Vidyadhar Nagar,"Plot No. 157, Vidyadhar Nagar, Jaipur, Rajasthan",7.6,5.6,6,2,9651,178.37
Mansarovar,"Plot No. 422, Mansarovar, Jaipur, Rajasthan",15.35,5.0,7,4,6709,215.55
Tonk Road,"Plot No. 251, Tonk Road, Jaipur, Rajasthan",15.45,6.3,8,4,8066,221.58
Mansarovar,"Plot No. 366, Mansarovar, Jaipur, Rajasthan",10.07,6.2,7,2,8423,184.45
Tonk Road,"Plot No. 97, Tonk Road, Jaipur, Rajasthan",9.23,6.7,7,3,4633,174.72
Nirman Nagar,"Plot No. 18, Nirman Nagar, Jaipur, Rajasthan",15.83,7.3,8,4,8974,236.18
Pratap Nagar,"Plot No. 327, Pratap Nagar, Jaipur, Rajasthan",7.18,8.1,6,2,5861,140.89
Jagatpura,"Plot No. 449, Jagatpura, Jaipur, Rajasthan",12.95,6.7,7,6,6541,188.06
Vidyadhar Nagar,"Plot No. 383, Vidyadhar Nagar, Jaipur, Rajasthan",6.74,7.4,6,3,8660,163.98
Ajmer Road,"Plot No. 97, Ajmer Road, Jaipur, Rajasthan",14.45,5.2,6,3,6731,190.6
Jagatpura,"Plot No. 1, Jagatpura, Jaipur, Rajasthan",14.6,6.7,7,4,6093,199.58
Tonk Road,"Plot No. 216, Tonk Road, Jaipur, Rajasthan",10.34,6.3,7,4,6687,191.65
Vidyadhar Nagar,"Plot No. 132, Vidyadhar Nagar, Jaipur, Rajasthan",5.97,6.2,6,4,2897,129.25
Jagatpura,"Plot No. 260, Jagatpura, Jaipur, Rajasthan",15.05,6.0,7,2,2796,193.85
Pratap Nagar,"Plot No. 125, Pratap Nagar, Jaipur, Rajasthan",6.07,5.7,8,4,5882,174.21
Vidyadhar Nagar,"Plot No. 82, Vidyadhar Nagar, Jaipur, Rajasthan",5.12,6.6,7,3,5966,145.94
Civil Lines,"Plot No. 283, Civil Lines, Jaipur, Rajasthan",25.44,6.0,7,2,6008,257.04
Vaishali Nagar,"Plot No. 171, Vaishali Nagar, Jaipur, Rajasthan",16.79,6.4,7,5,10001,230.4
Pratap Nagar,"Plot No. 59, Pratap Nagar, Jaipur, Rajasthan",7.27,3.4,8,3,4887,169.73
Sangeener,"Plot No. 32, Sangeener, Jaipur, Rajasthan",6.72,6.2,6,3,7356,152.53
Kalwar Road,"Plot No. 161, Kalwar Road, Jaipur, Rajasthan",6.86,6.3,7,3,9557,181.41
Malviya Nagar,"Plot No. 284, Malviya Nagar, Jaipur, Rajasthan",23.31,7.2,8,3,9116,269.7
Kalwar Road,"Plot No. 106, Kalwar Road, Jaipur, Rajasthan",5.62,6.5,7,4,4120,156.19
Civil Lines,"Plot No. 105, Civil Lines, Jaipur, Rajasthan",20.21,6.7,6,3,7010,226.1
Vidyadhar Nagar,"Plot No. 439, Vidyadhar Nagar, Jaipur, Rajasthan",8.84,6.2,8,6,5011,173.3
Pratap Nagar,"Plot No. 228, Pratap Nagar, Jaipur, Rajasthan",5.8,7.4,6,2,10708,172.76
Sangeener,"Plot No. 188, Sangeener, Jaipur, Rajasthan",8.44,5.0,8,6,5880,173.58
Vaishali Nagar,"Plot No. 70, Vaishali Nagar, Jaipur, Rajasthan",18.89,7.1,7,4,7956,221.4
Tonk Road,"Plot No. 318, Tonk Road, Jaipur, Rajasthan",14.6,6.2,6,4,5066,177.1
Mansarovar,"Plot No. 464, Mansarovar, Jaipur, Rajasthan",14.15,4.7,6,2,6928,194.45
Sangeener,"Plot No. 290, Sangeener, Jaipur, Rajasthan",5.7,4.0,7,4,5823,153.37
Malviya Nagar,"Plot No. 87, Malviya Nagar, Jaipur, Rajasthan",22.36,6.7,7,6,9803,252.6
Pratap Nagar,"Plot No. 370, Pratap Nagar, Jaipur, Rajasthan",7.47,6.8,7,5,10306,181.04
Mansarovar,"Plot No. 362, Mansarovar, Jaipur, Rajasthan",11.98,6.8,7,2,7579,190.95
Raja Park,"Plot No. 472, Raja Park, Jaipur, Rajasthan",16.15,6.4,8,5,5839,226.96
Sangeener,"Plot No. 56, Sangeener, Jaipur, Rajasthan",7.05,4.8,8,3,9261,203.89
Pratap Nagar,"Plot No. 113, Pratap Nagar, Jaipur, Rajasthan",7.47,5.5,8,3,9113,197.89
Pratap Nagar,"Plot No. 13, Pratap Nagar, Jaipur, Rajasthan",7.25,4.6,7,3,9644,186.57
Raja Park,"Plot No. 440, Raja Park, Jaipur, Rajasthan",24.55,6.3,8,3,5571,261.41
C-Scheme,"Plot No. 18, C-Scheme, Jaipur, Rajasthan",21.29,4.4,5,4,4274,207.4
Nirman Nagar,"Plot No. 182, Nirman Nagar, Jaipur, Rajasthan",11.07,4.9,8,3,5075,196.94
Malviya Nagar,"Plot No. 461, Malviya Nagar, Jaipur, Rajasthan",28.24,6.9,8,4,4795,261.81
Jagatpura,"Plot No. 113, Jagatpura, Jaipur, Rajasthan",10.8,6.6,8,6,5384,186.07
Jagatpura,"Plot No. 229, Jagatpura, Jaipur, Rajasthan",14.19,4.3,7,5,10698,221.02
Vaishali Nagar,"Plot No. 171, Vaishali Nagar, Jaipur, Rajasthan",19.77,6.9,8,4,7905,242.46
Sangeener,"Plot No. 295, Sangeener, Jaipur, Rajasthan",6.67,7.4,7,2,8311,168.36
Raja Park,"Plot No. 189, Raja Park, Jaipur, Rajasthan",23.47,7.0,9,3,5264,267.22
Nirman Nagar,"Plot No. 426, Nirman Nagar, Jaipur, Rajasthan",12.78,7.3,7,3,7573,202.21
Tonk Road,"Plot No. 465, Tonk Road, Jaipur, Rajasthan",12.75,5.5,6,3,7838,179.23
Malviya Nagar,"Plot No. 79, Malviya Nagar, Jaipur, Rajasthan",29.19,4.8,7,2,9227,283.97
C-Scheme,"Plot No. 146, C-Scheme, Jaipur, Rajasthan",28.43,6.6,6,3,7593,264.0
Jhotwara,"Plot No. 407, Jhotwara, Jaipur, Rajasthan",8.87,5.5,7,3,3481,153.14
Sangeener,"Plot No. 182, Sangeener, Jaipur, Rajasthan",8.53,6.0,6,4,9593,168.33
Kalwar Road,"Plot No. 499, Kalwar Road, Jaipur, Rajasthan",4.87,3.2,7,2,8774,178.01
Raja Park,"Plot No. 286, Raja Park, Jaipur, Rajasthan",19.8,5.0,8,6,5857,236.88
Pratap Nagar,"Plot No. 250, Pratap Nagar, Jaipur, Rajasthan",8.66,4.9,5,3,8400,168.33
Pratap Nagar,"Plot No. 354, Pratap Nagar, Jaipur, Rajasthan",8.04,4.5,7,3,9490,194.76
Kalwar Road,"Plot No. 314, Kalwar Road, Jaipur, Rajasthan",8.51,5.6,7,2,5151,175.07
Kalwar Road,"Plot No. 196, Kalwar Road, Jaipur, Rajasthan",7.02,7.0,7,6,6607,156.2
Kalwar Road,"Plot No. 323, Kalwar Road, Jaipur, Rajasthan",6.61,6.7,7,6,8163,165.22
Sangeener,"Plot No. 71, Sangeener, Jaipur, Rajasthan",4.97,7.0,6,3,8766,150.11
Ajmer Road,"Plot No. 248, Ajmer Road, Jaipur, Rajasthan",9.97,4.7,7,6,6175,173.41
Tonk Road,"Plot No. 146, Tonk Road, Jaipur, Rajasthan",11.56,5.6,9,5,7237,215.98
Jagatpura,"Plot No. 106, Jagatpura, Jaipur, Rajasthan",13.86,6.4,5,3,8089,188.35
Raja Park,"Plot No. 263, Raja Park, Jaipur, Rajasthan",18.56,6.2,6,4,10300,237.31
Vaishali Nagar,"Plot No. 296, Vaishali Nagar, Jaipur, Rajasthan",25.0,6.2,5,3,6314,235.06
Mansarovar,"Plot No. 70, Mansarovar, Jaipur, Rajasthan",12.98,5.4,5,3,5624,166.47
Jagatpura,"Plot No. 470, Jagatpura, Jaipur, Rajasthan",11.88,5.2,7,2,5978,190.84
C-Scheme,"Plot No. 193, C-Scheme, Jaipur, Rajasthan",17.72,5.9,7,2,9723,228.43
Vidyadhar Nagar,"Plot No. 68, Vidyadhar Nagar, Jaipur, Rajasthan",5.35,6.1,6,2,7952,151.35
Mansarovar,"Plot No. 494, Mansarovar, Jaipur, Rajasthan",13.88,6.1,7,4,5635,202.07
C-Scheme,"Plot No. 305, C-Scheme, Jaipur, Rajasthan",29.13,3.4,7,6,12132,294.97
Nirman Nagar,"Plot No. 52, Nirman Nagar, Jaipur, Rajasthan",10.61,5.7,8,3,9064,209.35
Kalwar Road,"Plot No. 370, Kalwar Road, Jaipur, Rajasthan",7.74,5.6,8,5,7587,195.14
Ajmer Road,"Plot No. 363, Ajmer Road, Jaipur, Rajasthan",9.6,5.9,9,5,6023,192.79
Malviya Nagar,"Plot No. 285, Malviya Nagar, Jaipur, Rajasthan",27.48,6.7,7,3,9426,287.63
Vidyadhar Nagar,"Plot No. 405, Vidyadhar Nagar, Jaipur, Rajasthan",7.88,4.8,7,2,6202,160.88
Raja Park,"Plot No. 474, Raja Park, Jaipur, Rajasthan",19.37,7.3,9,3,9272,269.11
Pratap Nagar,"Plot No. 334, Pratap Nagar, Jaipur, Rajasthan",7.57,5.0,8,3,6159,177.7
Ajmer Road,"Plot No. 9, Ajmer Road, Jaipur, Rajasthan",15.09,5.6,6,4,3909,173.23
Civil Lines,"Plot No. 251, Civil Lines, Jaipur, Rajasthan",16.97,6.8,6,3,8916,205.98
Tonk Road,"Plot No. 431, Tonk Road, Jaipur, Rajasthan",9.69,6.4,8,5,8112,202.5
Jagatpura,"Plot No. 332, Jagatpura, Jaipur, Rajasthan",10.88,6.6,7,4,11529,216.38
Malviya Nagar,"Plot No. 298, Malviya Nagar, Jaipur, Rajasthan",23.77,5.9,8,4,7283,265.48
Vidyadhar Nagar,"Plot No. 435, Vidyadhar Nagar, Jaipur, Rajasthan",8.54,5.5,10,5,5978,216.21
Sangeener,"Plot No. 184, Sangeener, Jaipur, Rajasthan",8.66,5.7,7,3,6836,183.05
Mansarovar,"Plot No. 179, Mansarovar, Jaipur, Rajasthan",10.75,6.7,8,6,7700,191.23
Mansarovar,"Plot No. 198, Mansarovar, Jaipur, Rajasthan",11.46,8.0,8,5,7309,203.94
Mansarovar,"Plot No. 128, Mansarovar, Jaipur, Rajasthan",10.32,8.3,7,6,7641,180.38
Civil Lines,"Plot No. 20, Civil Lines, Jaipur, Rajasthan",26.89,7.8,7,3,657,228.75
Kalwar Road,"Plot No. 472, Kalwar Road, Jaipur, Rajasthan",8.61,6.8,10,6,6278,199.4
Jagatpura,"Plot No. 411, Jagatpura, Jaipur, Rajasthan",11.05,5.6,5,3,7508,162.82
Tonk Road,"Plot No. 422, Tonk Road, Jaipur, Rajasthan",14.68,4.9,8,4,9466,234.1
Pratap Nagar,"Plot No. 328, Pratap Nagar, Jaipur, Rajasthan",8.51,5.7,8,6,6042,177.88
Jhotwara,"Plot No. 65, Jhotwara, Jaipur, Rajasthan",6.04,4.5,9,5,5540,185.89
Nirman Nagar,"Plot No. 182, Nirman Nagar, Jaipur, Rajasthan",14.23,7.4,11,5,9622,270.77
Nirman Nagar,"Plot No. 241, Nirman Nagar, Jaipur, Rajasthan",13.12,7.0,6,3,10566,192.4
Tonk Road,"Plot No. 369, Tonk Road, Jaipur, Rajasthan",10.89,5.6,7,4,4827,182.72
Raja Park,"Plot No. 24, Raja Park, Jaipur, Rajasthan",21.22,8.0,8,5,4750,237.43
C-Scheme,"Plot No. 384, C-Scheme, Jaipur, Rajasthan",19.22,6.1,8,5,6229,226.18
Ajmer Road,"Plot No. 431, Ajmer Road, Jaipur, Rajasthan",14.95,5.5,6,4,5172,192.17
Tonk Road,"Plot No. 455, Tonk Road, Jaipur, Rajasthan",14.59,6.2,6,4,7104,187.74
Vidyadhar Nagar,"Plot No. 83, Vidyadhar Nagar, Jaipur, Rajasthan",8.83,4.2,7,3,6237,171.59
Vidyadhar Nagar,"Plot No. 470, Vidyadhar Nagar, Jaipur, Rajasthan",6.41,5.9,6,2,8298,152.28
Jhotwara,"Plot No. 319, Jhotwara, Jaipur, Rajasthan",6.64,5.3,7,6,5554,161.38
Raja Park,"Plot No. 185, Raja Park, Jaipur, Rajasthan",26.48,6.1,7,4,8105,267.44
Kalwar Road,"Plot No. 439, Kalwar Road, Jaipur, Rajasthan",5.88,5.9,6,4,6545,146.04
Nirman Nagar,"Plot No. 316, Nirman Nagar, Jaipur, Rajasthan",11.43,6.2,7,4,8794,191.91
Pratap Nagar,"Plot No. 99, Pratap Nagar, Jaipur, Rajasthan",5.38,4.9,6,3,8178,163.12
Pratap Nagar,"Plot No. 62, Pratap Nagar, Jaipur, Rajasthan",7.63,7.4,5,2,11170,173.9
Malviya Nagar,"Plot No. 286, Malviya Nagar, Jaipur, Rajasthan",21.41,5.4,7,3,6225,235.6
Ajmer Road,"Plot No. 477, Ajmer Road, Jaipur, Rajasthan",11.59,6.3,9,5,11594,232.04
Vidyadhar Nagar,"Plot No. 22, Vidyadhar Nagar, Jaipur, Rajasthan",8.07,5.5,7,4,6267,162.74
Jagatpura,"Plot No. 459, Jagatpura, Jaipur, Rajasthan",14.77,6.9,7,4,7574,214.79
Pratap Nagar,"Plot No. 212, Pratap Nagar, Jaipur, Rajasthan",6.73,4.6,5,3,7528,139.97
Vidyadhar Nagar,"Plot No. 126, Vidyadhar Nagar, Jaipur, Rajasthan",7.8,6.0,7,6,7622,165.81
Malviya Nagar,"Plot No. 413, Malviya Nagar, Jaipur, Rajasthan",24.77,5.0,8,5,5523,259.4
Jagatpura,"Plot No. 499, Jagatpura, Jaipur, Rajasthan",9.22,5.1,7,2,6888,184.67
Mansarovar,"Plot No. 425, Mansarovar, Jaipur, Rajasthan",9.31,6.1,5,2,10416,171.77
Raja Park,"Plot No. 42, Raja Park, Jaipur, Rajasthan",27.01,4.1,6,2,10219,262.62
C-Scheme,"Plot No. 98, C-Scheme, Jaipur, Rajasthan",16.25,4.3,9,4,10547,261.09
Civil Lines,"Plot No. 449, Civil Lines, Jaipur, Rajasthan",22.76,4.8,8,4,10589,278.84
Vidyadhar Nagar,"Plot No. 31, Vidyadhar Nagar, Jaipur, Rajasthan",6.53,5.6,8,4,4993,172.54
Jhotwara,"Plot No. 158, Jhotwara, Jaipur, Rajasthan",8.05,7.9,6,4,6238,149.2
Jhotwara,"Plot No. 112, Jhotwara, Jaipur, Rajasthan",6.1,5.8,8,3,6908,182.03
Ajmer Road,"Plot No. 402, Ajmer Road, Jaipur, Rajasthan",13.52,6.5,6,4,9598,199.72
C-Scheme,"Plot No. 247, C-Scheme, Jaipur, Rajasthan",24.33,4.8,7,2,6227,250.45
Raja Park,"Plot No. 122, Raja Park, Jaipur, Rajasthan",27.11,5.8,7,4,12225,292.47
Vidyadhar Nagar,"Plot No. 273, Vidyadhar Nagar, Jaipur, Rajasthan",7.06,6.0,8,5,7055,176.9
Raja Park,"Plot No. 294, Raja Park, Jaipur, Rajasthan",25.51,6.7,8,3,8714,271.97
Vaishali Nagar,"Plot No. 398, Vaishali Nagar, Jaipur, Rajasthan",29.79,4.3,6,2,8660,266.94
Jhotwara,"Plot No. 471, Jhotwara, Jaipur, Rajasthan",8.81,6.0,6,2,5545,155.95
Civil Lines,"Plot No. 473, Civil Lines, Jaipur, Rajasthan",20.73,5.9,6,4,6573,220.22
Pratap Nagar,"Plot No. 207, Pratap Nagar, Jaipur, Rajasthan",6.78,4.7,7,5,5283,165.77
Vidyadhar Nagar,"Plot No. 110, Vidyadhar Nagar, Jaipur, Rajasthan",5.36,6.0,7,3,8578,159.95
Mansarovar,"Plot No. 440, Mansarovar, Jaipur, Rajasthan",11.72,6.9,7,6,5910,192.94
Ajmer Road,"Plot No. 278, Ajmer Road, Jaipur, Rajasthan",15.38,5.5,6,2,6451,190.11
Vidyadhar Nagar,"Plot No. 451, Vidyadhar Nagar, Jaipur, Rajasthan",7.08,4.5,6,4,6733,155.23
Pratap Nagar,"Plot No. 56, Pratap Nagar, Jaipur, Rajasthan",7.97,7.1,8,3,6691,173.03
Ajmer Road,"Plot No. 375, Ajmer Road, Jaipur, Rajasthan",12.96,5.8,8,6,3258,193.86
Pratap Nagar,"Plot No. 403, Pratap Nagar, Jaipur, Rajasthan",5.55,7.7,8,5,9978,190.16
Kalwar Road,"Plot No. 57, Kalwar Road, Jaipur, Rajasthan",6.42,4.4,6,3,7653,168.06
Mansarovar,"Plot No. 428, Mansarovar, Jaipur, Rajasthan",13.9,5.4,7,4,6964,199.18
Malviya Nagar,"Plot No. 482, Malviya Nagar, Jaipur, Rajasthan",20.35,6.4,6,2,5193,206.19
Kalwar Road,"Plot No. 291, Kalwar Road, Jaipur, Rajasthan",4.78,6.2,8,3,6146,169.9
Vaishali Nagar,"Plot No. 114, Vaishali Nagar, Jaipur, Rajasthan",25.67,6.3,7,4,7021,262.01
Jagatpura,"Plot No. 381, Jagatpura, Jaipur, Rajasthan",10.63,6.3,7,4,7674,197.69
Kalwar Road,"Plot No. 385, Kalwar Road, Jaipur, Rajasthan",4.92,4.3,8,5,9212,178.33
Kalwar Road,"Plot No. 308, Kalwar Road, Jaipur, Rajasthan",5.97,6.2,7,3,8110,173.01
Raja Park,"Plot No. 341, Raja Park, Jaipur, Rajasthan",21.64,5.2,8,4,8984,253.33
Vaishali Nagar,"Plot No. 477, Vaishali Nagar, Jaipur, Rajasthan",16.51,4.8,7,2,8056,220.94
Jhotwara,"Plot No. 198, Jhotwara, Jaipur, Rajasthan",6.68,4.5,6,2,6767,148.54
Ajmer Road,"Plot No. 421, Ajmer Road, Jaipur, Rajasthan",12.72,6.7,8,6,5268,201.41
Nirman Nagar,"Plot No. 321, Nirman Nagar, Jaipur, Rajasthan",12.52,7.0,7,4,7790,199.58
Pratap Nagar,"Plot No. 179, Pratap Nagar, Jaipur, Rajasthan",7.63,6.8,7,3,13918,195.99
Sangeener,"Plot No. 385, Sangeener, Jaipur, Rajasthan",5.9,4.8,7,3,7917,166.1
Vidyadhar Nagar,"Plot No. 219, Vidyadhar Nagar, Jaipur, Rajasthan",5.1,5.9,6,4,8637,153.72
Pratap Nagar,"Plot No. 277, Pratap Nagar, Jaipur, Rajasthan",4.58,6.0,6,4,6931,139.6
Jhotwara,"Plot No. 437, Jhotwara, Jaipur, Rajasthan",6.46,5.0,7,4,8019,163.38
Civil Lines,"Plot No. 16, Civil Lines, Jaipur, Rajasthan",18.75,5.9,7,3,7663,224.84
Sangeener,"Plot No. 492, Sangeener, Jaipur, Rajasthan",5.84,5.3,7,4,4785,158.86
Sangeener,"Plot No. 379, Sangeener, Jaipur, Rajasthan",5.36,5.5,6,4,8861,155.99
Vidyadhar Nagar,"Plot No. 61, Vidyadhar Nagar, Jaipur, Rajasthan",8.57,7.4,7,4,7530,173.15
Pratap Nagar,"Plot No. 54, Pratap Nagar, Jaipur, Rajasthan",4.96,6.8,8,3,3821,162.55
Jagatpura,"Plot No. 168, Jagatpura, Jaipur, Rajasthan",12.66,6.0,7,6,7075,186.98
Jhotwara,"Plot No. 26, Jhotwara, Jaipur, Rajasthan",8.37,5.5,7,4,8313,187.84
Kalwar Road,"Plot No. 336, Kalwar Road, Jaipur, Rajasthan",7.58,7.1,8,5,7513,183.96
Jhotwara,"Plot No. 476, Jhotwara, Jaipur, Rajasthan",6.36,6.3,7,4,6553,171.73
Tonk Road,"Plot No. 65, Tonk Road, Jaipur, Rajasthan",11.06,6.7,7,2,7468,187.25
Tonk Road,"Plot No. 100, Tonk Road, Jaipur, Rajasthan",14.23,5.4,9,5,8625,240.49
Vaishali Nagar,"Plot No. 74, Vaishali Nagar, Jaipur, Rajasthan",26.11,7.1,6,2,7243,239.29
Jagatpura,"Plot No. 192, Jagatpura, Jaipur, Rajasthan",12.76,5.7,6,4,5418,185.36
Kalwar Road,"Plot No. 171, Kalwar Road, Jaipur, Rajasthan",7.32,7.3,8,6,6050,172.33
Jhotwara,"Plot No. 273, Jhotwara, Jaipur, Rajasthan",8.74,7.0,5,2,6385,148.86
Kalwar Road,"Plot No. 377, Kalwar Road, Jaipur, Rajasthan",8.75,4.7,7,4,5109,162.26
Ajmer Road,"Plot No. 187, Ajmer Road, Jaipur, Rajasthan",9.4,5.5,8,3,4706,190.31
Jhotwara,"Plot No. 23, Jhotwara, Jaipur, Rajasthan",7.1,5.5,8,3,9292,196.75
Sangeener,"Plot No. 391, Sangeener, Jaipur, Rajasthan",5.12,7.3,8,6,8124,166.32
Sangeener,"Plot No. 428, Sangeener, Jaipur, Rajasthan",4.79,4.0,6,4,9903,156.61
Raja Park,"Plot No. 181, Raja Park, Jaipur, Rajasthan",18.78,5.2,8,5,8517,243.93
Jhotwara,"Plot No. 327, Jhotwara, Jaipur, Rajasthan",7.54,6.4,8,5,7176,177.81
Sangeener,"Plot No. 108, Sangeener, Jaipur, Rajasthan",7.0,5.7,7,6,7276,166.52
Jagatpura,"Plot No. 335, Jagatpura, Jaipur, Rajasthan",10.99,3.9,7,3,4911,190.41
Vaishali Nagar,"Plot No. 162, Vaishali Nagar, Jaipur, Rajasthan",29.75,5.0,6,4,7755,274.25
Jhotwara,"Plot No. 302, Jhotwara, Jaipur, Rajasthan",8.0,5.0,6,2,5002,161.35
Nirman Nagar,"Plot No. 493, Nirman Nagar, Jaipur, Rajasthan",12.82,5.9,8,4,7307,208.94
Vaishali Nagar,"Plot No. 452, Vaishali Nagar, Jaipur, Rajasthan",16.79,6.3,7,3,7963,224.16
Nirman Nagar,"Plot No. 206, Nirman Nagar, Jaipur, Rajasthan",10.29,2.7,8,6,2141,176.24
Raja Park,"Plot No. 78, Raja Park, Jaipur, Rajasthan",20.13,6.2,8,6,9260,251.19
Sangeener,"Plot No. 16, Sangeener, Jaipur, Rajasthan",4.76,7.1,7,2,7711,160.14
Mansarovar,"Plot No. 327, Mansarovar, Jaipur, Rajasthan",14.99,5.8,8,3,3912,202.36
Sangeener,"Plot No. 96, Sangeener, Jaipur, Rajasthan",8.85,5.4,6,3,5904,170.51
Sangeener,"Plot No. 147, Sangeener, Jaipur, Rajasthan",7.14,4.3,8,3,7840,187.95
Mansarovar,"Plot No. 2, Mansarovar, Jaipur, Rajasthan",9.46,6.0,7,4,9828,200.77
Sangeener,"Plot No. 10, Sangeener, Jaipur, Rajasthan",5.28,7.3,6,3,5747,143.47
C-Scheme,"Plot No. 434, C-Scheme, Jaipur, Rajasthan",20.69,6.9,7,4,7039,232.75
Kalwar Road,"Plot No. 125, Kalwar Road, Jaipur, Rajasthan",6.43,5.6,8,4,6700,176.45
Jagatpura,"Plot No. 81, Jagatpura, Jaipur, Rajasthan",11.97,6.6,8,5,7454,202.66
Malviya Nagar,"Plot No. 485, Malviya Nagar, Jaipur, Rajasthan",17.89,4.8,7,6,9260,226.11
Civil Lines,"Plot No. 140, Civil Lines, Jaipur, Rajasthan",25.73,7.2,7,5,6524,259.55
Tonk Road,"Plot No. 326, Tonk Road, Jaipur, Rajasthan",11.74,4.5,6,4,7336,191.64
Vidyadhar Nagar,"Plot No. 150, Vidyadhar Nagar, Jaipur, Rajasthan",8.78,5.9,9,3,3633,178.82
Jhotwara,"Plot No. 288, Jhotwara, Jaipur, Rajasthan",6.57,4.4,8,4,6809,188.49
Jagatpura,"Plot No. 361, Jagatpura, Jaipur, Rajasthan",11.18,5.5,7,6,6528,181.7
Jagatpura,"Plot No. 340, Jagatpura, Jaipur, Rajasthan",15.67,6.6,6,3,5799,191.91
C-Scheme,"Plot No. 129, C-Scheme, Jaipur, Rajasthan",25.65,5.8,7,5,7513,257.86
Raja Park,"Plot No. 438, Raja Park, Jaipur, Rajasthan",23.94,4.9,6,2,5664,225.17
Sangeener,"Plot No. 239, Sangeener, Jaipur, Rajasthan",5.07,4.6,6,4,6588,138.43
Ajmer Road,"Plot No. 58, Ajmer Road, Jaipur, Rajasthan",13.01,5.0,9,5,6996,220.23
Kalwar Road,"Plot No. 198, Kalwar Road, Jaipur, Rajasthan",6.52,5.1,6,3,7330,148.24
Vidyadhar Nagar,"Plot No. 211, Vidyadhar Nagar, Jaipur, Rajasthan",7.4,5.4,8,6,7680,178.9
Tonk Road,"Plot No. 402, Tonk Road, Jaipur, Rajasthan",12.46,6.4,6,2,9248,186.29
Ajmer Road,"Plot No. 390, Ajmer Road, Jaipur, Rajasthan",10.6,5.3,7,4,6005,171.99
Ajmer Road,"Plot No. 45, Ajmer Road, Jaipur, Rajasthan",12.74,6.9,8,6,10637,218.05
Mansarovar,"Plot No. 97, Mansarovar, Jaipur, Rajasthan",10.52,7.6,7,4,10600,202.64
C-Scheme,"Plot No. 279, C-Scheme, Jaipur, Rajasthan",22.55,5.0,7,5,6766,249.96
Vidyadhar Nagar,"Plot No. 23, Vidyadhar Nagar, Jaipur, Rajasthan",6.11,6.4,5,3,6290,130.05
Jhotwara,"Plot No. 410, Jhotwara, Jaipur, Rajasthan",5.44,6.7,5,4,5325,119.3
Kalwar Road,"Plot No. 461, Kalwar Road, Jaipur, Rajasthan",6.79,6.8,8,5,8013,188.05
C-Scheme,"Plot No. 391, C-Scheme, Jaipur, Rajasthan",28.97,5.6,5,3,7638,244.01
Vidyadhar Nagar,"Plot No. 335, Vidyadhar Nagar, Jaipur, Rajasthan",8.02,5.5,6,2,3936,151.61
C-Scheme,"Plot No. 44, C-Scheme, Jaipur, Rajasthan",26.24,5.6,7,2,7368,256.01
Ajmer Road,"Plot No. 27, Ajmer Road, Jaipur, Rajasthan",12.36,5.9,8,3,2796,180.02
Kalwar Road,"Plot No. 282, Kalwar Road, Jaipur, Rajasthan",4.59,4.7,6,2,9891,153.84
Pratap Nagar,"Plot No. 97, Pratap Nagar, Jaipur, Rajasthan",5.5,5.7,7,4,5799,150.79
Jagatpura,"Plot No. 463, Jagatpura, Jaipur, Rajasthan",15.49,6.7,7,4,8912,223.83
Nirman Nagar,"Plot No. 36, Nirman Nagar, Jaipur, Rajasthan",14.25,5.6,8,4,8240,214.85
Tonk Road,"Plot No. 109, Tonk Road, Jaipur, Rajasthan",13.8,4.6,6,3,3982,186.13
C-Scheme,"Plot No. 55, C-Scheme, Jaipur, Rajasthan",27.26,5.6,9,6,4110,272.54
Tonk Road,"Plot No. 192, Tonk Road, Jaipur, Rajasthan",9.82,6.1,8,6,4989,192.37
Raja Park,"Plot No. 219, Raja Park, Jaipur, Rajasthan",19.49,6.9,6,3,11995,233.98
Pratap Nagar,"Plot No. 185, Pratap Nagar, Jaipur, Rajasthan",6.26,5.3,6,2,4711,136.41
Civil Lines,"Plot No. 69, Civil Lines, Jaipur, Rajasthan",18.36,5.1,7,2,9160,236.58
Pratap Nagar,"Plot No. 317, Pratap Nagar, Jaipur, Rajasthan",7.49,7.2,6,4,6966,147.99
Malviya Nagar,"Plot No. 130, Malviya Nagar, Jaipur, Rajasthan",29.66,6.1,4,4,7757,251.02
Ajmer Road,"Plot No. 55, Ajmer Road, Jaipur, Rajasthan",10.73,3.6,7,2,8554,196.67
Sangeener,"Plot No. 378, Sangeener, Jaipur, Rajasthan",6.04,6.9,7,4,5040,156.83
Sangeener,"Plot No. 97, Sangeener, Jaipur, Rajasthan",5.49,5.8,7,4,8288,161.58
Vidyadhar Nagar,"Plot No. 336, Vidyadhar Nagar, Jaipur, Rajasthan",8.0,5.6,6,3,4997,154.83
Civil Lines,"Plot No. 87, Civil Lines, Jaipur, Rajasthan",23.37,6.5,7,5,4266,234.64
Jhotwara,"Plot No. 294, Jhotwara, Jaipur, Rajasthan",4.61,5.4,5,4,4754,127.91
Vidyadhar Nagar,"Plot No. 119, Vidyadhar Nagar, Jaipur, Rajasthan",7.54,7.2,8,4,9907,191.88
Tonk Road,"Plot No. 208, Tonk Road, Jaipur, Rajasthan",11.99,5.6,9,5,5499,218.31
Raja Park,"Plot No. 334, Raja Park, Jaipur, Rajasthan",19.55,5.3,7,3,7515,241.69
Mansarovar,"Plot No. 413, Mansarovar, Jaipur, Rajasthan",10.88,5.9,6,4,7406,184.77
Vidyadhar Nagar,"Plot No. 154, Vidyadhar Nagar, Jaipur, Rajasthan",8.38,5.6,8,3,6364,186.08
Vidyadhar Nagar,"Plot No. 35, Vidyadhar Nagar, Jaipur, Rajasthan",6.06,5.1,6,3,10948,171.58
Nirman Nagar,"Plot No. 79, Nirman Nagar, Jaipur, Rajasthan",15.47,6.7,6,3,4575,175.24
Pratap Nagar,"Plot No. 67, Pratap Nagar, Jaipur, Rajasthan",6.45,7.4,7,6,7029,172.95
Jagatpura,"Plot No. 343, Jagatpura, Jaipur, Rajasthan",9.07,3.9,6,3,10311,195.28
Kalwar Road,"Plot No. 413, Kalwar Road, Jaipur, Rajasthan",7.92,5.4,6,2,5653,145.55
Jagatpura,"Plot No. 34, Jagatpura, Jaipur, Rajasthan",11.75,7.4,8,6,10766,217.27
Nirman Nagar,"Plot No. 97, Nirman Nagar, Jaipur, Rajasthan",11.34,5.1,6,3,7403,188.4
Sangeener,"Plot No. 169, Sangeener, Jaipur, Rajasthan",7.78,5.2,7,3,5817,159.25
Nirman Nagar,"Plot No. 169, Nirman Nagar, Jaipur, Rajasthan",13.37,6.3,5,2,5902,163.17
Raja Park,"Plot No. 151, Raja Park, Jaipur, Rajasthan",16.57,4.6,8,4,8233,244.37
Pratap Nagar,"Plot No. 71, Pratap Nagar, Jaipur, Rajasthan",5.39,6.4,6,3,7379,157.11
Kalwar Road,"Plot No. 3, Kalwar Road, Jaipur, Rajasthan",6.47,3.9,7,6,5788,171.39
Kalwar Road,"Plot No. 314, Kalwar Road, Jaipur, Rajasthan",8.71,6.6,7,3,5464,161.07
Kalwar Road,"Plot No. 32, Kalwar Road, Jaipur, Rajasthan",7.68,6.2,5,2,4561,129.6
Ajmer Road,"Plot No. 287, Ajmer Road, Jaipur, Rajasthan",11.98,5.3,8,5,7229,208.81
Ajmer Road,"Plot No. 82, Ajmer Road, Jaipur, Rajasthan",15.0,6.4,7,3,7518,209.02
Mansarovar,"Plot No. 43, Mansarovar, Jaipur, Rajasthan",15.19,6.2,7,6,6122,199.19
Jhotwara,"Plot No. 391, Jhotwara, Jaipur, Rajasthan",8.29,7.6,8,6,6178,187.96
Vidyadhar Nagar,"Plot No. 105, Vidyadhar Nagar, Jaipur, Rajasthan",6.61,6.0,6,3,6516,160.34
Jagatpura,"Plot No. 1, Jagatpura, Jaipur, Rajasthan",15.54,6.1,8,4,4520,204.88
Kalwar Road,"Plot No. 61, Kalwar Road, Jaipur, Rajasthan",7.67,5.9,7,2,3656,148.36
Mansarovar,"Plot No. 270, Mansarovar, Jaipur, Rajasthan",9.24,6.4,6,3,7664,163.05
Pratap Nagar,"Plot No. 180, Pratap Nagar, Jaipur, Rajasthan",8.87,5.8,6,3,5335,157.24
Sangeener,"Plot No. 224, Sangeener, Jaipur, Rajasthan",6.37,5.5,6,3,6264,143.3
Raja Park,"Plot No. 6, Raja Park, Jaipur, Rajasthan",28.62,6.9,7,4,4672,258.85
C-Scheme,"Plot No. 103, C-Scheme, Jaipur, Rajasthan",16.49,5.8,7,3,8751,222.45
Sangeener,"Plot No. 10, Sangeener, Jaipur, Rajasthan",5.53,6.6,7,2,7918,172.92
Kalwar Road,"Plot No. 71, Kalwar Road, Jaipur, Rajasthan",6.97,6.3,8,5,5290,167.38
C-Scheme,"Plot No. 90, C-Scheme, Jaipur, Rajasthan",24.47,6.8,7,3,6438,249.66
Vidyadhar Nagar,"Plot No. 226, Vidyadhar Nagar, Jaipur, Rajasthan",8.68,6.5,9,4,7313,206.35
Malviya Nagar,"Plot No. 158, Malviya Nagar, Jaipur, Rajasthan",27.42,6.1,8,5,4605,268.41
Mansarovar,"Plot No. 228, Mansarovar, Jaipur, Rajasthan",11.98,5.7,8,4,7358,215.83
Nirman Nagar,"Plot No. 405, Nirman Nagar, Jaipur, Rajasthan",13.43,6.7,8,6,10709,231.0
Ajmer Road,"Plot No. 126, Ajmer Road, Jaipur, Rajasthan",15.69,5.5,7,6,5385,211.02
Malviya Nagar,"Plot No. 444, Malviya Nagar, Jaipur, Rajasthan",17.87,6.2,9,4,9149,250.12
Nirman Nagar,"Plot No. 209, Nirman Nagar, Jaipur, Rajasthan",11.89,4.5,8,5,6136,203.22
C-Scheme,"Plot No. 97, C-Scheme, Jaipur, Rajasthan",25.09,6.0,6,3,8026,249.43
Civil Lines,"Plot No. 74, Civil Lines, Jaipur, Rajasthan",18.29,6.3,7,4,9005,242.16
Jagatpura,"Plot No. 115, Jagatpura, Jaipur, Rajasthan",13.15,5.1,6,3,9753,195.33
Malviya Nagar,"Plot No. 191, Malviya Nagar, Jaipur, Rajasthan",17.98,3.2,6,3,10200,222.32
Sangeener,"Plot No. 495, Sangeener, Jaipur, Rajasthan",7.75,5.8,5,4,8178,156.62
Kalwar Road,"Plot No. 170, Kalwar Road, Jaipur, Rajasthan",8.68,8.3,5,3,7613,146.75
Sangeener,"Plot No. 307, Sangeener, Jaipur, Rajasthan",5.1,5.5,7,2,8720,171.61
Raja Park,"Plot No. 448, Raja Park, Jaipur, Rajasthan",16.35,6.5,9,4,8054,251.45
Mansarovar,"Plot No. 204, Mansarovar, Jaipur, Rajasthan",12.09,3.9,9,6,8517,236.7
Pratap Nagar,"Plot No. 56, Pratap Nagar, Jaipur, Rajasthan",5.41,6.0,6,4,7246,144.82
Civil Lines,"Plot No. 208, Civil Lines, Jaipur, Rajasthan",27.16,7.8,6,4,9296,255.57
Civil Lines,"Plot No. 41, Civil Lines, Jaipur, Rajasthan",17.79,5.6,7,3,4512,209.77
Jhotwara,"Plot No. 32, Jhotwara, Jaipur, Rajasthan",8.11,6.0,7,3,10029,190.81
Ajmer Road,"Plot No. 15, Ajmer Road, Jaipur, Rajasthan",12.9,4.9,7,3,9021,211.92
Nirman Nagar,"Plot No. 62, Nirman Nagar, Jaipur, Rajasthan",14.16,6.0,6,3,5432,187.96
Jhotwara,"Plot No. 155, Jhotwara, Jaipur, Rajasthan",4.68,3.7,7,4,8976,172.81
Kalwar Road,"Plot No. 284, Kalwar Road, Jaipur, Rajasthan",6.93,6.1,7,2,7145,161.07
C-Scheme,"Plot No. 209, C-Scheme, Jaipur, Rajasthan",26.98,5.3,7,6,8891,280.81
Jhotwara,"Plot No. 320, Jhotwara, Jaipur, Rajasthan",6.01,4.0,7,3,5654,151.71
Tonk Road,"Plot No. 494, Tonk Road, Jaipur, Rajasthan",9.43,4.8,7,3,5303,163.98
Jhotwara,"Plot No. 187, Jhotwara, Jaipur, Rajasthan",8.48,7.0,7,4,3477,161.98
Jhotwara,"Plot No. 498, Jhotwara, Jaipur, Rajasthan",4.86,5.3,7,2,6576,158.23
Ajmer Road,"Plot No. 442, Ajmer Road, Jaipur, Rajasthan",11.62,5.9,8,5,7026,207.03
Sangeener,"Plot No. 130, Sangeener, Jaipur, Rajasthan",4.56,4.4,7,4,7700,160.44
Malviya Nagar,"Plot No. 127, Malviya Nagar, Jaipur, Rajasthan",18.91,5.6,7,2,10566,234.42
Civil Lines,"Plot No. 292, Civil Lines, Jaipur, Rajasthan",16.28,6.5,6,2,6033,192.18
Pratap Nagar,"Plot No. 114, Pratap Nagar, Jaipur, Rajasthan",8.07,7.5,6,3,7441,163.85
Jhotwara,"Plot No. 199, Jhotwara, Jaipur, Rajasthan",6.84,6.6,8,5,2207,149.48
Ajmer Road,"Plot No. 13, Ajmer Road, Jaipur, Rajasthan",15.09,6.8,6,4,7945,202.71
Ajmer Road,"Plot No. 271, Ajmer Road, Jaipur, Rajasthan",10.62,6.6,6,3,9528,191.6
Pratap Nagar,"Plot No. 89, Pratap Nagar, Jaipur, Rajasthan",4.88,6.2,9,5,7068,181.55
Tonk Road,"Plot No. 215, Tonk Road, Jaipur, Rajasthan",13.86,5.9,8,4,4434,208.36
C-Scheme,"Plot No. 444, C-Scheme, Jaipur, Rajasthan",29.9,6.7,7,2,7157,285.35
Malviya Nagar,"Plot No. 278, Malviya Nagar, Jaipur, Rajasthan",26.62,3.5,6,4,6335,258.76
Sangeener,"Plot No. 447, Sangeener, Jaipur, Rajasthan",7.75,5.8,4,4,8370,146.57
Pratap Nagar,"Plot No. 474, Pratap Nagar, Jaipur, Rajasthan",5.81,4.8,6,4,9035,158.96
Mansarovar,"Plot No. 481, Mansarovar, Jaipur, Rajasthan",13.68,7.8,7,4,6588,195.53
Ajmer Road,"Plot No. 203, Ajmer Road, Jaipur, Rajasthan",14.16,6.0,7,5,7977,212.06
Vaishali Nagar,"Plot No. 74, Vaishali Nagar, Jaipur, Rajasthan",28.04,5.5,8,5,9469,288.9
Vaishali Nagar,"Plot No. 25, Vaishali Nagar, Jaipur, Rajasthan",29.24,6.7,6,4,6864,266.4
Pratap Nagar,"Plot No. 101, Pratap Nagar, Jaipur, Rajasthan",7.86,6.4,9,3,6060,192.39
Ajmer Road,"Plot No. 176, Ajmer Road, Jaipur, Rajasthan",11.99,8.3,8,3,9653,206.29
Vidyadhar Nagar,"Plot No. 427, Vidyadhar Nagar, Jaipur, Rajasthan",7.36,5.9,7,4,8148,177.36
Ajmer Road,"Plot No. 117, Ajmer Road, Jaipur, Rajasthan",12.02,4.5,6,3,5750,168.03
Jagatpura,"Plot No. 166, Jagatpura, Jaipur, Rajasthan",14.05,4.3,8,4,5857,201.56
Jhotwara,"Plot No. 41, Jhotwara, Jaipur, Rajasthan",8.01,7.2,7,2,8516,187.02
Ajmer Road,"Plot No. 429, Ajmer Road, Jaipur, Rajasthan",10.94,6.4,6,3,5195,165.69
Raja Park,"Plot No. 344, Raja Park, Jaipur, Rajasthan",20.78,6.4,6,4,10576,240.89
Jhotwara,"Plot No. 424, Jhotwara, Jaipur, Rajasthan",5.48,4.5,7,4,4961,148.96
Tonk Road,"Plot No. 366, Tonk Road, Jaipur, Rajasthan",11.4,7.9,8,4,7828,203.86
Pratap Nagar,"Plot No. 120, Pratap Nagar, Jaipur, Rajasthan",7.74,4.8,6,4,5131,145.98
Pratap Nagar,"Plot No. 97, Pratap Nagar, Jaipur, Rajasthan",8.41,5.3,8,4,6207,189.37
Raja Park,"Plot No. 145, Raja Park, Jaipur, Rajasthan",25.86,6.8,8,6,5524,269.01
Pratap Nagar,"Plot No. 216, Pratap Nagar, Jaipur, Rajasthan",4.88,7.7,7,4,8825,172.12
Jhotwara,"Plot No. 229, Jhotwara, Jaipur, Rajasthan",5.88,9.0,8,6,6946,162.59
Vaishali Nagar,"Plot No. 313, Vaishali Nagar, Jaipur, Rajasthan",17.55,6.1,6,3,5341,199.95
Ajmer Road,"Plot No. 130, Ajmer Road, Jaipur, Rajasthan",13.69,6.8,6,2,7519,196.28
Kalwar Road,"Plot No. 352, Kalwar Road, Jaipur, Rajasthan",6.92,5.5,7,3,9111,172.09
Ajmer Road,"Plot No. 377, Ajmer Road, Jaipur, Rajasthan",9.27,4.5,7,3,7220,174.84
Vidyadhar Nagar,"Plot No. 318, Vidyadhar Nagar, Jaipur, Rajasthan",6.3,7.0,7,6,4992,160.04
Nirman Nagar,"Plot No. 472, Nirman Nagar, Jaipur, Rajasthan",15.17,6.5,8,5,6947,224.74
Raja Park,"Plot No. 137, Raja Park, Jaipur, Rajasthan",19.98,5.4,6,2,6235,214.95
Sangeener,"Plot No. 324, Sangeener, Jaipur, Rajasthan",8.8,5.7,6,4,5901,152.39
Mansarovar,"Plot No. 337, Mansarovar, Jaipur, Rajasthan",15.36,5.8,8,6,8237,227.54
Jagatpura,"Plot No. 273, Jagatpura, Jaipur, Rajasthan",11.11,5.3,8,4,8759,208.07
Pratap Nagar,"Plot No. 117, Pratap Nagar, Jaipur, Rajasthan",7.8,6.1,7,4,8138,178.35
Ajmer Road,"Plot No. 306, Ajmer Road, Jaipur, Rajasthan",11.65,4.9,6,4,8118,184.96
Mansarovar,"Plot No. 368, Mansarovar, Jaipur, Rajasthan",9.38,5.8,6,3,11420,191.79
Pratap Nagar,"Plot No. 94, Pratap Nagar, Jaipur, Rajasthan",6.01,6.4,8,4,3348,161.53
Vaishali Nagar,"Plot No. 168, Vaishali Nagar, Jaipur, Rajasthan",16.17,5.7,6,2,6527,204.2
Tonk Road,"Plot No. 442, Tonk Road, Jaipur, Rajasthan",14.69,6.8,8,4,6359,216.09
Nirman Nagar,"Plot No. 203, Nirman Nagar, Jaipur, Rajasthan",12.83,6.9,6,2,5491,169.67
Nirman Nagar,"Plot No. 341, Nirman Nagar, Jaipur, Rajasthan",11.04,7.6,6,4,7504,174.05
Malviya Nagar,"Plot No. 149, Malviya Nagar, Jaipur, Rajasthan",28.21,5.1,6,4,6222,247.29
Pratap Nagar,"Plot No. 402, Pratap Nagar, Jaipur, Rajasthan",7.46,5.7,7,6,11826,194.42
Jhotwara,"Plot No. 183, Jhotwara, Jaipur, Rajasthan",6.42,7.1,6,3,8751,170.33
Jhotwara,"Plot No. 413, Jhotwara, Jaipur, Rajasthan",5.63,4.6,4,4,3362,112.77
Malviya Nagar,"Plot No. 152, Malviya Nagar, Jaipur, Rajasthan",27.68,6.6,8,5,7568,274.9
Ajmer Road,"Plot No. 74, Ajmer Road, Jaipur, Rajasthan",14.89,7.7,7,4,11513,221.86
Sangeener,"Plot No. 365, Sangeener, Jaipur, Rajasthan",6.52,6.6,8,6,6288,165.13
Kalwar Road,"Plot No. 401, Kalwar Road, Jaipur, Rajasthan",7.52,6.6,8,4,5714,169.41
Civil Lines,"Plot No. 274, Civil Lines, Jaipur, Rajasthan",20.87,7.2,5,3,7078,209.52
C-Scheme,"Plot No. 42, C-Scheme, Jaipur, Rajasthan",28.49,6.7,8,4,9802,293.61
Tonk Road,"Plot No. 496, Tonk Road, Jaipur, Rajasthan",14.46,6.3,7,4,8152,203.8
Vidyadhar Nagar,"Plot No. 212, Vidyadhar Nagar, Jaipur, Rajasthan",5.98,4.9,7,3,8642,166.5
Sangeener,"Plot No. 101, Sangeener, Jaipur, Rajasthan",6.62,7.1,5,4,8983,154.16
Jhotwara,"Plot No. 45, Jhotwara, Jaipur, Rajasthan",7.45,7.6,7,3,6703,168.04
Mansarovar,"Plot No. 82, Mansarovar, Jaipur, Rajasthan",11.8,5.2,8,6,9683,225.11
Pratap Nagar,"Plot No. 17, Pratap Nagar, Jaipur, Rajasthan",8.52,7.1,6,4,5554,148.68
Jagatpura,"Plot No. 73, Jagatpura, Jaipur, Rajasthan",9.22,7.2,7,5,5829,178.56
Vidyadhar Nagar,"Plot No. 14, Vidyadhar Nagar, Jaipur, Rajasthan",4.67,5.5,6,3,9840,161.92
Sangeener,"Plot No. 433, Sangeener, Jaipur, Rajasthan",5.0,5.3,7,3,6339,152.07
Raja Park,"Plot No. 157, Raja Park, Jaipur, Rajasthan",29.55,5.5,5,4,5958,243.85
Ajmer Road,"Plot No. 223, Ajmer Road, Jaipur, Rajasthan",9.02,8.0,7,4,12383,200.02
Pratap Nagar,"Plot No. 132, Pratap Nagar, Jaipur, Rajasthan",5.18,4.3,7,3,7244,162.84
Kalwar Road,"Plot No. 338, Kalwar Road, Jaipur, Rajasthan",4.76,5.3,7,5,3830,134.7
Sangeener,"Plot No. 404, Sangeener, Jaipur, Rajasthan",7.05,6.7,5,3,4338,137.32
Mansarovar,"Plot No. 376, Mansarovar, Jaipur, Rajasthan",14.42,6.9,8,6,8902,216.81
Kalwar Road,"Plot No. 376, Kalwar Road, Jaipur, Rajasthan",5.1,5.4,9,4,4215,170.12
Mansarovar,"Plot No. 47, Mansarovar, Jaipur, Rajasthan",14.91,3.9,7,2,5858,201.67
Nirman Nagar,"Plot No. 107, Nirman Nagar, Jaipur, Rajasthan",10.61,6.2,5,4,9237,173.06
Jagatpura,"Plot No. 108, Jagatpura, Jaipur, Rajasthan",14.56,5.6,7,6,8440,220.44
Nirman Nagar,"Plot No. 265, Nirman Nagar, Jaipur, Rajasthan",10.24,6.6,6,2,10600,199.03
Nirman Nagar,"Plot No. 205, Nirman Nagar, Jaipur, Rajasthan",14.61,4.3,6,3,6534,183.75
Sangeener,"Plot No. 79, Sangeener, Jaipur, Rajasthan",6.78,5.8,6,3,5783,147.62
Jhotwara,"Plot No. 155, Jhotwara, Jaipur, Rajasthan",4.55,6.3,7,4,8697,171.23
C-Scheme,"Plot No. 271, C-Scheme, Jaipur, Rajasthan",20.54,6.2,6,3,7248,219.06
Tonk Road,"Plot No. 476, Tonk Road, Jaipur, Rajasthan",13.54,5.8,6,3,5139,181.97
Sangeener,"Plot No. 485, Sangeener, Jaipur, Rajasthan",7.4,4.9,6,2,4585,157.94
Sangeener,"Plot No. 247, Sangeener, Jaipur, Rajasthan",6.99,7.3,8,3,5517,174.12
Mansarovar,"Plot No. 19, Mansarovar, Jaipur, Rajasthan",11.49,4.9,6,3,10105,187.55
Jhotwara,"Plot No. 346, Jhotwara, Jaipur, Rajasthan",5.4,5.8,8,4,7259,181.37
Sangeener,"Plot No. 436, Sangeener, Jaipur, Rajasthan",7.92,6.5,7,4,7706,185.13
Jhotwara,"Plot No. 26, Jhotwara, Jaipur, Rajasthan",5.71,6.3,6,2,7424,156.33
Kalwar Road,"Plot No. 217, Kalwar Road, Jaipur, Rajasthan",6.7,6.7,8,3,8806,185.52
Vidyadhar Nagar,"Plot No. 154, Vidyadhar Nagar, Jaipur, Rajasthan",5.87,6.4,6,2,6937,159.23
Vaishali Nagar,"Plot No. 154, Vaishali Nagar, Jaipur, Rajasthan",26.73,6.3,6,4,9466,272.56
Kalwar Road,"Plot No. 174, Kalwar Road, Jaipur, Rajasthan",6.86,4.0,9,4,8712,212.19
Vaishali Nagar,"Plot No. 92, Vaishali Nagar, Jaipur, Rajasthan",26.45,6.3,7,4,8906,269.28
Vaishali Nagar,"Plot No. 433, Vaishali Nagar, Jaipur, Rajasthan",18.46,5.9,6,4,7065,217.88
Malviya Nagar,"Plot No. 338, Malviya Nagar, Jaipur, Rajasthan",16.9,6.4,8,4,7910,235.15
Nirman Nagar,"Plot No. 480, Nirman Nagar, Jaipur, Rajasthan",12.8,6.3,7,6,6048,184.82
Civil Lines,"Plot No. 181, Civil Lines, Jaipur, Rajasthan",21.01,6.6,10,3,7718,275.25
Jhotwara,"Plot No. 131, Jhotwara, Jaipur, Rajasthan",7.53,7.5,7,4,6643,172.06
C-Scheme,"Plot No. 450, C-Scheme, Jaipur, Rajasthan",27.3,3.6,9,6,4597,289.54
Ajmer Road,"Plot No. 481, Ajmer Road, Jaipur, Rajasthan",11.83,5.8,6,2,7280,188.74
Mansarovar,"Plot No. 298, Mansarovar, Jaipur, Rajasthan",10.93,8.5,6,3,10306,181.34
Sangeener,"Plot No. 275, Sangeener, Jaipur, Rajasthan",5.22,5.7,8,3,6763,171.08
Jhotwara,"Plot No. 273, Jhotwara, Jaipur, Rajasthan",4.78,7.3,7,4,7366,157.39
Jhotwara,"Plot No. 492, Jhotwara, Jaipur, Rajasthan",8.26,5.2,6,4,6823,170.94
Jhotwara,"Plot No. 417, Jhotwara, Jaipur, Rajasthan",6.98,6.3,8,3,6233,166.26
Jagatpura,"Plot No. 76, Jagatpura, Jaipur, Rajasthan",13.79,7.5,7,2,11034,223.89
Nirman Nagar,"Plot No. 177, Nirman Nagar, Jaipur, Rajasthan",14.3,8.7,8,4,7324,215.58
Jhotwara,"Plot No. 184, Jhotwara, Jaipur, Rajasthan",6.14,7.8,8,6,7388,184.14
Pratap Nagar,"Plot No. 319, Pratap Nagar, Jaipur, Rajasthan",4.86,6.2,8,4,7548,171.91
Pratap Nagar,"Plot No. 131, Pratap Nagar, Jaipur, Rajasthan",8.27,5.4,8,6,4840,179.95
Jagatpura,"Plot No. 363, Jagatpura, Jaipur, Rajasthan",13.4,3.1,6,3,10520,218.72
Tonk Road,"Plot No. 49, Tonk Road, Jaipur, Rajasthan",14.44,5.4,7,4,8461,217.4
Kalwar Road,"Plot No. 55, Kalwar Road, Jaipur, Rajasthan",8.04,7.5,8,4,7956,179.47
Sangeener,"Plot No. 154, Sangeener, Jaipur, Rajasthan",6.45,6.2,7,3,6930,158.66
Nirman Nagar,"Plot No. 355, Nirman Nagar, Jaipur, Rajasthan",9.49,5.6,7,4,6778,186.47
Kalwar Road,"Plot No. 200, Kalwar Road, Jaipur, Rajasthan",4.56,6.3,6,2,7621,144.24
Tonk Road,"Plot No. 308, Tonk Road, Jaipur, Rajasthan",12.53,4.8,8,6,5749,206.81
Mansarovar,"Plot No. 356, Mansarovar, Jaipur, Rajasthan",13.85,5.5,7,4,7295,207.7
Mansarovar,"Plot No. 373, Mansarovar, Jaipur, Rajasthan",12.29,4.6,6,3,8246,200.2
Nirman Nagar,"Plot No. 118, Nirman Nagar, Jaipur, Rajasthan",11.15,4.8,7,4,6989,189.66
Jhotwara,"Plot No. 263, Jhotwara, Jaipur, Rajasthan",7.61,4.9,8,6,8470,197.28
Tonk Road,"Plot No. 46, Tonk Road, Jaipur, Rajasthan",14.04,6.0,8,3,9477,217.75
Civil Lines,"Plot No. 302, Civil Lines, Jaipur, Rajasthan",28.71,6.3,7,4,6767,270.44
Tonk Road,"Plot No. 356, Tonk Road, Jaipur, Rajasthan",13.93,6.9,6,2,3779,166.14
Jhotwara,"Plot No. 400, Jhotwara, Jaipur, Rajasthan",8.48,4.4,6,2,5038,163.11
Jhotwara,"Plot No. 408, Jhotwara, Jaipur, Rajasthan",8.5,7.6,6,4,2204,144.22
Civil Lines,"Plot No. 189, Civil Lines, Jaipur, Rajasthan",25.77,5.1,5,4,7156,231.55
Jhotwara,"Plot No. 310, Jhotwara, Jaipur, Rajasthan",4.92,5.3,7,2,8135,161.71
Ajmer Road,"Plot No. 318, Ajmer Road, Jaipur, Rajasthan",13.73,7.3,8,3,5006,205.03
Mansarovar,"Plot No. 129, Mansarovar, Jaipur, Rajasthan",12.87,6.5,7,4,6101,196.3
Nirman Nagar,"Plot No. 49, Nirman Nagar, Jaipur, Rajasthan",10.41,7.0,7,6,4765,175.45
Malviya Nagar,"Plot No. 25, Malviya Nagar, Jaipur, Rajasthan",16.65,5.7,9,5,9553,262.07
Raja Park,"Plot No. 266, Raja Park, Jaipur, Rajasthan",19.73,5.4,8,5,8980,259.88
Civil Lines,"Plot No. 118, Civil Lines, Jaipur, Rajasthan",22.96,5.2,7,3,4892,234.21
Jhotwara,"Plot No. 464, Jhotwara, Jaipur, Rajasthan",4.94,5.5,7,6,5416,148.08
Vaishali Nagar,"Plot No. 144, Vaishali Nagar, Jaipur, Rajasthan",18.69,5.0,7,3,4453,215.41
Jhotwara,"Plot No. 442, Jhotwara, Jaipur, Rajasthan",4.87,6.4,7,4,8271,170.48
Jhotwara,"Plot No. 200, Jhotwara, Jaipur, Rajasthan",6.54,6.4,6,3,10830,172.45
Vidyadhar Nagar,"Plot No. 157, Vidyadhar Nagar, Jaipur, Rajasthan",8.21,7.2,6,2,5282,156.77
Kalwar Road,"Plot No. 487, Kalwar Road, Jaipur, Rajasthan",5.69,6.7,8,3,3013,143.71
Mansarovar,"Plot No. 348, Mansarovar, Jaipur, Rajasthan",14.03,7.4,6,3,6334,193.43
Vidyadhar Nagar,"Plot No. 134, Vidyadhar Nagar, Jaipur, Rajasthan",5.31,6.1,6,2,10040,169.01
Malviya Nagar,"Plot No. 400, Malviya Nagar, Jaipur, Rajasthan",23.6,6.4,7,3,7155,246.34
Sangeener,"Plot No. 148, Sangeener, Jaipur, Rajasthan",8.53,5.4,8,5,7086,186.95
C-Scheme,"Plot No. 336, C-Scheme, Jaipur, Rajasthan",24.23,4.1,8,5,7806,262.24
Jhotwara,"Plot No. 71, Jhotwara, Jaipur, Rajasthan",8.46,7.7,7,4,2737,158.07
Vidyadhar Nagar,"Plot No. 233, Vidyadhar Nagar, Jaipur, Rajasthan",6.72,4.9,8,6,6562,184.09
Nirman Nagar,"Plot No. 334, Nirman Nagar, Jaipur, Rajasthan",12.14,7.0,7,3,7648,197.62
C-Scheme,"Plot No. 299, C-Scheme, Jaipur, Rajasthan",19.39,6.7,7,4,11058,239.34
C-Scheme,"Plot No. 154, C-Scheme, Jaipur, Rajasthan",19.9,6.2,8,5,5437,229.65
Raja Park,"Plot No. 90, Raja Park, Jaipur, Rajasthan",28.55,5.7,8,6,5743,277.38
Nirman Nagar,"Plot No. 334, Nirman Nagar, Jaipur, Rajasthan",10.75,5.5,6,2,9367,182.5
Pratap Nagar,"Plot No. 199, Pratap Nagar, Jaipur, Rajasthan",8.01,6.7,6,2,7217,160.16
C-Scheme,"Plot No. 161, C-Scheme, Jaipur, Rajasthan",28.85,5.2,7,2,8071,274.55
Vaishali Nagar,"Plot No. 26, Vaishali Nagar, Jaipur, Rajasthan",28.77,6.1,8,4,7740,285.64
Kalwar Road,"Plot No. 121, Kalwar Road, Jaipur, Rajasthan",8.68,7.6,5,2,4654,141.58
Civil Lines,"Plot No. 301, Civil Lines, Jaipur, Rajasthan",18.77,8.0,6,4,8875,227.32
C-Scheme,"Plot No. 212, C-Scheme, Jaipur, Rajasthan",27.81,5.2,8,4,4854,268.66
Pratap Nagar,"Plot No. 63, Pratap Nagar, Jaipur, Rajasthan",5.95,6.7,5,4,7241,143.55
Raja Park,"Plot No. 451, Raja Park, Jaipur, Rajasthan",26.4,4.8,6,2,11670,267.57
Ajmer Road,"Plot No. 436, Ajmer Road, Jaipur, Rajasthan",9.19,6.5,7,4,6386,176.11
Malviya Nagar,"Plot No. 68, Malviya Nagar, Jaipur, Rajasthan",26.62,6.3,7,5,9533,283.43
Sangeener,"Plot No. 253, Sangeener, Jaipur, Rajasthan",8.75,7.2,7,4,7041,165.96
Ajmer Road,"Plot No. 410, Ajmer Road, Jaipur, Rajasthan",11.22,5.5,8,3,4759,185.75
Tonk Road,"Plot No. 459, Tonk Road, Jaipur, Rajasthan",11.39,5.7,9,4,7608,209.81
Vidyadhar Nagar,"Plot No. 2, Vidyadhar Nagar, Jaipur, Rajasthan",8.55,4.4,8,6,7510,193.65
Pratap Nagar,"Plot No. 398, Pratap Nagar, Jaipur, Rajasthan",8.77,4.0,8,4,5078,186.08
Pratap Nagar,"Plot No. 108, Pratap Nagar, Jaipur, Rajasthan",5.75,4.8,7,6,7925,160.18
Malviya Nagar,"Plot No. 286, Malviya Nagar, Jaipur, Rajasthan",29.5,4.6,6,3,8254,264.38
Pratap Nagar,"Plot No. 49, Pratap Nagar, Jaipur, Rajasthan",7.84,5.2,7,6,6964,181.04
Raja Park,"Plot No. 140, Raja Park, Jaipur, Rajasthan",16.32,4.9,7,3,7056,214.39
Jagatpura,"Plot No. 218, Jagatpura, Jaipur, Rajasthan",15.9,6.1,6,3,6635,196.6
Kalwar Road,"Plot No. 44, Kalwar Road, Jaipur, Rajasthan",7.29,6.1,9,6,7513,205.3
Vidyadhar Nagar,"Plot No. 417, Vidyadhar Nagar, Jaipur, Rajasthan",7.86,6.9,6,4,6223,151.9
Vidyadhar Nagar,"Plot No. 269, Vidyadhar Nagar, Jaipur, Rajasthan",5.17,5.0,8,4,7763,185.07
Raja Park,"Plot No. 78, Raja Park, Jaipur, Rajasthan",25.48,5.4,6,3,6244,251.91
Nirman Nagar,"Plot No. 216, Nirman Nagar, Jaipur, Rajasthan",15.05,7.7,6,4,4591,175.48
Nirman Nagar,"Plot No. 382, Nirman Nagar, Jaipur, Rajasthan",12.95,4.9,8,5,6417,208.18
Malviya Nagar,"Plot No. 98, Malviya Nagar, Jaipur, Rajasthan",18.18,4.9,6,3,4993,202.57
Mansarovar,"Plot No. 236, Mansarovar, Jaipur, Rajasthan",14.47,6.5,6,2,8313,205.59
Pratap Nagar,"Plot No. 282, Pratap Nagar, Jaipur, Rajasthan",7.59,6.0,7,2,5441,159.72
Ajmer Road,"Plot No. 149, Ajmer Road, Jaipur, Rajasthan",15.78,8.1,7,4,7210,214.6
Civil Lines,"Plot No. 412, Civil Lines, Jaipur, Rajasthan",21.87,4.5,6,4,8666,247.98
Ajmer Road,"Plot No. 304, Ajmer Road, Jaipur, Rajasthan",13.0,5.8,7,2,4790,193.46
Vidyadhar Nagar,"Plot No. 484, Vidyadhar Nagar, Jaipur, Rajasthan",4.62,6.6,8,6,7578,179.35
Pratap Nagar,"Plot No. 424, Pratap Nagar, Jaipur, Rajasthan",8.07,5.3,7,2,5910,173.5
Ajmer Road,"Plot No. 66, Ajmer Road, Jaipur, Rajasthan",10.93,6.8,6,2,5507,174.88
Malviya Nagar,"Plot No. 234, Malviya Nagar, Jaipur, Rajasthan",16.25,7.5,6,4,4061,177.35
Mansarovar,"Plot No. 457, Mansarovar, Jaipur, Rajasthan",12.43,8.2,6,3,7372,185.47
Raja Park,"Plot No. 87, Raja Park, Jaipur, Rajasthan",17.21,5.5,7,5,8056,228.28
Mansarovar,"Plot No. 79, Mansarovar, Jaipur, Rajasthan",12.06,8.0,8,5,9775,214.55
C-Scheme,"Plot No. 205, C-Scheme, Jaipur, Rajasthan",28.58,5.9,6,4,5992,246.89
Jhotwara,"Plot No. 279, Jhotwara, Jaipur, Rajasthan",5.65,4.9,7,2,9196,177.2
Pratap Nagar,"Plot No. 337, Pratap Nagar, Jaipur, Rajasthan",5.39,6.5,8,3,7980,168.06
Raja Park,"Plot No. 254, Raja Park, Jaipur, Rajasthan",20.03,6.5,9,5,4731,240.7
Sangeener,"Plot No. 304, Sangeener, Jaipur, Rajasthan",4.79,6.8,8,4,6347,163.4
Jagatpura,"Plot No. 380, Jagatpura, Jaipur, Rajasthan",14.41,7.0,7,4,8709,221.19
Tonk Road,"Plot No. 130, Tonk Road, Jaipur, Rajasthan",14.62,5.1,5,4,4413,165.59
Kalwar Road,"Plot No. 84, Kalwar Road, Jaipur, Rajasthan",8.76,5.7,7,6,9669,197.25
Mansarovar,"Plot No. 276, Mansarovar, Jaipur, Rajasthan",13.85,5.8,7,6,6615,190.92
Nirman Nagar,"Plot No. 187, Nirman Nagar, Jaipur, Rajasthan",10.69,5.0,8,3,9181,211.31
Jagatpura,"Plot No. 46, Jagatpura, Jaipur, Rajasthan",12.49,6.4,8,5,5675,200.46
C-Scheme,"Plot No. 387, C-Scheme, Jaipur, Rajasthan",28.98,6.4,9,6,5955,294.85
Nirman Nagar,"Plot No. 183, Nirman Nagar, Jaipur, Rajasthan",13.46,4.4,8,5,7269,221.55
Sangeener,"Plot No. 268, Sangeener, Jaipur, Rajasthan",5.44,4.7,5,3,7507,146.84
Ajmer Road,"Plot No. 296, Ajmer Road, Jaipur, Rajasthan",13.6,6.3,7,5,5211,196.11
Kalwar Road,"Plot No. 322, Kalwar Road, Jaipur, Rajasthan",8.82,5.1,7,3,6647,175.57
Ajmer Road,"Plot No. 100, Ajmer Road, Jaipur, Rajasthan",13.74,6.2,6,3,6540,190.9
Vaishali Nagar,"Plot No. 78, Vaishali Nagar, Jaipur, Rajasthan",29.55,5.2,8,5,9160,300.67
Kalwar Road,"Plot No. 272, Kalwar Road, Jaipur, Rajasthan",5.54,6.9,9,5,7039,175.78
Civil Lines,"Plot No. 339, Civil Lines, Jaipur, Rajasthan",28.38,5.5,6,4,7187,268.71
Sangeener,"Plot No. 162, Sangeener, Jaipur, Rajasthan",8.02,5.4,7,6,7052,182.46
Tonk Road,"Plot No. 44, Tonk Road, Jaipur, Rajasthan",10.12,6.4,8,4,8346,198.16
Nirman Nagar,"Plot No. 238, Nirman Nagar, Jaipur, Rajasthan",10.43,6.8,7,2,4898,181.63
Nirman Nagar,"Plot No. 134, Nirman Nagar, Jaipur, Rajasthan",12.51,5.2,6,2,9880,203.81
Kalwar Road,"Plot No. 461, Kalwar Road, Jaipur, Rajasthan",8.9,7.5,7,3,9262,184.8
Jhotwara,"Plot No. 192, Jhotwara, Jaipur, Rajasthan",6.42,7.7,6,4,12913,177.46
Sangeener,"Plot No. 356, Sangeener, Jaipur, Rajasthan",5.16,4.1,9,6,8382,203.03
Jhotwara,"Plot No. 278, Jhotwara, Jaipur, Rajasthan",6.27,6.3,8,6,8011,185.95
Mansarovar,"Plot No. 18, Mansarovar, Jaipur, Rajasthan",9.27,6.4,9,6,5679,193.87
C-Scheme,"Plot No. 12, C-Scheme, Jaipur, Rajasthan",22.85,5.1,7,2,7371,250.72
Jhotwara,"Plot No. 180, Jhotwara, Jaipur, Rajasthan",6.52,7.6,8,6,5096,167.81
Nirman Nagar,"Plot No. 123, Nirman Nagar, Jaipur, Rajasthan",15.5,5.9,4,2,5759,167.84
Mansarovar,"Plot No. 246, Mansarovar, Jaipur, Rajasthan",13.63,3.7,8,3,6016,213.85
Jagatpura,"Plot No. 222, Jagatpura, Jaipur, Rajasthan",13.84,7.2,8,6,7309,213.93
Sangeener,"Plot No. 373, Sangeener, Jaipur, Rajasthan",7.39,5.1,7,4,7178,175.81
Vidyadhar Nagar,"Plot No. 51, Vidyadhar Nagar, Jaipur, Rajasthan",8.09,7.1,8,5,8798,201.32
Nirman Nagar,"Plot No. 488, Nirman Nagar, Jaipur, Rajasthan",9.41,5.3,6,2,11308,200.62
Ajmer Road,"Plot No. 71, Ajmer Road, Jaipur, Rajasthan",11.19,6.2,8,4,4031,189.75
Sangeener,"Plot No. 480, Sangeener, Jaipur, Rajasthan",4.68,5.4,7,3,6952,166.68
Malviya Nagar,"Plot No. 48, Malviya Nagar, Jaipur, Rajasthan",17.33,4.7,6,3,6731,213.96
Raja Park,"Plot No. 19, Raja Park, Jaipur, Rajasthan",21.46,5.3,7,3,9672,248.32
Kalwar Road,"Plot No. 262, Kalwar Road, Jaipur, Rajasthan",6.28,6.9,6,4,12060,185.75
Sangeener,"Plot No. 84, Sangeener, Jaipur, Rajasthan",8.61,4.3,8,4,9545,195.02
Jagatpura,"Plot No. 155, Jagatpura, Jaipur, Rajasthan",10.29,5.5,6,4,8895,179.22
Sangeener,"Plot No. 53, Sangeener, Jaipur, Rajasthan",8.21,5.8,5,2,7402,155.52
Tonk Road,"Plot No. 107, Tonk Road, Jaipur, Rajasthan",11.69,7.1,8,4,8987,211.94
Kalwar Road,"Plot No. 357, Kalwar Road, Jaipur, Rajasthan",8.84,4.7,7,4,6128,175.87
Sangeener,"Plot No. 304, Sangeener, Jaipur, Rajasthan",5.74,5.1,8,3,8170,187.65
Jagatpura,"Plot No. 135, Jagatpura, Jaipur, Rajasthan",9.31,4.8,7,4,9072,185.74
Sangeener,"Plot No. 443, Sangeener, Jaipur, Rajasthan",8.47,7.0,8,3,8086,201.23
Nirman Nagar,"Plot No. 69, Nirman Nagar, Jaipur, Rajasthan",9.37,6.4,4,3,3259,123.42
Jhotwara,"Plot No. 11, Jhotwara, Jaipur, Rajasthan",6.91,6.2,6,4,7632,168.02
Tonk Road,"Plot No. 143, Tonk Road, Jaipur, Rajasthan",13.57,5.0,6,2,8355,194.07
Ajmer Road,"Plot No. 192, Ajmer Road, Jaipur, Rajasthan",15.12,5.5,8,6,9524,234.98
C-Scheme,"Plot No. 387, C-Scheme, Jaipur, Rajasthan",27.42,5.1,8,6,7966,283.8
Jhotwara,"Plot No. 378, Jhotwara, Jaipur, Rajasthan",7.43,6.7,7,6,4088,158.57
Pratap Nagar,"Plot No. 69, Pratap Nagar, Jaipur, Rajasthan",4.71,7.1,5,2,10426,142.76
Jagatpura,"Plot No. 23, Jagatpura, Jaipur, Rajasthan",15.21,4.9,7,4,11140,228.37
Civil Lines,"Plot No. 181, Civil Lines, Jaipur, Rajasthan",29.57,6.5,8,4,8535,287.23
Tonk Road,"Plot No. 293, Tonk Road, Jaipur, Rajasthan",9.77,6.6,6,2,9408,183.0
Kalwar Road,"Plot No. 9, Kalwar Road, Jaipur, Rajasthan",7.71,8.3,8,6,4556,177.59
Malviya Nagar,"Plot No. 271, Malviya Nagar, Jaipur, Rajasthan",16.92,5.3,7,6,7491,210.64
Sangeener,"Plot No. 387, Sangeener, Jaipur, Rajasthan",6.04,4.8,6,3,8037,162.17
Jhotwara,"Plot No. 93, Jhotwara, Jaipur, Rajasthan",8.51,6.5,7,3,6212,176.66
Nirman Nagar,"Plot No. 454, Nirman Nagar, Jaipur, Rajasthan",9.98,4.8,7,4,6360,175.77
Pratap Nagar,"Plot No. 17, Pratap Nagar, Jaipur, Rajasthan",5.67,6.1,8,3,5881,163.93
Jhotwara,"Plot No. 154, Jhotwara, Jaipur, Rajasthan",8.71,4.1,6,4,8155,167.46
Vaishali Nagar,"Plot No. 405, Vaishali Nagar, Jaipur, Rajasthan",19.6,5.8,6,4,6128,208.97
Mansarovar,"Plot No. 328, Mansarovar, Jaipur, Rajasthan",11.74,6.1,8,4,7480,197.8
Tonk Road,"Plot No. 149, Tonk Road, Jaipur, Rajasthan",13.03,6.8,7,4,9969,208.6
Civil Lines,"Plot No. 377, Civil Lines, Jaipur, Rajasthan",29.52,6.7,8,6,8403,292.04
Sangeener,"Plot No. 267, Sangeener, Jaipur, Rajasthan",7.87,7.1,7,5,6725,175.9
Tonk Road,"Plot No. 422, Tonk Road, Jaipur, Rajasthan",12.34,6.0,6,3,6407,185.29
Sangeener,"Plot No. 328, Sangeener, Jaipur, Rajasthan",8.08,6.1,6,2,7947,172.3
Nirman Nagar,"Plot No. 106, Nirman Nagar, Jaipur, Rajasthan",15.58,5.4,6,4,8933,209.69
Vaishali Nagar,"Plot No. 472, Vaishali Nagar, Jaipur, Rajasthan",22.83,5.9,8,6,5419,245.35
Jagatpura,"Plot No. 381, Jagatpura, Jaipur, Rajasthan",10.75,4.5,7,4,6924,186.69
Vidyadhar Nagar,"Plot No. 35, Vidyadhar Nagar, Jaipur, Rajasthan",8.41,4.9,6,3,4193,147.34
Ajmer Road,"Plot No. 119, Ajmer Road, Jaipur, Rajasthan",11.73,6.2,7,3,7116,193.22
Vidyadhar Nagar,"Plot No. 14, Vidyadhar Nagar, Jaipur, Rajasthan",8.31,6.3,6,2,8957,180.98
Raja Park,"Plot No. 14, Raja Park, Jaipur, Rajasthan",18.45,4.1,7,3,6986,222.03
Sangeener,"Plot No. 266, Sangeener, Jaipur, Rajasthan",7.11,5.2,6,4,7270,158.86
Mansarovar,"Plot No. 140, Mansarovar, Jaipur, Rajasthan",13.51,7.5,5,4,11785,200.63
Nirman Nagar,"Plot No. 294, Nirman Nagar, Jaipur, Rajasthan",13.52,5.3,6,2,6480,193.24
Kalwar Road,"Plot No. 364, Kalwar Road, Jaipur, Rajasthan",6.71,6.8,5,4,9245,148.3
Pratap Nagar,"Plot No. 119, Pratap Nagar, Jaipur, Rajasthan",7.08,5.6,6,2,9180,164.09
Jagatpura,"Plot No. 238, Jagatpura, Jaipur, Rajasthan",15.87,5.7,8,5,8879,240.72
Ajmer Road,"Plot No. 34, Ajmer Road, Jaipur, Rajasthan",11.76,5.2,7,4,8878,193.64
Tonk Road,"Plot No. 169, Tonk Road, Jaipur, Rajasthan",13.4,5.3,8,5,6094,209.95
Vaishali Nagar,"Plot No. 10, Vaishali Nagar, Jaipur, Rajasthan",18.22,7.7,9,5,7367,252.95
Jagatpura,"Plot No. 122, Jagatpura, Jaipur, Rajasthan",11.92,5.4,6,2,6054,184.82
Malviya Nagar,"Plot No. 401, Malviya Nagar, Jaipur, Rajasthan",17.48,6.2,7,4,6871,208.21
Jhotwara,"Plot No. 145, Jhotwara, Jaipur, Rajasthan",4.73,6.1,8,3,8710,175.5
Raja Park,"Plot No. 451, Raja Park, Jaipur, Rajasthan",27.26,5.5,7,5,6871,261.1
Pratap Nagar,"Plot No. 446, Pratap Nagar, Jaipur, Rajasthan",5.68,5.9,7,4,9349,175.52
Jhotwara,"Plot No. 223, Jhotwara, Jaipur, Rajasthan",6.18,7.2,6,4,6944,153.24
Kalwar Road,"Plot No. 371, Kalwar Road, Jaipur, Rajasthan",6.06,6.1,8,6,5471,178.29
Sangeener,"Plot No. 257, Sangeener, Jaipur, Rajasthan",4.77,4.8,7,2,8004,164.97
Kalwar Road,"Plot No. 268, Kalwar Road, Jaipur, Rajasthan",6.55,6.6,8,3,7753,182.33
Pratap Nagar,"Plot No. 359, Pratap Nagar, Jaipur, Rajasthan",8.88,7.1,7,4,7911,178.82
Raja Park,"Plot No. 4, Raja Park, Jaipur, Rajasthan",26.32,7.8,6,3,7902,244.1
Tonk Road,"Plot No. 426, Tonk Road, Jaipur, Rajasthan",9.4,5.1,6,4,3745,149.26
Pratap Nagar,"Plot No. 397, Pratap Nagar, Jaipur, Rajasthan",6.91,6.9,6,2,7313,151.32
Sangeener,"Plot No. 354, Sangeener, Jaipur, Rajasthan",5.93,6.2,9,6,8168,199.03
Vidyadhar Nagar,"Plot No. 106, Vidyadhar Nagar, Jaipur, Rajasthan",4.89,6.0,9,4,3900,167.89
Kalwar Road,"Plot No. 85, Kalwar Road, Jaipur, Rajasthan",5.45,6.8,7,6,8762,164.69
Civil Lines,"Plot No. 214, Civil Lines, Jaipur, Rajasthan",21.14,5.0,7,3,4793,226.72
Mansarovar,"Plot No. 121, Mansarovar, Jaipur, Rajasthan",9.4,7.4,8,4,7343,186.11
Tonk Road,"Plot No. 132, Tonk Road, Jaipur, Rajasthan",13.41,5.2,5,4,7230,171.42
Sangeener,"Plot No. 338, Sangeener, Jaipur, Rajasthan",5.96,5.0,7,4,4096,157.79
Kalwar Road,"Plot No. 197, Kalwar Road, Jaipur, Rajasthan",7.07,7.6,7,2,7216,176.51
Sangeener,"Plot No. 19, Sangeener, Jaipur, Rajasthan",7.6,5.7,6,2,4921,141.14
Jhotwara,"Plot No. 130, Jhotwara, Jaipur, Rajasthan",6.2,7.3,6,4,7215,157.18
Tonk Road,"Plot No. 12, Tonk Road, Jaipur, Rajasthan",14.13,6.7,6,3,9142,199.55
Mansarovar,"Plot No. 81, Mansarovar, Jaipur, Rajasthan",15.11,4.3,7,4,4417,194.94
Kalwar Road,"Plot No. 330, Kalwar Road, Jaipur, Rajasthan",4.54,6.5,7,3,6885,159.26
Ajmer Road,"Plot No. 354, Ajmer Road, Jaipur, Rajasthan",10.7,6.6,10,3,7544,219.51
Mansarovar,"Plot No. 262, Mansarovar, Jaipur, Rajasthan",11.13,5.9,7,4,2671,157.34
Ajmer Road,"Plot No. 392, Ajmer Road, Jaipur, Rajasthan",15.11,5.5,6,3,7746,194.29
Pratap Nagar,"Plot No. 125, Pratap Nagar, Jaipur, Rajasthan",7.8,5.4,7,3,5227,158.17
Pratap Nagar,"Plot No. 307, Pratap Nagar, Jaipur, Rajasthan",7.45,4.8,6,4,7534,153.91
Pratap Nagar,"Plot No. 267, Pratap Nagar, Jaipur, Rajasthan",5.72,5.9,8,3,6216,167.11
Jhotwara,"Plot No. 447, Jhotwara, Jaipur, Rajasthan",5.62,4.8,6,2,7710,154.82
C-Scheme,"Plot No. 441, C-Scheme, Jaipur, Rajasthan",21.52,6.7,6,2,6985,229.89
Jagatpura,"Plot No. 383, Jagatpura, Jaipur, Rajasthan",14.7,6.0,7,4,8813,211.14
Ajmer Road,"Plot No. 140, Ajmer Road, Jaipur, Rajasthan",15.83,6.2,6,3,6284,188.99
Vaishali Nagar,"Plot No. 329, Vaishali Nagar, Jaipur, Rajasthan",23.16,7.6,10,3,5428,266.52
Raja Park,"Plot No. 2, Raja Park, Jaipur, Rajasthan",25.02,5.6,5,4,7828,243.66
Kalwar Road,"Plot No. 8, Kalwar Road, Jaipur, Rajasthan",5.85,8.4,7,3,6303,150.09
Tonk Road,"Plot No. 250, Tonk Road, Jaipur, Rajasthan",9.97,7.0,8,5,7355,202.72
Civil Lines,"Plot No. 139, Civil Lines, Jaipur, Rajasthan",24.15,7.8,7,4,10632,265.32
Raja Park,"Plot No. 124, Raja Park, Jaipur, Rajasthan",29.8,5.8,7,6,8995,297.0
Vidyadhar Nagar,"Plot No. 309, Vidyadhar Nagar, Jaipur, Rajasthan",6.64,6.0,9,6,11190,209.98
Nirman Nagar,"Plot No. 228, Nirman Nagar, Jaipur, Rajasthan",14.45,8.1,6,2,9274,194.13
Ajmer Road,"Plot No. 10, Ajmer Road, Jaipur, Rajasthan",13.65,5.7,5,2,10148,193.69
Raja Park,"Plot No. 469, Raja Park, Jaipur, Rajasthan",20.84,5.7,6,2,7732,228.9
Vaishali Nagar,"Plot No. 212, Vaishali Nagar, Jaipur, Rajasthan",19.63,7.0,6,3,4876,207.81
Vaishali Nagar,"Plot No. 112, Vaishali Nagar, Jaipur, Rajasthan",22.03,6.3,7,3,6262,234.83
Nirman Nagar,"Plot No. 8, Nirman Nagar, Jaipur, Rajasthan",11.88,4.8,7,4,11394,206.77
Ajmer Road,"Plot No. 292, Ajmer Road, Jaipur, Rajasthan",12.86,4.3,6,2,6984,189.73
C-Scheme,"Plot No. 477, C-Scheme, Jaipur, Rajasthan",28.52,5.6,7,5,6640,279.36
Jhotwara,"Plot No. 362, Jhotwara, Jaipur, Rajasthan",6.43,5.3,7,6,5941,170.77
Pratap Nagar,"Plot No. 460, Pratap Nagar, Jaipur, Rajasthan",5.93,5.9,6,4,6507,151.09
Raja Park,"Plot No. 253, Raja Park, Jaipur, Rajasthan",27.34,5.4,6,4,6165,241.35
Ajmer Road,"Plot No. 14, Ajmer Road, Jaipur, Rajasthan",12.98,3.6,6,2,8976,190.9
Sangeener,"Plot No. 240, Sangeener, Jaipur, Rajasthan",7.79,6.0,6,2,7799,171.07
Civil Lines,"Plot No. 438, Civil Lines, Jaipur, Rajasthan",23.07,5.3,7,3,7054,253.65
Kalwar Road,"Plot No. 242, Kalwar Road, Jaipur, Rajasthan",7.39,6.6,7,4,5444,170.71
Jagatpura,"Plot No. 469, Jagatpura, Jaipur, Rajasthan",13.65,7.2,7,2,11424,222.12
C-Scheme,"Plot No. 342, C-Scheme, Jaipur, Rajasthan",21.3,4.1,8,6,5232,250.53
Pratap Nagar,"Plot No. 149, Pratap Nagar, Jaipur, Rajasthan",4.79,4.5,8,3,5481,171.14
C-Scheme,"Plot No. 236, C-Scheme, Jaipur, Rajasthan",23.65,5.3,6,4,5756,233.14
Jhotwara,"Plot No. 306, Jhotwara, Jaipur, Rajasthan",7.8,6.9,8,6,4167,174.6
Pratap Nagar,"Plot No. 478, Pratap Nagar, Jaipur, Rajasthan",8.52,7.3,8,3,6447,175.7
Mansarovar,"Plot No. 167, Mansarovar, Jaipur, Rajasthan",11.45,6.3,8,6,5189,195.24
Tonk Road,"Plot No. 20, Tonk Road, Jaipur, Rajasthan",11.33,5.2,7,4,8430,206.8
Jhotwara,"Plot No. 216, Jhotwara, Jaipur, Rajasthan",5.48,5.1,8,3,11017,187.98
Jagatpura,"Plot No. 343, Jagatpura, Jaipur, Rajasthan",13.66,6.6,7,2,7917,209.13
Jhotwara,"Plot No. 135, Jhotwara, Jaipur, Rajasthan",8.22,4.0,8,6,10611,203.93
Tonk Road,"Plot No. 393, Tonk Road, Jaipur, Rajasthan",9.99,5.6,6,4,6804,176.91
Malviya Nagar,"Plot No. 129, Malviya Nagar, Jaipur, Rajasthan",29.45,5.7,9,6,10784,323.67
Ajmer Road,"Plot No. 410, Ajmer Road, Jaipur, Rajasthan",10.96,4.4,7,4,7236,199.71
C-Scheme,"Plot No. 422, C-Scheme, Jaipur, Rajasthan",17.57,6.9,7,3,11275,243.6
Kalwar Road,"Plot No. 294, Kalwar Road, Jaipur, Rajasthan",6.41,5.6,5,2,4858,129.86
C-Scheme,"Plot No. 246, C-Scheme, Jaipur, Rajasthan",22.71,5.4,7,2,6657,233.41
Vidyadhar Nagar,"Plot No. 189, Vidyadhar Nagar, Jaipur, Rajasthan",4.61,7.7,7,2,10701,178.94
Vidyadhar Nagar,"Plot No. 44, Vidyadhar Nagar, Jaipur, Rajasthan",6.28,4.9,6,4,7265,154.29
Kalwar Road,"Plot No. 86, Kalwar Road, Jaipur, Rajasthan",5.18,6.1,9,4,7694,190.6
Pratap Nagar,"Plot No. 44, Pratap Nagar, Jaipur, Rajasthan",6.88,6.5,9,6,12909,212.92
Ajmer Road,"Plot No. 330, Ajmer Road, Jaipur, Rajasthan",10.52,5.7,7,2,10743,212.48
C-Scheme,"Plot No. 375, C-Scheme, Jaipur, Rajasthan",16.11,4.3,7,2,6447,210.83
Raja Park,"Plot No. 446, Raja Park, Jaipur, Rajasthan",28.58,5.9,6,2,8807,277.76
Jhotwara,"Plot No. 378, Jhotwara, Jaipur, Rajasthan",4.63,7.2,6,2,7884,151.98
Sangeener,"Plot No. 390, Sangeener, Jaipur, Rajasthan",7.16,7.4,7,3,3419,141.79
Mansarovar,"Plot No. 145, Mansarovar, Jaipur, Rajasthan",12.72,6.8,6,2,6430,181.59
Pratap Nagar,"Plot No. 51, Pratap Nagar, Jaipur, Rajasthan",7.02,6.5,8,3,9413,200.21
Vidyadhar Nagar,"Plot No. 242, Vidyadhar Nagar, Jaipur, Rajasthan",5.22,5.1,6,2,3639,138.6
Mansarovar,"Plot No. 294, Mansarovar, Jaipur, Rajasthan",14.14,4.9,9,5,5330,218.53
Malviya Nagar,"Plot No. 408, Malviya Nagar, Jaipur, Rajasthan",16.89,5.9,7,4,4920,214.92
Kalwar Road,"Plot No. 51, Kalwar Road, Jaipur, Rajasthan",8.41,6.0,7,2,7765,174.56
Vaishali Nagar,"Plot No. 266, Vaishali Nagar, Jaipur, Rajasthan",23.17,5.8,4,4,6367,204.85
Nirman Nagar,"Plot No. 120, Nirman Nagar, Jaipur, Rajasthan",15.39,6.3,7,4,4717,202.0
Tonk Road,"Plot No. 200, Tonk Road, Jaipur, Rajasthan",14.51,5.0,7,6,9581,213.71
Sangeener,"Plot No. 405, Sangeener, Jaipur, Rajasthan",7.86,5.5,7,3,3930,158.44
Vidyadhar Nagar,"Plot No. 248, Vidyadhar Nagar, Jaipur, Rajasthan",5.03,8.0,7,2,8962,170.53
Mansarovar,"Plot No. 70, Mansarovar, Jaipur, Rajasthan",13.29,6.1,8,4,8636,221.7
Tonk Road,"Plot No. 341, Tonk Road, Jaipur, Rajasthan",9.39,4.4,6,2,7162,164.39
C-Scheme,"Plot No. 57, C-Scheme, Jaipur, Rajasthan",21.58,6.8,7,3,8364,246.8
Kalwar Road,"Plot No. 382, Kalwar Road, Jaipur, Rajasthan",7.75,6.3,7,3,4520,160.8
C-Scheme,"Plot No. 39, C-Scheme, Jaipur, Rajasthan",29.98,5.5,6,4,6895,268.29
Mansarovar,"Plot No. 472, Mansarovar, Jaipur, Rajasthan",9.36,6.3,8,4,3807,182.03
Jagatpura,"Plot No. 289, Jagatpura, Jaipur, Rajasthan",12.69,5.8,6,2,7451,180.14
C-Scheme,"Plot No. 443, C-Scheme, Jaipur, Rajasthan",21.53,5.7,7,5,8373,250.69
Jagatpura,"Plot No. 18, Jagatpura, Jaipur, Rajasthan",10.97,4.9,8,3,8149,212.27
Civil Lines,"Plot No. 440, Civil Lines, Jaipur, Rajasthan",21.83,5.3,8,3,5805,251.31
Jagatpura,"Plot No. 220, Jagatpura, Jaipur, Rajasthan",9.0,6.5,7,3,7962,182.38
Ajmer Road,"Plot No. 313, Ajmer Road, Jaipur, Rajasthan",12.22,4.7,6,4,10741,200.22
Vaishali Nagar,"Plot No. 244, Vaishali Nagar, Jaipur, Rajasthan",24.49,5.6,6,4,4257,225.33
Civil Lines,"Plot No. 352, Civil Lines, Jaipur, Rajasthan",23.33,6.8,7,6,6109,246.01
Kalwar Road,"Plot No. 460, Kalwar Road, Jaipur, Rajasthan",4.63,5.7,8,5,8784,178.55
Tonk Road,"Plot No. 304, Tonk Road, Jaipur, Rajasthan",11.51,6.6,7,4,8162,191.93
Malviya Nagar,"Plot No. 298, Malviya Nagar, Jaipur, Rajasthan",16.17,5.2,6,4,7267,205.66
Jagatpura,"Plot No. 283, Jagatpura, Jaipur, Rajasthan",12.94,5.9,6,2,4902,181.51
Jhotwara,"Plot No. 74, Jhotwara, Jaipur, Rajasthan",7.88,5.2,6,3,6264,149.57
Pratap Nagar,"Plot No. 110, Pratap Nagar, Jaipur, Rajasthan",6.0,6.5,6,2,6988,160.43
Nirman Nagar,"Plot No. 180, Nirman Nagar, Jaipur, Rajasthan",14.58,5.8,6,3,7362,187.03
Sangeener,"Plot No. 426, Sangeener, Jaipur, Rajasthan",6.94,7.4,8,4,8870,187.8
Civil Lines,"Plot No. 32, Civil Lines, Jaipur, Rajasthan",21.82,4.7,7,4,8905,252.42
Mansarovar,"Plot No. 234, Mansarovar, Jaipur, Rajasthan",14.22,5.7,7,4,8337,203.16
Kalwar Road,"Plot No. 282, Kalwar Road, Jaipur, Rajasthan",6.46,5.9,7,4,6099,169.96
Jhotwara,"Plot No. 25, Jhotwara, Jaipur, Rajasthan",7.49,5.2,8,5,5247,174.82
Ajmer Road,"Plot No. 331, Ajmer Road, Jaipur, Rajasthan",11.97,6.4,6,4,6375,169.59
Pratap Nagar,"Plot No. 279, Pratap Nagar, Jaipur, Rajasthan",6.86,5.6,8,5,6553,182.53
Raja Park,"Plot No. 226, Raja Park, Jaipur, Rajasthan",26.47,4.2,7,5,8485,275.45
Ajmer Road,"Plot No. 57, Ajmer Road, Jaipur, Rajasthan",10.84,7.0,7,4,9713,208.35
Kalwar Road,"Plot No. 180, Kalwar Road, Jaipur, Rajasthan",5.67,5.5,7,2,2848,141.04
Civil Lines,"Plot No. 232, Civil Lines, Jaipur, Rajasthan",25.44,4.6,6,4,4733,231.23
Raja Park,"Plot No. 382, Raja Park, Jaipur, Rajasthan",19.0,5.3,6,2,8204,212.47
Mansarovar,"Plot No. 343, Mansarovar, Jaipur, Rajasthan",15.46,5.9,5,4,7124,190.64
Pratap Nagar,"Plot No. 477, Pratap Nagar, Jaipur, Rajasthan",4.9,6.2,5,2,8869,145.91
Ajmer Road,"Plot No. 287, Ajmer Road, Jaipur, Rajasthan",15.17,4.2,7,3,5797,213.95
Nirman Nagar,"Plot No. 64, Nirman Nagar, Jaipur, Rajasthan",11.15,6.2,7,3,5772,186.32
Vidyadhar Nagar,"Plot No. 455, Vidyadhar Nagar, Jaipur, Rajasthan",8.71,4.6,7,3,8058,192.86
Mansarovar,"Plot No. 232, Mansarovar, Jaipur, Rajasthan",10.57,6.9,7,5,6498,191.71
Ajmer Road,"Plot No. 289, Ajmer Road, Jaipur, Rajasthan",11.19,5.1,5,4,3863,148.95
Vidyadhar Nagar,"Plot No. 213, Vidyadhar Nagar, Jaipur, Rajasthan",5.15,5.4,6,4,7918,146.22
Vidyadhar Nagar,"Plot No. 258, Vidyadhar Nagar, Jaipur, Rajasthan",6.05,7.3,8,3,4608,156.05
Pratap Nagar,"Plot No. 18, Pratap Nagar, Jaipur, Rajasthan",5.98,6.2,7,2,6710,158.32
Vidyadhar Nagar,"Plot No. 175, Vidyadhar Nagar, Jaipur, Rajasthan",7.84,6.2,8,3,11168,205.35
Sangeener,"Plot No. 417, Sangeener, Jaipur, Rajasthan",6.45,6.7,9,3,5433,173.52
Sangeener,"Plot No. 229, Sangeener, Jaipur, Rajasthan",7.93,5.5,8,6,7192,182.81
Jagatpura,"Plot No. 226, Jagatpura, Jaipur, Rajasthan",11.75,5.8,8,3,10043,215.07
Mansarovar,"Plot No. 84, Mansarovar, Jaipur, Rajasthan",10.17,6.3,7,3,11863,197.76
Vidyadhar Nagar,"Plot No. 291, Vidyadhar Nagar, Jaipur, Rajasthan",8.17,4.2,8,4,13520,218.6
Sangeener,"Plot No. 435, Sangeener, Jaipur, Rajasthan",5.36,6.3,6,3,7094,141.07
Nirman Nagar,"Plot No. 370, Nirman Nagar, Jaipur, Rajasthan",10.51,4.2,9,4,7837,214.93
Jagatpura,"Plot No. 246, Jagatpura, Jaipur, Rajasthan",13.97,7.5,6,3,4785,170.66
Tonk Road,"Plot No. 402, Tonk Road, Jaipur, Rajasthan",13.36,5.8,7,2,3519,188.47
Jhotwara,"Plot No. 110, Jhotwara, Jaipur, Rajasthan",4.51,8.3,6,3,7075,133.18
Tonk Road,"Plot No. 254, Tonk Road, Jaipur, Rajasthan",15.39,4.6,5,2,6873,193.65
Nirman Nagar,"Plot No. 88, Nirman Nagar, Jaipur, Rajasthan",12.85,5.9,6,3,7765,190.27
Jhotwara,"Plot No. 72, Jhotwara, Jaipur, Rajasthan",6.46,6.8,8,6,7684,179.4
Raja Park,"Plot No. 381, Raja Park, Jaipur, Rajasthan",29.68,6.4,6,2,6853,265.12
Tonk Road,"Plot No. 30, Tonk Road, Jaipur, Rajasthan",9.94,6.4,9,5,6549,201.38
Kalwar Road,"Plot No. 172, Kalwar Road, Jaipur, Rajasthan",8.7,5.8,6,3,5573,150.48
Jagatpura,"Plot No. 309, Jagatpura, Jaipur, Rajasthan",9.94,6.0,6,2,8026,181.16
Kalwar Road,"Plot No. 394, Kalwar Road, Jaipur, Rajasthan",7.32,5.7,6,2,6376,164.02
Ajmer Road,"Plot No. 343, Ajmer Road, Jaipur, Rajasthan",10.03,6.8,7,4,5975,185.82
Jhotwara,"Plot No. 436, Jhotwara, Jaipur, Rajasthan",6.56,4.4,7,4,4771,161.16
Pratap Nagar,"Plot No. 177, Pratap Nagar, Jaipur, Rajasthan",7.82,5.2,9,4,6794,194.91
Kalwar Road,"Plot No. 139, Kalwar Road, Jaipur, Rajasthan",8.58,4.7,7,3,12062,203.01
Kalwar Road,"Plot No. 194, Kalwar Road, Jaipur, Rajasthan",7.77,7.7,6,4,5344,152.61
Pratap Nagar,"Plot No. 186, Pratap Nagar, Jaipur, Rajasthan",5.86,6.1,9,6,9355,205.21
Kalwar Road,"Plot No. 218, Kalwar Road, Jaipur, Rajasthan",6.97,5.4,7,4,6210,162.9
Kalwar Road,"Plot No. 164, Kalwar Road, Jaipur, Rajasthan",8.51,6.9,6,3,9269,182.18
Kalwar Road,"Plot No. 161, Kalwar Road, Jaipur, Rajasthan",6.48,6.3,6,3,5949,144.88
C-Scheme,"Plot No. 431, C-Scheme, Jaipur, Rajasthan",22.73,6.5,8,3,8232,262.13
Nirman Nagar,"Plot No. 13, Nirman Nagar, Jaipur, Rajasthan",9.9,6.7,8,6,10510,220.25
Kalwar Road,"Plot No. 296, Kalwar Road, Jaipur, Rajasthan",5.03,5.5,8,4,9518,193.25
Pratap Nagar,"Plot No. 89, Pratap Nagar, Jaipur, Rajasthan",4.76,4.3,6,4,6928,151.95
Tonk Road,"Plot No. 324, Tonk Road, Jaipur, Rajasthan",13.67,6.6,8,6,7440,210.41
Malviya Nagar,"Plot No. 42, Malviya Nagar, Jaipur, Rajasthan",26.88,5.7,8,4,11610,293.9
Raja Park,"Plot No. 403, Raja Park, Jaipur, Rajasthan",27.65,5.6,5,3,8559,243.72
Nirman Nagar,"Plot No. 210, Nirman Nagar, Jaipur, Rajasthan",10.01,7.5,5,2,6329,157.62
Pratap Nagar,"Plot No. 229, Pratap Nagar, Jaipur, Rajasthan",6.8,7.3,7,4,8921,175.36
Nirman Nagar,"Plot No. 350, Nirman Nagar, Jaipur, Rajasthan",9.53,6.7,8,3,9450,205.39
Mansarovar,"Plot No. 275, Mansarovar, Jaipur, Rajasthan",9.66,6.7,7,5,3776,163.65
Malviya Nagar,"Plot No. 442, Malviya Nagar, Jaipur, Rajasthan",21.85,6.5,7,4,7217,239.87
Pratap Nagar,"Plot No. 279, Pratap Nagar, Jaipur, Rajasthan",7.1,8.0,5,4,6139,139.2
Nirman Nagar,"Plot No. 251, Nirman Nagar, Jaipur, Rajasthan",14.34,5.1,7,5,8886,222.9
C-Scheme,"Plot No. 310, C-Scheme, Jaipur, Rajasthan",27.28,5.0,7,6,6497,255.52
Sangeener,"Plot No. 208, Sangeener, Jaipur, Rajasthan",5.89,5.8,7,4,5389,161.55
Nirman Nagar,"Plot No. 321, Nirman Nagar, Jaipur, Rajasthan",11.59,6.3,6,2,7742,179.7
Jagatpura,"Plot No. 140, Jagatpura, Jaipur, Rajasthan",10.95,8.4,5,3,6923,164.47
Nirman Nagar,"Plot No. 280, Nirman Nagar, Jaipur, Rajasthan",14.94,6.0,9,6,7988,244.62
Civil Lines,"Plot No. 34, Civil Lines, Jaipur, Rajasthan",16.37,5.8,6,2,5521,190.61
C-Scheme,"Plot No. 309, C-Scheme, Jaipur, Rajasthan",19.65,6.8,8,6,8902,241.42
Mansarovar,"Plot No. 392, Mansarovar, Jaipur, Rajasthan",13.88,6.9,9,5,8036,224.1
Nirman Nagar,"Plot No. 18, Nirman Nagar, Jaipur, Rajasthan",11.68,5.3,6,4,7795,178.53
Pratap Nagar,"Plot No. 57, Pratap Nagar, Jaipur, Rajasthan",8.0,6.5,7,4,4505,165.01
Pratap Nagar,"Plot No. 112, Pratap Nagar, Jaipur, Rajasthan",7.98,4.2,6,3,7899,159.74
Mansarovar,"Plot No. 5, Mansarovar, Jaipur, Rajasthan",10.77,6.0,7,3,8964,187.53
Pratap Nagar,"Plot No. 410, Pratap Nagar, Jaipur, Rajasthan",8.53,5.8,8,5,7284,193.54
Pratap Nagar,"Plot No. 414, Pratap Nagar, Jaipur, Rajasthan",4.86,4.6,6,3,8098,155.05
Kalwar Road,"Plot No. 182, Kalwar Road, Jaipur, Rajasthan",8.15,6.1,7,6,6716,170.91
Jagatpura,"Plot No. 13, Jagatpura, Jaipur, Rajasthan",9.74,5.6,7,2,5562,176.67
Tonk Road,"Plot No. 339, Tonk Road, Jaipur, Rajasthan",13.81,3.6,5,4,7184,186.51
Jhotwara,"Plot No. 285, Jhotwara, Jaipur, Rajasthan",4.89,5.9,6,3,6004,133.71
Raja Park,"Plot No. 259, Raja Park, Jaipur, Rajasthan",20.92,6.7,8,4,6504,244.95
Malviya Nagar,"Plot No. 90, Malviya Nagar, Jaipur, Rajasthan",27.37,5.8,7,5,3926,257.79
Pratap Nagar,"Plot No. 104, Pratap Nagar, Jaipur, Rajasthan",5.97,6.3,7,2,3955,145.23
Ajmer Road,"Plot No. 379, Ajmer Road, Jaipur, Rajasthan",11.05,5.2,7,3,5545,187.23
Nirman Nagar,"Plot No. 186, Nirman Nagar, Jaipur, Rajasthan",14.3,6.4,7,4,5545,202.67
Mansarovar,"Plot No. 250, Mansarovar, Jaipur, Rajasthan",11.95,5.0,6,4,9214,199.35
Kalwar Road,"Plot No. 255, Kalwar Road, Jaipur, Rajasthan",8.1,6.2,7,4,7715,180.16
Mansarovar,"Plot No. 76, Mansarovar, Jaipur, Rajasthan",14.42,6.5,6,2,11065,216.14
Raja Park,"Plot No. 386, Raja Park, Jaipur, Rajasthan",18.59,6.9,8,5,5777,234.52
Raja Park,"Plot No. 459, Raja Park, Jaipur, Rajasthan",17.59,7.1,4,4,10829,205.6
Sangeener,"Plot No. 108, Sangeener, Jaipur, Rajasthan",6.21,5.9,8,3,6155,171.77
Vidyadhar Nagar,"Plot No. 156, Vidyadhar Nagar, Jaipur, Rajasthan",8.39,5.9,8,4,7359,182.4
Jagatpura,"Plot No. 82, Jagatpura, Jaipur, Rajasthan",15.47,5.4,6,2,7209,195.4
Pratap Nagar,"Plot No. 77, Pratap Nagar, Jaipur, Rajasthan",6.89,6.6,9,3,5197,176.3
Kalwar Road,"Plot No. 485, Kalwar Road, Jaipur, Rajasthan",4.89,7.0,9,4,5086,168.63
Nirman Nagar,"Plot No. 470, Nirman Nagar, Jaipur, Rajasthan",13.23,6.2,6,4,9489,198.44
Mansarovar,"Plot No. 460, Mansarovar, Jaipur, Rajasthan",10.38,6.0,6,2,9817,196.09
Pratap Nagar,"Plot No. 258, Pratap Nagar, Jaipur, Rajasthan",4.85,8.0,8,6,8522,184.08
Sangeener,"Plot No. 127, Sangeener, Jaipur, Rajasthan",5.34,6.1,7,3,6486,163.3
Civil Lines,"Plot No. 485, Civil Lines, Jaipur, Rajasthan",18.21,7.1,7,4,8696,238.84
Jagatpura,"Plot No. 391, Jagatpura, Jaipur, Rajasthan",13.1,5.4,7,6,2895,188.22
Jagatpura,"Plot No. 282, Jagatpura, Jaipur, Rajasthan",14.87,5.2,7,3,11540,237.98
Vaishali Nagar,"Plot No. 474, Vaishali Nagar, Jaipur, Rajasthan",20.75,5.5,6,4,6923,214.56
Jagatpura,"Plot No. 88, Jagatpura, Jaipur, Rajasthan",9.25,5.9,7,2,5687,171.51
Jhotwara,"Plot No. 204, Jhotwara, Jaipur, Rajasthan",5.33,6.5,6,2,6658,146.81
Vaishali Nagar,"Plot No. 16, Vaishali Nagar, Jaipur, Rajasthan",26.54,4.9,7,3,11075,276.9
Mansarovar,"Plot No. 151, Mansarovar, Jaipur, Rajasthan",15.14,5.0,7,3,6035,210.52
Ajmer Road,"Plot No. 424, Ajmer Road, Jaipur, Rajasthan",11.08,6.8,8,5,7462,194.27
Pratap Nagar,"Plot No. 254, Pratap Nagar, Jaipur, Rajasthan",6.13,5.4,5,3,7155,139.77
Jhotwara,"Plot No. 188, Jhotwara, Jaipur, Rajasthan",5.44,6.7,8,5,7011,163.5
Mansarovar,"Plot No. 329, Mansarovar, Jaipur, Rajasthan",10.88,5.3,5,4,7142,165.48
Mansarovar,"Plot No. 32, Mansarovar, Jaipur, Rajasthan",15.27,4.9,6,2,6866,199.22
C-Scheme,"Plot No. 271, C-Scheme, Jaipur, Rajasthan",17.22,4.6,6,3,6127,208.09
Raja Park,"Plot No. 485, Raja Park, Jaipur, Rajasthan",16.51,6.5,8,3,6065,217.61
Pratap Nagar,"Plot No. 397, Pratap Nagar, Jaipur, Rajasthan",8.38,3.4,7,3,8672,189.29
Ajmer Road,"Plot No. 5, Ajmer Road, Jaipur, Rajasthan",11.15,6.7,7,6,7665,195.48
Malviya Nagar,"Plot No. 459, Malviya Nagar, Jaipur, Rajasthan",17.21,3.4,7,4,6107,222.28
Sangeener,"Plot No. 330, Sangeener, Jaipur, Rajasthan",5.21,6.3,9,6,9585,192.52
Tonk Road,"Plot No. 308, Tonk Road, Jaipur, Rajasthan",10.26,6.5,7,4,6502,172.36
Vaishali Nagar,"Plot No. 333, Vaishali Nagar, Jaipur, Rajasthan",22.43,6.5,6,4,4975,210.54
Vaishali Nagar,"Plot No. 169, Vaishali Nagar, Jaipur, Rajasthan",19.32,5.9,8,6,5953,240.01
Ajmer Road,"Plot No. 181, Ajmer Road, Jaipur, Rajasthan",11.68,5.8,7,3,5998,184.06
Pratap Nagar,"Plot No. 366, Pratap Nagar, Jaipur, Rajasthan",6.72,6.2,7,3,9724,173.25
Vidyadhar Nagar,"Plot No. 178, Vidyadhar Nagar, Jaipur, Rajasthan",6.51,6.0,8,6,6562,169.75
Pratap Nagar,"Plot No. 143, Pratap Nagar, Jaipur, Rajasthan",5.27,7.0,7,5,4796,153.1
Kalwar Road,"Plot No. 362, Kalwar Road, Jaipur, Rajasthan",7.41,5.1,4,2,9972,152.76
Vaishali Nagar,"Plot No. 248, Vaishali Nagar, Jaipur, Rajasthan",21.83,6.6,8,3,5935,245.59
Civil Lines,"Plot No. 127, Civil Lines, Jaipur, Rajasthan",21.4,6.0,9,4,9852,278.44
Pratap Nagar,"Plot No. 263, Pratap Nagar, Jaipur, Rajasthan",5.66,7.6,6,4,6523,138.13
Jagatpura,"Plot No. 40, Jagatpura, Jaipur, Rajasthan",15.15,6.4,9,3,8526,235.13
Vidyadhar Nagar,"Plot No. 412, Vidyadhar Nagar, Jaipur, Rajasthan",6.79,7.6,7,3,5755,156.45
Jhotwara,"Plot No. 416, Jhotwara, Jaipur, Rajasthan",5.88,5.4,8,6,4673,160.78
Civil Lines,"Plot No. 355, Civil Lines, Jaipur, Rajasthan",25.18,8.5,7,2,6156,255.18
Malviya Nagar,"Plot No. 255, Malviya Nagar, Jaipur, Rajasthan",16.12,7.1,8,5,6450,221.6
Tonk Road,"Plot No. 143, Tonk Road, Jaipur, Rajasthan",13.64,5.9,8,5,3919,201.8
Jhotwara,"Plot No. 240, Jhotwara, Jaipur, Rajasthan",7.44,6.2,8,6,6229,173.29
Pratap Nagar,"Plot No. 228, Pratap Nagar, Jaipur, Rajasthan",5.64,4.6,6,2,4138,133.14
Kalwar Road,"Plot No. 341, Kalwar Road, Jaipur, Rajasthan",7.7,7.2,6,4,6636,150.85
Civil Lines,"Plot No. 198, Civil Lines, Jaipur, Rajasthan",27.18,3.4,7,6,7267,274.46
Sangeener,"Plot No. 65, Sangeener, Jaipur, Rajasthan",5.17,6.7,6,2,7619,146.84
Ajmer Road,"Plot No. 388, Ajmer Road, Jaipur, Rajasthan",9.19,5.3,6,4,5414,158.33
Vidyadhar Nagar,"Plot No. 11, Vidyadhar Nagar, Jaipur, Rajasthan",7.9,4.9,5,4,7626,157.88
Ajmer Road,"Plot No. 108, Ajmer Road, Jaipur, Rajasthan",15.76,6.8,8,3,3623,214.0
Tonk Road,"Plot No. 26, Tonk Road, Jaipur, Rajasthan",11.61,7.0,7,2,5067,172.8
Tonk Road,"Plot No. 445, Tonk Road, Jaipur, Rajasthan",9.18,7.0,7,6,5872,163.18
Kalwar Road,"Plot No. 421, Kalwar Road, Jaipur, Rajasthan",4.54,6.4,7,4,5996,145.07
Tonk Road,"Plot No. 151, Tonk Road, Jaipur, Rajasthan",14.73,6.4,6,4,7755,201.58
Vidyadhar Nagar,"Plot No. 221, Vidyadhar Nagar, Jaipur, Rajasthan",6.96,4.5,7,5,7500,167.05
Mansarovar,"Plot No. 341, Mansarovar, Jaipur, Rajasthan",9.93,6.3,8,3,6199,191.9
Pratap Nagar,"Plot No. 496, Pratap Nagar, Jaipur, Rajasthan",4.64,5.3,8,5,6069,167.47
Nirman Nagar,"Plot No. 237, Nirman Nagar, Jaipur, Rajasthan",15.36,5.9,6,3,4270,179.12
Mansarovar,"Plot No. 237, Mansarovar, Jaipur, Rajasthan",14.46,5.8,8,5,1916,182.66
Raja Park,"Plot No. 497, Raja Park, Jaipur, Rajasthan",22.95,7.0,7,3,10135,257.32
Jagatpura,"Plot No. 219, Jagatpura, Jaipur, Rajasthan",11.84,6.1,6,2,8029,178.56
Jhotwara,"Plot No. 487, Jhotwara, Jaipur, Rajasthan",7.12,7.3,8,4,12355,199.69
Jhotwara,"Plot No. 424, Jhotwara, Jaipur, Rajasthan",7.99,6.2,7,3,9934,188.17
Mansarovar,"Plot No. 461, Mansarovar, Jaipur, Rajasthan",10.45,7.0,7,5,4682,175.53
C-Scheme,"Plot No. 151, C-Scheme, Jaipur, Rajasthan",21.88,5.5,6,2,9401,232.29
Vidyadhar Nagar,"Plot No. 123, Vidyadhar Nagar, Jaipur, Rajasthan",5.61,5.9,5,2,8554,147.41
Jagatpura,"Plot No. 144, Jagatpura, Jaipur, Rajasthan",12.52,6.4,8,6,5372,193.28
Kalwar Road,"Plot No. 478, Kalwar Road, Jaipur, Rajasthan",6.87,6.8,8,6,6722,180.85
Kalwar Road,"Plot No. 189, Kalwar Road, Jaipur, Rajasthan",4.65,4.4,8,6,8852,187.18
Jhotwara,"Plot No. 255, Jhotwara, Jaipur, Rajasthan",6.28,5.7,6,2,6524,157.35
Jhotwara,"Plot No. 68, Jhotwara, Jaipur, Rajasthan",8.75,6.7,7,4,6158,169.14
Vaishali Nagar,"Plot No. 104, Vaishali Nagar, Jaipur, Rajasthan",27.54,5.2,6,4,9090,268.19
C-Scheme,"Plot No. 336, C-Scheme, Jaipur, Rajasthan",26.13,5.9,6,2,7779,258.34
Sangeener,"Plot No. 159, Sangeener, Jaipur, Rajasthan",7.03,5.8,7,3,6785,159.19
C-Scheme,"Plot No. 309, C-Scheme, Jaipur, Rajasthan",18.81,6.7,6,2,8425,221.48
Nirman Nagar,"Plot No. 362, Nirman Nagar, Jaipur, Rajasthan",15.24,5.1,9,6,5693,233.7
Kalwar Road,"Plot No. 409, Kalwar Road, Jaipur, Rajasthan",5.29,6.5,8,6,7091,169.54
Ajmer Road,"Plot No. 300, Ajmer Road, Jaipur, Rajasthan",11.22,5.4,7,4,8135,194.54
Vidyadhar Nagar,"Plot No. 396, Vidyadhar Nagar, Jaipur, Rajasthan",6.27,6.2,9,5,6253,189.04
Mansarovar,"Plot No. 90, Mansarovar, Jaipur, Rajasthan",12.57,4.6,7,6,8000,193.79
Nirman Nagar,"Plot No. 357, Nirman Nagar, Jaipur, Rajasthan",13.52,5.6,7,4,11554,220.98
Pratap Nagar,"Plot No. 256, Pratap Nagar, Jaipur, Rajasthan",6.65,6.4,8,6,9280,185.63
Ajmer Road,"Plot No. 496, Ajmer Road, Jaipur, Rajasthan",10.58,6.0,6,2,3694,147.59
Sangeener,"Plot No. 353, Sangeener, Jaipur, Rajasthan",5.21,5.0,8,3,5273,158.79
Vidyadhar Nagar,"Plot No. 220, Vidyadhar Nagar, Jaipur, Rajasthan",7.19,6.1,6,3,6600,153.28
Mansarovar,"Plot No. 9, Mansarovar, Jaipur, Rajasthan",10.82,4.9,7,3,6683,180.95
Jhotwara,"Plot No. 12, Jhotwara, Jaipur, Rajasthan",7.45,6.7,7,2,7609,174.8
C-Scheme,"Plot No. 325, C-Scheme, Jaipur, Rajasthan",27.44,6.3,7,4,6497,262.72
Vaishali Nagar,"Plot No. 438, Vaishali Nagar, Jaipur, Rajasthan",29.07,6.3,7,4,6377,261.76
Jagatpura,"Plot No. 244, Jagatpura, Jaipur, Rajasthan",12.5,5.8,7,3,6421,187.91
Malviya Nagar,"Plot No. 182, Malviya Nagar, Jaipur, Rajasthan",28.8,6.0,8,5,6353,272.39
Raja Park,"Plot No. 284, Raja Park, Jaipur, Rajasthan",23.65,3.9,6,2,5204,227.85
Sangeener,"Plot No. 312, Sangeener, Jaipur, Rajasthan",7.9,4.8,6,2,8973,167.77
Jagatpura,"Plot No. 99, Jagatpura, Jaipur, Rajasthan",10.02,3.9,7,2,8785,198.93
C-Scheme,"Plot No. 197, C-Scheme, Jaipur, Rajasthan",16.85,6.2,8,3,6011,218.78
Kalwar Road,"Plot No. 482, Kalwar Road, Jaipur, Rajasthan",4.94,6.5,6,3,8688,151.91
Ajmer Road,"Plot No. 366, Ajmer Road, Jaipur, Rajasthan",9.12,6.5,7,4,5937,177.22
Pratap Nagar,"Plot No. 226, Pratap Nagar, Jaipur, Rajasthan",6.31,3.9,7,4,10027,183.19
Raja Park,"Plot No. 333, Raja Park, Jaipur, Rajasthan",21.54,6.7,6,3,8243,232.69
Tonk Road,"Plot No. 103, Tonk Road, Jaipur, Rajasthan",13.72,5.9,8,5,4973,209.7
Jhotwara,"Plot No. 106, Jhotwara, Jaipur, Rajasthan",6.76,5.9,8,4,9763,187.55
Pratap Nagar,"Plot No. 365, Pratap Nagar, Jaipur, Rajasthan",7.09,6.8,7,4,4745,166.34
Malviya Nagar,"Plot No. 368, Malviya Nagar, Jaipur, Rajasthan",24.38,6.2,9,6,6270,280.08
Mansarovar,"Plot No. 58, Mansarovar, Jaipur, Rajasthan",9.33,5.7,7,3,10398,192.96
Jhotwara,"Plot No. 78, Jhotwara, Jaipur, Rajasthan",6.4,7.1,6,2,7511,162.48
Ajmer Road,"Plot No. 75, Ajmer Road, Jaipur, Rajasthan",10.88,6.5,7,4,6785,190.48
Jhotwara,"Plot No. 42, Jhotwara, Jaipur, Rajasthan",8.11,7.5,7,3,6074,175.66
C-Scheme,"Plot No. 422, C-Scheme, Jaipur, Rajasthan",20.55,6.4,7,6,6754,235.63
Civil Lines,"Plot No. 324, Civil Lines, Jaipur, Rajasthan",18.21,6.7,5,4,10211,216.9
Civil Lines,"Plot No. 181, Civil Lines, Jaipur, Rajasthan",20.74,6.2,6,3,6311,208.88
Civil Lines,"Plot No. 33, Civil Lines, Jaipur, Rajasthan",16.29,4.7,7,5,9301,226.14
Raja Park,"Plot No. 71, Raja Park, Jaipur, Rajasthan",21.09,5.6,6,4,6951,218.59
Tonk Road,"Plot No. 56, Tonk Road, Jaipur, Rajasthan",12.11,3.6,6,2,4190,167.16
Malviya Nagar,"Plot No. 105, Malviya Nagar, Jaipur, Rajasthan",28.21,6.0,6,3,8288,274.42
Jhotwara,"Plot No. 200, Jhotwara, Jaipur, Rajasthan",5.44,5.7,7,2,3115,133.85
Raja Park,"Plot No. 101, Raja Park, Jaipur, Rajasthan",17.56,6.2,8,3,4266,221.77
Pratap Nagar,"Plot No. 256, Pratap Nagar, Jaipur, Rajasthan",5.59,6.9,8,3,12241,192.15
Civil Lines,"Plot No. 307, Civil Lines, Jaipur, Rajasthan",21.99,5.8,6,4,12149,244.75
C-Scheme,"Plot No. 74, C-Scheme, Jaipur, Rajasthan",18.74,6.9,8,5,7997,240.62
Mansarovar,"Plot No. 171, Mansarovar, Jaipur, Rajasthan",10.37,4.0,8,6,7818,197.09
Pratap Nagar,"Plot No. 377, Pratap Nagar, Jaipur, Rajasthan",7.74,7.4,6,4,8018,172.45
Civil Lines,"Plot No. 143, Civil Lines, Jaipur, Rajasthan",16.27,7.4,7,3,5253,196.33
Ajmer Road,"Plot No. 166, Ajmer Road, Jaipur, Rajasthan",12.62,5.9,7,3,7436,191.75
Tonk Road,"Plot No. 399, Tonk Road, Jaipur, Rajasthan",14.23,6.1,8,3,4864,195.12
C-Scheme,"Plot No. 261, C-Scheme, Jaipur, Rajasthan",29.65,5.8,6,4,8726,270.85
Malviya Nagar,"Plot No. 221, Malviya Nagar, Jaipur, Rajasthan",24.45,3.2,8,4,7080,259.44
Kalwar Road,"Plot No. 83, Kalwar Road, Jaipur, Rajasthan",4.88,5.7,8,6,8173,176.72
Nirman Nagar,"Plot No. 182, Nirman Nagar, Jaipur, Rajasthan",10.47,4.6,7,4,6607,185.5
Malviya Nagar,"Plot No. 307, Malviya Nagar, Jaipur, Rajasthan",28.07,6.1,8,4,10326,289.28
Civil Lines,"Plot No. 10, Civil Lines, Jaipur, Rajasthan",27.75,7.1,7,3,8881,270.76
Nirman Nagar,"Plot No. 396, Nirman Nagar, Jaipur, Rajasthan",14.15,5.1,9,5,2986,214.84
Jagatpura,"Plot No. 4, Jagatpura, Jaipur, Rajasthan",13.32,4.8,6,4,6986,187.92
Tonk Road,"Plot No. 351, Tonk Road, Jaipur, Rajasthan",11.87,8.2,5,3,6826,162.5
Tonk Road,"Plot No. 402, Tonk Road, Jaipur, Rajasthan",15.66,6.7,6,4,7449,203.34
Nirman Nagar,"Plot No. 336, Nirman Nagar, Jaipur, Rajasthan",14.07,6.3,6,2,5190,185.33
Kalwar Road,"Plot No. 488, Kalwar Road, Jaipur, Rajasthan",5.11,6.4,7,3,7811,168.22
Jhotwara,"Plot No. 292, Jhotwara, Jaipur, Rajasthan",8.09,5.7,7,4,5219,171.99
Nirman Nagar,"Plot No. 281, Nirman Nagar, Jaipur, Rajasthan",9.17,5.8,7,4,8959,183.76
Sangeener,"Plot No. 215, Sangeener, Jaipur, Rajasthan",4.52,6.3,8,5,3023,139.69
Sangeener,"Plot No. 460, Sangeener, Jaipur, Rajasthan",6.79,6.6,7,4,12830,193.45
Jagatpura,"Plot No. 98, Jagatpura, Jaipur, Rajasthan",13.81,5.9,8,6,6093,216.0
Ajmer Road,"Plot No. 420, Ajmer Road, Jaipur, Rajasthan",11.14,3.6,8,3,5405,187.66
Civil Lines,"Plot No. 101, Civil Lines, Jaipur, Rajasthan",18.07,4.7,8,4,6565,235.03
Vidyadhar Nagar,"Plot No. 451, Vidyadhar Nagar, Jaipur, Rajasthan",8.46,5.1,8,6,5677,186.36
Jhotwara,"Plot No. 9, Jhotwara, Jaipur, Rajasthan",7.86,5.1,9,3,6150,193.46
Ajmer Road,"Plot No. 61, Ajmer Road, Jaipur, Rajasthan",10.97,6.7,7,2,6425,178.83
Vidyadhar Nagar,"Plot No. 309, Vidyadhar Nagar, Jaipur, Rajasthan",8.5,5.6,8,4,9068,195.27
Mansarovar,"Plot No. 146, Mansarovar, Jaipur, Rajasthan",14.39,5.0,8,3,7669,212.35
Sangeener,"Plot No. 427, Sangeener, Jaipur, Rajasthan",5.0,6.6,8,3,6318,162.54
Tonk Road,"Plot No. 419, Tonk Road, Jaipur, Rajasthan",15.55,6.4,7,4,7229,201.07
Jhotwara,"Plot No. 63, Jhotwara, Jaipur, Rajasthan",4.5,5.2,8,3,7573,177.19
C-Scheme,"Plot No. 121, C-Scheme, Jaipur, Rajasthan",27.34,5.0,7,5,1504,248.21
Civil Lines,"Plot No. 226, Civil Lines, Jaipur, Rajasthan",19.73,6.2,7,3,7291,233.53
Tonk Road,"Plot No. 105, Tonk Road, Jaipur, Rajasthan",9.16,6.6,7,2,8050,186.45
Tonk Road,"Plot No. 462, Tonk Road, Jaipur, Rajasthan",15.62,4.8,8,4,7659,226.51
Sangeener,"Plot No. 260, Sangeener, Jaipur, Rajasthan",7.34,6.4,8,3,4415,161.83
Vaishali Nagar,"Plot No. 349, Vaishali Nagar, Jaipur, Rajasthan",23.8,6.8,5,4,5723,207.81
Civil Lines,"Plot No. 425, Civil Lines, Jaipur, Rajasthan",19.89,6.3,7,6,5819,221.0
Jhotwara,"Plot No. 255, Jhotwara, Jaipur, Rajasthan",6.53,6.0,6,2,7707,162.91
Raja Park,"Plot No. 429, Raja Park, Jaipur, Rajasthan",18.38,4.4,7,6,9630,247.98
Raja Park,"Plot No. 434, Raja Park, Jaipur, Rajasthan",26.67,4.8,7,2,5710,256.99
C-Scheme,"Plot No. 207, C-Scheme, Jaipur, Rajasthan",26.83,4.0,6,3,10411,269.15
C-Scheme,"Plot No. 28, C-Scheme, Jaipur, Rajasthan",28.25,6.2,6,4,6304,253.74
Mansarovar,"Plot No. 170, Mansarovar, Jaipur, Rajasthan",15.33,5.5,7,5,8406,214.92
Kalwar Road,"Plot No. 336, Kalwar Road, Jaipur, Rajasthan",6.78,5.6,7,3,7269,172.01
Vaishali Nagar,"Plot No. 76, Vaishali Nagar, Jaipur, Rajasthan",19.0,5.2,6,2,8736,228.76
Jagatpura,"Plot No. 116, Jagatpura, Jaipur, Rajasthan",11.5,6.3,8,6,6685,205.87
C-Scheme,"Plot No. 69, C-Scheme, Jaipur, Rajasthan",26.99,5.2,9,6,5744,286.46
Nirman Nagar,"Plot No. 354, Nirman Nagar, Jaipur, Rajasthan",11.49,5.7,5,4,8320,171.96
Jhotwara,"Plot No. 234, Jhotwara, Jaipur, Rajasthan",7.59,5.4,9,5,7519,207.93
Ajmer Road,"Plot No. 1, Ajmer Road, Jaipur, Rajasthan",15.73,5.2,6,2,5807,197.96
Tonk Road,"Plot No. 167, Tonk Road, Jaipur, Rajasthan",13.03,5.5,6,3,7380,186.73
Vidyadhar Nagar,"Plot No. 352, Vidyadhar Nagar, Jaipur, Rajasthan",5.5,6.6,6,4,5950,142.18
Vidyadhar Nagar,"Plot No. 218, Vidyadhar Nagar, Jaipur, Rajasthan",6.29,6.9,5,2,7103,146.72
Pratap Nagar,"Plot No. 273, Pratap Nagar, Jaipur, Rajasthan",4.61,6.6,7,3,9327,166.67
C-Scheme,"Plot No. 368, C-Scheme, Jaipur, Rajasthan",18.61,5.0,7,3,6854,225.42
Kalwar Road,"Plot No. 251, Kalwar Road, Jaipur, Rajasthan",6.2,4.2,7,3,9070,173.64
Civil Lines,"Plot No. 347, Civil Lines, Jaipur, Rajasthan",23.69,5.2,8,3,9147,279.43
Kalwar Road,"Plot No. 344, Kalwar Road, Jaipur, Rajasthan",7.85,6.7,7,4,6668,170.42
Raja Park,"Plot No. 419, Raja Park, Jaipur, Rajasthan",24.51,5.6,7,5,8347,261.03
Mansarovar,"Plot No. 174, Mansarovar, Jaipur, Rajasthan",14.13,5.5,7,5,8276,217.57
Vidyadhar Nagar,"Plot No. 170, Vidyadhar Nagar, Jaipur, Rajasthan",5.69,5.6,8,3,13172,214.18
Sangeener,"Plot No. 246, Sangeener, Jaipur, Rajasthan",5.57,5.7,7,4,7717,172.25
Pratap Nagar,"Plot No. 423, Pratap Nagar, Jaipur, Rajasthan",5.63,6.1,7,2,12215,179.26
Nirman Nagar,"Plot No. 90, Nirman Nagar, Jaipur, Rajasthan",13.2,6.9,8,6,8969,217.73
Pratap Nagar,"Plot No. 49, Pratap Nagar, Jaipur, Rajasthan",6.7,6.3,6,3,8636,159.76
Sangeener,"Plot No. 446, Sangeener, Jaipur, Rajasthan",7.45,6.7,7,3,9626,177.11
Ajmer Road,"Plot No. 294, Ajmer Road, Jaipur, Rajasthan",9.69,4.7,8,6,3079,184.04
Kalwar Road,"Plot No. 407, Kalwar Road, Jaipur, Rajasthan",6.8,5.0,9,5,8244,207.16
Jhotwara,"Plot No. 150, Jhotwara, Jaipur, Rajasthan",6.04,6.7,8,6,7524,176.87
Civil Lines,"Plot No. 132, Civil Lines, Jaipur, Rajasthan",22.38,4.2,6,2,6881,225.22
Kalwar Road,"Plot No. 433, Kalwar Road, Jaipur, Rajasthan",5.59,3.1,8,5,5938,163.14
Jhotwara,"Plot No. 59, Jhotwara, Jaipur, Rajasthan",6.3,4.1,8,5,3721,162.46
Kalwar Road,"Plot No. 457, Kalwar Road, Jaipur, Rajasthan",7.4,6.8,7,6,11250,181.37
Civil Lines,"Plot No. 324, Civil Lines, Jaipur, Rajasthan",27.7,6.1,7,6,10812,289.06
Vidyadhar Nagar,"Plot No. 199, Vidyadhar Nagar, Jaipur, Rajasthan",8.75,6.8,9,4,9002,211.98
Nirman Nagar,"Plot No. 215, Nirman Nagar, Jaipur, Rajasthan",13.55,4.5,7,6,5546,203.0
Mansarovar,"Plot No. 386, Mansarovar, Jaipur, Rajasthan",12.97,4.7,6,4,6133,176.67
Kalwar Road,"Plot No. 49, Kalwar Road, Jaipur, Rajasthan",4.87,6.0,7,3,3790,139.75
Ajmer Road,"Plot No. 472, Ajmer Road, Jaipur, Rajasthan",10.39,5.6,7,6,9413,204.73
Mansarovar,"Plot No. 232, Mansarovar, Jaipur, Rajasthan",10.85,5.5,8,4,8357,206.1
Sangeener,"Plot No. 247, Sangeener, Jaipur, Rajasthan",8.07,6.4,7,2,5896,158.81
Vidyadhar Nagar,"Plot No. 382, Vidyadhar Nagar, Jaipur, Rajasthan",7.55,5.6,7,4,6355,160.83
Raja Park,"Plot No. 479, Raja Park, Jaipur, Rajasthan",29.32,7.1,5,3,7947,261.09
Kalwar Road,"Plot No. 239, Kalwar Road, Jaipur, Rajasthan",8.03,7.5,7,4,6661,174.47
Malviya Nagar,"Plot No. 415, Malviya Nagar, Jaipur, Rajasthan",21.23,6.1,7,4,9475,256.65
Jhotwara,"Plot No. 367, Jhotwara, Jaipur, Rajasthan",8.23,5.1,6,3,8993,166.2
Malviya Nagar,"Plot No. 168, Malviya Nagar, Jaipur, Rajasthan",16.66,6.1,7,5,9103,230.54
Pratap Nagar,"Plot No. 48, Pratap Nagar, Jaipur, Rajasthan",6.93,6.7,7,2,9445,182.54
Kalwar Road,"Plot No. 51, Kalwar Road, Jaipur, Rajasthan",7.92,7.5,7,3,9129,176.06
Sangeener,"Plot No. 299, Sangeener, Jaipur, Rajasthan",4.87,7.6,9,3,2302,165.96
Civil Lines,"Plot No. 98, Civil Lines, Jaipur, Rajasthan",27.93,6.4,7,5,6525,267.5
Ajmer Road,"Plot No. 439, Ajmer Road, Jaipur, Rajasthan",9.51,5.9,6,4,9548,189.68
Malviya Nagar,"Plot No. 216, Malviya Nagar, Jaipur, Rajasthan",23.45,7.1,7,4,4716,241.67
Nirman Nagar,"Plot No. 177, Nirman Nagar, Jaipur, Rajasthan",15.57,5.8,7,5,4407,193.73
Ajmer Road,"Plot No. 380, Ajmer Road, Jaipur, Rajasthan",14.0,6.0,5,3,3127,159.55
Jhotwara,"Plot No. 474, Jhotwara, Jaipur, Rajasthan",4.83,7.1,8,6,8934,176.83
Jhotwara,"Plot No. 80, Jhotwara, Jaipur, Rajasthan",8.4,6.5,8,6,9623,203.87
Mansarovar,"Plot No. 185, Mansarovar, Jaipur, Rajasthan",15.43,5.2,8,5,10381,240.93
Raja Park,"Plot No. 367, Raja Park, Jaipur, Rajasthan",22.42,5.2,8,3,6678,259.9
Jagatpura,"Plot No. 461, Jagatpura, Jaipur, Rajasthan",13.79,7.5,7,4,7348,190.92
Vidyadhar Nagar,"Plot No. 399, Vidyadhar Nagar, Jaipur, Rajasthan",5.74,5.6,7,5,4291,153.36
Raja Park,"Plot No. 27, Raja Park, Jaipur, Rajasthan",17.26,5.2,7,4,7594,218.4
Vidyadhar Nagar,"Plot No. 452, Vidyadhar Nagar, Jaipur, Rajasthan",4.78,4.6,6,4,6181,138.43
Vidyadhar Nagar,"Plot No. 464, Vidyadhar Nagar, Jaipur, Rajasthan",7.17,2.9,8,3,6140,187.79
Vaishali Nagar,"Plot No. 448, Vaishali Nagar, Jaipur, Rajasthan",24.38,5.1,9,3,5451,261.41
Kalwar Road,"Plot No. 478, Kalwar Road, Jaipur, Rajasthan",5.58,5.5,6,4,8670,153.45
Pratap Nagar,"Plot No. 492, Pratap Nagar, Jaipur, Rajasthan",5.22,5.9,6,4,6413,139.35
Jhotwara,"Plot No. 414, Jhotwara, Jaipur, Rajasthan",7.74,4.2,8,4,8702,193.76
Vaishali Nagar,"Plot No. 420, Vaishali Nagar, Jaipur, Rajasthan",17.58,5.4,7,2,5235,207.91
Raja Park,"Plot No. 195, Raja Park, Jaipur, Rajasthan",23.47,6.6,7,5,5133,241.83
Kalwar Road,"Plot No. 214, Kalwar Road, Jaipur, Rajasthan",5.35,5.9,9,3,2470,166.17
Tonk Road,"Plot No. 369, Tonk Road, Jaipur, Rajasthan",12.41,4.2,6,2,6218,177.87
Ajmer Road,"Plot No. 342, Ajmer Road, Jaipur, Rajasthan",12.54,5.8,6,2,8282,188.64
Malviya Nagar,"Plot No. 114, Malviya Nagar, Jaipur, Rajasthan",27.31,5.6,9,5,7543,287.56
Jhotwara,"Plot No. 242, Jhotwara, Jaipur, Rajasthan",6.77,5.4,8,3,5564,176.63
Mansarovar,"Plot No. 124, Mansarovar, Jaipur, Rajasthan",13.18,5.6,7,6,8226,202.92
Nirman Nagar,"Plot No. 305, Nirman Nagar, Jaipur, Rajasthan",12.38,4.4,7,5,10289,205.93
Jagatpura,"Plot No. 76, Jagatpura, Jaipur, Rajasthan",12.37,6.2,8,6,9490,211.07
Raja Park,"Plot No. 311, Raja Park, Jaipur, Rajasthan",19.42,7.7,7,4,5743,215.83
Pratap Nagar,"Plot No. 469, Pratap Nagar, Jaipur, Rajasthan",7.8,4.0,9,3,8252,210.65
Mansarovar,"Plot No. 312, Mansarovar, Jaipur, Rajasthan",11.21,5.7,8,6,8469,199.11
Mansarovar,"Plot No. 196, Mansarovar, Jaipur, Rajasthan",11.89,5.3,7,3,4705,176.8
Vidyadhar Nagar,"Plot No. 351, Vidyadhar Nagar, Jaipur, Rajasthan",4.72,3.4,6,4,10909,162.35
Nirman Nagar,"Plot No. 44, Nirman Nagar, Jaipur, Rajasthan",14.96,5.4,7,4,9645,230.06
Tonk Road,"Plot No. 415, Tonk Road, Jaipur, Rajasthan",10.1,6.9,8,4,7356,200.02
Vaishali Nagar,"Plot No. 186, Vaishali Nagar, Jaipur, Rajasthan",24.88,6.0,7,6,4174,234.96
Pratap Nagar,"Plot No. 343, Pratap Nagar, Jaipur, Rajasthan",8.67,6.4,7,5,6974,170.04
Vaishali Nagar,"Plot No. 246, Vaishali Nagar, Jaipur, Rajasthan",17.94,6.5,6,4,8363,222.34
Vidyadhar Nagar,"Plot No. 437, Vidyadhar Nagar, Jaipur, Rajasthan",8.73,6.3,8,6,6941,181.96
Pratap Nagar,"Plot No. 84, Pratap Nagar, Jaipur, Rajasthan",5.63,6.6,7,5,9831,185.22
Vidyadhar Nagar,"Plot No. 207, Vidyadhar Nagar, Jaipur, Rajasthan",8.18,6.9,7,3,9174,179.43
Pratap Nagar,"Plot No. 151, Pratap Nagar, Jaipur, Rajasthan",7.17,4.7,7,4,9950,177.8
Vidyadhar Nagar,"Plot No. 156, Vidyadhar Nagar, Jaipur, Rajasthan",8.82,7.2,6,4,9737,181.04
Mansarovar,"Plot No. 16, Mansarovar, Jaipur, Rajasthan",9.76,5.9,6,3,6877,171.58
Vidyadhar Nagar,"Plot No. 165, Vidyadhar Nagar, Jaipur, Rajasthan",8.78,3.7,9,4,6676,212.97
Sangeener,"Plot No. 405, Sangeener, Jaipur, Rajasthan",8.69,3.9,7,4,10587,203.84
Vidyadhar Nagar,"Plot No. 463, Vidyadhar Nagar, Jaipur, Rajasthan",4.53,5.2,6,2,7647,147.76
Civil Lines,"Plot No. 145, Civil Lines, Jaipur, Rajasthan",20.31,6.2,6,2,10969,243.57
Nirman Nagar,"Plot No. 498, Nirman Nagar, Jaipur, Rajasthan",11.28,5.5,8,5,11081,228.66
Nirman Nagar,"Plot No. 37, Nirman Nagar, Jaipur, Rajasthan",12.79,6.4,7,3,9848,210.31
Kalwar Road,"Plot No. 333, Kalwar Road, Jaipur, Rajasthan",8.81,6.1,6,4,6429,157.74
Jagatpura,"Plot No. 403, Jagatpura, Jaipur, Rajasthan",9.14,7.0,10,5,6614,205.64
Pratap Nagar,"Plot No. 414, Pratap Nagar, Jaipur, Rajasthan",6.99,4.1,8,3,5634,172.48
C-Scheme,"Plot No. 45, C-Scheme, Jaipur, Rajasthan",29.18,4.3,9,6,8828,317.72
Civil Lines,"Plot No. 402, Civil Lines, Jaipur, Rajasthan",25.96,4.6,7,4,7342,261.03
Raja Park,"Plot No. 206, Raja Park, Jaipur, Rajasthan",20.14,6.5,5,4,8735,211.33
C-Scheme,"Plot No. 62, C-Scheme, Jaipur, Rajasthan",24.13,6.9,7,3,6937,255.28
Raja Park,"Plot No. 420, Raja Park, Jaipur, Rajasthan",29.22,4.6,7,3,7387,269.93
Mansarovar,"Plot No. 356, Mansarovar, Jaipur, Rajasthan",15.15,6.0,7,4,9244,220.82
Vidyadhar Nagar,"Plot No. 468, Vidyadhar Nagar, Jaipur, Rajasthan",6.72,4.9,7,6,5202,167.39
Jagatpura,"Plot No. 308, Jagatpura, Jaipur, Rajasthan",12.79,4.2,6,2,8694,193.76
Jagatpura,"Plot No. 19, Jagatpura, Jaipur, Rajasthan",15.19,7.5,6,3,3065,169.37
Raja Park,"Plot No. 365, Raja Park, Jaipur, Rajasthan",27.55,7.0,7,4,4913,255.14
Vaishali Nagar,"Plot No. 300, Vaishali Nagar, Jaipur, Rajasthan",19.87,5.5,7,3,10986,255.41
Ajmer Road,"Plot No. 7, Ajmer Road, Jaipur, Rajasthan",12.08,4.6,9,3,6656,217.7
Kalwar Road,"Plot No. 249, Kalwar Road, Jaipur, Rajasthan",7.4,5.0,5,4,6953,137.94
Ajmer Road,"Plot No. 428, Ajmer Road, Jaipur, Rajasthan",12.64,5.4,6,2,5278,167.53
Jhotwara,"Plot No. 117, Jhotwara, Jaipur, Rajasthan",7.59,3.6,8,5,6704,189.98
Ajmer Road,"Plot No. 68, Ajmer Road, Jaipur, Rajasthan",14.96,4.7,7,3,8081,212.16
Jhotwara,"Plot No. 34, Jhotwara, Jaipur, Rajasthan",4.91,6.2,7,4,5791,157.92
Ajmer Road,"Plot No. 194, Ajmer Road, Jaipur, Rajasthan",9.0,5.9,7,2,9599,194.33
Civil Lines,"Plot No. 325, Civil Lines, Jaipur, Rajasthan",27.71,7.1,8,3,6646,278.22
Kalwar Road,"Plot No. 55, Kalwar Road, Jaipur, Rajasthan",6.23,5.5,6,2,7369,163.53
Sangeener,"Plot No. 266, Sangeener, Jaipur, Rajasthan",8.7,7.1,8,6,6451,174.79
Kalwar Road,"Plot No. 480, Kalwar Road, Jaipur, Rajasthan",6.43,4.8,6,3,6152,144.52
Malviya Nagar,"Plot No. 42, Malviya Nagar, Jaipur, Rajasthan",29.07,6.1,5,3,7412,254.93
Ajmer Road,"Plot No. 297, Ajmer Road, Jaipur, Rajasthan",12.05,3.7,8,3,6177,195.49
Mansarovar,"Plot No. 461, Mansarovar, Jaipur, Rajasthan",13.34,4.8,7,3,8038,208.92
C-Scheme,"Plot No. 231, C-Scheme, Jaipur, Rajasthan",27.13,6.7,7,5,6288,270.3
Jhotwara,"Plot No. 453, Jhotwara, Jaipur, Rajasthan",6.54,6.9,8,5,8312,191.18
Pratap Nagar,"Plot No. 378, Pratap Nagar, Jaipur, Rajasthan",6.24,5.1,8,3,7301,181.63
Raja Park,"Plot No. 394, Raja Park, Jaipur, Rajasthan",26.27,6.8,6,2,8362,262.59
Vaishali Nagar,"Plot No. 10, Vaishali Nagar, Jaipur, Rajasthan",24.75,6.3,6,2,823,202.79
Nirman Nagar,"Plot No. 358, Nirman Nagar, Jaipur, Rajasthan",12.97,6.3,6,2,6942,183.61
Kalwar Road,"Plot No. 475, Kalwar Road, Jaipur, Rajasthan",8.22,5.8,7,3,8942,183.04
Tonk Road,"Plot No. 444, Tonk Road, Jaipur, Rajasthan",10.23,4.9,8,4,7208,195.52
Raja Park,"Plot No. 128, Raja Park, Jaipur, Rajasthan",21.3,8.1,7,4,12008,249.13
Mansarovar,"Plot No. 179, Mansarovar, Jaipur, Rajasthan",14.58,5.5,7,6,10817,232.64
Mansarovar,"Plot No. 405, Mansarovar, Jaipur, Rajasthan",12.81,7.2,5,3,6016,171.32
Vidyadhar Nagar,"Plot No. 392, Vidyadhar Nagar, Jaipur, Rajasthan",5.38,7.2,6,3,8858,159.37
Jagatpura,"Plot No. 193, Jagatpura, Jaipur, Rajasthan",9.87,5.7,7,2,7591,178.36
Nirman Nagar,"Plot No. 92, Nirman Nagar, Jaipur, Rajasthan",12.34,6.3,6,2,8337,186.03
Raja Park,"Plot No. 369, Raja Park, Jaipur, Rajasthan",22.32,6.2,7,4,5228,241.46
C-Scheme,"Plot No. 231, C-Scheme, Jaipur, Rajasthan",28.75,4.3,6,4,7582,268.8
Jagatpura,"Plot No. 78, Jagatpura, Jaipur, Rajasthan",15.69,6.0,8,6,5298,215.87
Tonk Road,"Plot No. 85, Tonk Road, Jaipur, Rajasthan",12.0,7.3,5,3,6506,172.44
Sangeener,"Plot No. 30, Sangeener, Jaipur, Rajasthan",6.29,6.5,7,3,7779,169.53
Tonk Road,"Plot No. 213, Tonk Road, Jaipur, Rajasthan",11.55,5.7,8,4,6995,204.82
Kalwar Road,"Plot No. 49, Kalwar Road, Jaipur, Rajasthan",6.4,5.3,7,6,10230,179.83
Nirman Nagar,"Plot No. 265, Nirman Nagar, Jaipur, Rajasthan",10.08,6.6,5,2,8288,162.35
C-Scheme,"Plot No. 145, C-Scheme, Jaipur, Rajasthan",18.64,4.8,8,5,4608,230.02
Mansarovar,"Plot No. 69, Mansarovar, Jaipur, Rajasthan",14.0,5.6,7,2,9356,210.99
Raja Park,"Plot No. 58, Raja Park, Jaipur, Rajasthan",29.03,5.8,8,4,8595,295.8
Jhotwara,"Plot No. 185, Jhotwara, Jaipur, Rajasthan",6.37,5.9,6,3,9653,162.57
Pratap Nagar,"Plot No. 62, Pratap Nagar, Jaipur, Rajasthan",5.52,7.4,5,4,8575,136.59
Mansarovar,"Plot No. 479, Mansarovar, Jaipur, Rajasthan",10.28,5.2,7,3,7927,189.27
Pratap Nagar,"Plot No. 308, Pratap Nagar, Jaipur, Rajasthan",8.88,3.5,7,3,6455,173.0
Sangeener,"Plot No. 445, Sangeener, Jaipur, Rajasthan",7.81,6.7,7,3,5664,172.73
Pratap Nagar,"Plot No. 296, Pratap Nagar, Jaipur, Rajasthan",6.3,4.9,7,6,6108,158.5
Malviya Nagar,"Plot No. 166, Malviya Nagar, Jaipur, Rajasthan",19.34,5.9,6,4,5170,208.78
C-Scheme,"Plot No. 171, C-Scheme, Jaipur, Rajasthan",16.59,6.1,5,2,7046,185.98
Nirman Nagar,"Plot No. 63, Nirman Nagar, Jaipur, Rajasthan",9.31,6.2,7,4,3896,159.03
Jagatpura,"Plot No. 147, Jagatpura, Jaipur, Rajasthan",14.17,6.8,6,2,6475,184.2
Vidyadhar Nagar,"Plot No. 484, Vidyadhar Nagar, Jaipur, Rajasthan",7.78,6.5,7,2,6962,179.72
Tonk Road,"Plot No. 306, Tonk Road, Jaipur, Rajasthan",12.22,5.2,9,3,8330,223.34
Jhotwara,"Plot No. 161, Jhotwara, Jaipur, Rajasthan",4.7,5.1,9,6,8490,196.79
Nirman Nagar,"Plot No. 141, Nirman Nagar, Jaipur, Rajasthan",9.97,7.4,6,4,5966,157.53
Kalwar Road,"Plot No. 334, Kalwar Road, Jaipur, Rajasthan",7.97,6.2,7,4,9364,175.74
Vaishali Nagar,"Plot No. 97, Vaishali Nagar, Jaipur, Rajasthan",21.99,6.3,6,2,7340,235.44
Pratap Nagar,"Plot No. 446, Pratap Nagar, Jaipur, Rajasthan",7.48,6.1,7,3,4287,158.03
Vaishali Nagar,"Plot No. 221, Vaishali Nagar, Jaipur, Rajasthan",29.45,6.2,7,2,10544,293.85
Jagatpura,"Plot No. 43, Jagatpura, Jaipur, Rajasthan",15.76,5.0,6,2,5206,186.62
Mansarovar,"Plot No. 433, Mansarovar, Jaipur, Rajasthan",10.78,4.8,7,2,6440,177.19
Pratap Nagar,"Plot No. 292, Pratap Nagar, Jaipur, Rajasthan",5.16,7.7,7,6,7952,161.64
Kalwar Road,"Plot No. 378, Kalwar Road, Jaipur, Rajasthan",6.21,4.2,6,3,6058,158.14
C-Scheme,"Plot No. 108, C-Scheme, Jaipur, Rajasthan",29.15,6.5,7,4,7815,270.65
Jhotwara,"Plot No. 266, Jhotwara, Jaipur, Rajasthan",5.81,6.8,7,5,8993,180.24
Jagatpura,"Plot No. 95, Jagatpura, Jaipur, Rajasthan",12.6,6.9,6,2,9355,189.4
Jagatpura,"Plot No. 262, Jagatpura, Jaipur, Rajasthan",10.97,5.2,7,3,7938,194.19
Pratap Nagar,"Plot No. 313, Pratap Nagar, Jaipur, Rajasthan",6.31,5.5,6,3,7153,146.13
Civil Lines,"Plot No. 385, Civil Lines, Jaipur, Rajasthan",19.53,3.9,8,5,8555,250.17
Sangeener,"Plot No. 71, Sangeener, Jaipur, Rajasthan",6.77,5.9,7,2,6358,156.95
Ajmer Road,"Plot No. 442, Ajmer Road, Jaipur, Rajasthan",11.55,5.1,7,4,9423,194.86
C-Scheme,"Plot No. 219, C-Scheme, Jaipur, Rajasthan",22.65,5.7,7,3,9047,263.74
Vidyadhar Nagar,"Plot No. 21, Vidyadhar Nagar, Jaipur, Rajasthan",5.68,6.9,7,3,8693,173.98
Jagatpura,"Plot No. 92, Jagatpura, Jaipur, Rajasthan",10.05,6.2,7,5,6773,186.19
Vaishali Nagar,"Plot No. 127, Vaishali Nagar, Jaipur, Rajasthan",29.14,5.4,8,5,8841,288.79
Vaishali Nagar,"Plot No. 80, Vaishali Nagar, Jaipur, Rajasthan",23.47,7.4,7,4,6226,250.27
Sangeener,"Plot No. 312, Sangeener, Jaipur, Rajasthan",7.33,5.8,8,3,6863,181.19
Mansarovar,"Plot No. 238, Mansarovar, Jaipur, Rajasthan",10.55,4.3,5,2,8505,178.76
Jagatpura,"Plot No. 471, Jagatpura, Jaipur, Rajasthan",12.52,5.6,7,4,3160,166.75
Mansarovar,"Plot No. 372, Mansarovar, Jaipur, Rajasthan",12.59,4.3,8,5,7895,210.42
Pratap Nagar,"Plot No. 404, Pratap Nagar, Jaipur, Rajasthan",6.67,7.2,8,5,4161,172.94
Civil Lines,"Plot No. 486, Civil Lines, Jaipur, Rajasthan",23.11,7.0,6,3,7803,235.0
Sangeener,"Plot No. 182, Sangeener, Jaipur, Rajasthan",6.92,6.3,8,4,5231,178.69
Jhotwara,"Plot No. 25, Jhotwara, Jaipur, Rajasthan",7.16,5.6,6,2,7778,158.42
Sangeener,"Plot No. 156, Sangeener, Jaipur, Rajasthan",7.63,4.9,8,6,8875,195.16
C-Scheme,"Plot No. 5, C-Scheme, Jaipur, Rajasthan",18.59,6.2,7,6,10595,248.99
Sangeener,"Plot No. 120, Sangeener, Jaipur, Rajasthan",7.58,4.7,8,5,8994,197.42
Vidyadhar Nagar,"Plot No. 277, Vidyadhar Nagar, Jaipur, Rajasthan",6.82,6.4,6,3,9917,174.22
Nirman Nagar,"Plot No. 18, Nirman Nagar, Jaipur, Rajasthan",14.31,5.5,9,4,9848,237.25
Kalwar Road,"Plot No. 431, Kalwar Road, Jaipur, Rajasthan",8.18,5.6,7,4,13037,198.17
Raja Park,"Plot No. 198, Raja Park, Jaipur, Rajasthan",25.19,5.4,6,4,3446,221.65
Vidyadhar Nagar,"Plot No. 57, Vidyadhar Nagar, Jaipur, Rajasthan",7.2,5.5,9,3,8158,199.96
Mansarovar,"Plot No. 93, Mansarovar, Jaipur, Rajasthan",13.61,6.7,7,3,8531,212.95
Vidyadhar Nagar,"Plot No. 19, Vidyadhar Nagar, Jaipur, Rajasthan",4.95,4.9,7,3,8252,163.75
Malviya Nagar,"Plot No. 384, Malviya Nagar, Jaipur, Rajasthan",23.8,5.9,6,4,7312,240.25
Jagatpura,"Plot No. 353, Jagatpura, Jaipur, Rajasthan",13.65,6.5,6,2,6782,192.78
Pratap Nagar,"Plot No. 193, Pratap Nagar, Jaipur, Rajasthan",7.12,8.2,8,3,6199,168.65
Ajmer Road,"Plot No. 237, Ajmer Road, Jaipur, Rajasthan",13.71,6.1,7,4,7597,211.3
Sangeener,"Plot No. 387, Sangeener, Jaipur, Rajasthan",5.84,4.6,8,4,8804,195.21
Ajmer Road,"Plot No. 426, Ajmer Road, Jaipur, Rajasthan",11.29,6.1,8,3,10291,208.28
Ajmer Road,"Plot No. 277, Ajmer Road, Jaipur, Rajasthan",15.52,5.9,7,4,6473,198.19
Civil Lines,"Plot No. 227, Civil Lines, Jaipur, Rajasthan",23.49,6.3,6,2,8367,233.96
Ajmer Road,"Plot No. 233, Ajmer Road, Jaipur, Rajasthan",11.41,6.3,6,4,8987,192.79
Raja Park,"Plot No. 40, Raja Park, Jaipur, Rajasthan",17.85,5.6,8,6,5134,217.74
Vidyadhar Nagar,"Plot No. 323, Vidyadhar Nagar, Jaipur, Rajasthan",4.71,7.0,7,3,10570,178.47
Pratap Nagar,"Plot No. 153, Pratap Nagar, Jaipur, Rajasthan",7.99,6.8,6,4,5632,152.14
Vaishali Nagar,"Plot No. 127, Vaishali Nagar, Jaipur, Rajasthan",16.42,4.8,5,3,5378,190.23
Mansarovar,"Plot No. 237, Mansarovar, Jaipur, Rajasthan",14.37,7.8,7,2,7792,211.41
Raja Park,"Plot No. 486, Raja Park, Jaipur, Rajasthan",24.71,6.0,6,3,10104,266.32
C-Scheme,"Plot No. 493, C-Scheme, Jaipur, Rajasthan",24.42,5.9,8,4,5477,251.77
Jagatpura,"Plot No. 55, Jagatpura, Jaipur, Rajasthan",9.97,5.6,8,5,9053,200.31
C-Scheme,"Plot No. 468, C-Scheme, Jaipur, Rajasthan",24.26,6.7,9,6,3324,246.65
Jhotwara,"Plot No. 436, Jhotwara, Jaipur, Rajasthan",6.46,6.2,7,5,10074,179.29
Malviya Nagar,"Plot No. 172, Malviya Nagar, Jaipur, Rajasthan",16.12,6.5,7,2,4570,198.66
Raja Park,"Plot No. 109, Raja Park, Jaipur, Rajasthan",16.67,5.6,7,6,9381,236.81
Vaishali Nagar,"Plot No. 354, Vaishali Nagar, Jaipur, Rajasthan",18.68,5.6,8,3,5489,236.32
C-Scheme,"Plot No. 469, C-Scheme, Jaipur, Rajasthan",18.34,4.4,8,3,12005,255.79
Ajmer Road,"Plot No. 184, Ajmer Road, Jaipur, Rajasthan",11.52,5.0,7,6,3096,178.25
Malviya Nagar,"Plot No. 439, Malviya Nagar, Jaipur, Rajasthan",25.41,6.8,6,3,6828,236.47
Ajmer Road,"Plot No. 368, Ajmer Road, Jaipur, Rajasthan",14.19,6.0,8,4,9691,220.12
Jhotwara,"Plot No. 471, Jhotwara, Jaipur, Rajasthan",7.73,5.2,6,4,8285,174.47
Tonk Road,"Plot No. 198, Tonk Road, Jaipur, Rajasthan",10.61,4.9,6,3,7105,185.62
Mansarovar,"Plot No. 371, Mansarovar, Jaipur, Rajasthan",15.42,4.9,8,5,7025,214.55
Vidyadhar Nagar,"Plot No. 373, Vidyadhar Nagar, Jaipur, Rajasthan",6.48,4.8,7,3,8220,180.28
Tonk Road,"Plot No. 461, Tonk Road, Jaipur, Rajasthan",9.13,7.6,8,5,8004,200.63
Pratap Nagar,"Plot No. 497, Pratap Nagar, Jaipur, Rajasthan",6.97,6.9,6,3,7141,148.19
Tonk Road,"Plot No. 87, Tonk Road, Jaipur, Rajasthan",12.42,6.6,7,5,10518,206.97
Tonk Road,"Plot No. 201, Tonk Road, Jaipur, Rajasthan",12.18,5.7,8,5,5623,203.7
Raja Park,"Plot No. 337, Raja Park, Jaipur, Rajasthan",22.73,6.6,7,4,8555,257.13
Mansarovar,"Plot No. 322, Mansarovar, Jaipur, Rajasthan",9.62,5.8,7,2,7381,180.46
Kalwar Road,"Plot No. 275, Kalwar Road, Jaipur, Rajasthan",6.14,6.4,8,3,7857,173.36
Raja Park,"Plot No. 211, Raja Park, Jaipur, Rajasthan",23.53,6.2,6,4,6045,233.84
Jagatpura,"Plot No. 391, Jagatpura, Jaipur, Rajasthan",10.61,6.5,7,4,9410,201.27
Raja Park,"Plot No. 118, Raja Park, Jaipur, Rajasthan",23.08,5.4,8,3,6032,253.92
Pratap Nagar,"Plot No. 191, Pratap Nagar, Jaipur, Rajasthan",6.99,5.0,5,4,8017,144.04
Nirman Nagar,"Plot No. 42, Nirman Nagar, Jaipur, Rajasthan",10.01,5.2,9,4,7110,215.69
Jhotwara,"Plot No. 42, Jhotwara, Jaipur, Rajasthan",4.8,6.5,6,3,6578,146.09
Mansarovar,"Plot No. 315, Mansarovar, Jaipur, Rajasthan",15.74,5.2,8,6,7318,232.73
Mansarovar,"Plot No. 276, Mansarovar, Jaipur, Rajasthan",10.63,6.6,7,4,8181,199.69
Ajmer Road,"Plot No. 329, Ajmer Road, Jaipur, Rajasthan",11.45,6.7,7,2,5843,189.24
Raja Park,"Plot No. 17, Raja Park, Jaipur, Rajasthan",18.27,6.3,7,3,8518,239.01
Ajmer Road,"Plot No. 283, Ajmer Road, Jaipur, Rajasthan",10.84,5.5,7,5,7582,199.78
Sangeener,"Plot No. 431, Sangeener, Jaipur, Rajasthan",4.74,5.4,6,2,4783,137.95
Vidyadhar Nagar,"Plot No. 258, Vidyadhar Nagar, Jaipur, Rajasthan",6.92,7.6,7,3,11090,190.83
Pratap Nagar,"Plot No. 63, Pratap Nagar, Jaipur, Rajasthan",7.66,4.4,6,4,6291,162.61
Malviya Nagar,"Plot No. 62, Malviya Nagar, Jaipur, Rajasthan",23.77,6.4,5,4,5987,221.85
Tonk Road,"Plot No. 100, Tonk Road, Jaipur, Rajasthan",9.32,6.0,6,2,9850,172.37
Mansarovar,"Plot No. 19, Mansarovar, Jaipur, Rajasthan",15.08,7.3,7,4,10611,220.61
Vidyadhar Nagar,"Plot No. 17, Vidyadhar Nagar, Jaipur, Rajasthan",8.07,4.6,8,4,4159,165.63
Jagatpura,"Plot No. 325, Jagatpura, Jaipur, Rajasthan",12.62,5.8,7,3,9115,202.46
Kalwar Road,"Plot No. 423, Kalwar Road, Jaipur, Rajasthan",5.98,7.7,6,4,6820,139.63
Vaishali Nagar,"Plot No. 466, Vaishali Nagar, Jaipur, Rajasthan",22.32,5.7,8,6,5305,254.51
Civil Lines,"Plot No. 373, Civil Lines, Jaipur, Rajasthan",19.46,6.8,7,4,5897,220.72
Ajmer Road,"Plot No. 246, Ajmer Road, Jaipur, Rajasthan",14.92,6.4,7,2,6761,198.61
Malviya Nagar,"Plot No. 251, Malviya Nagar, Jaipur, Rajasthan",24.88,7.7,6,3,10208,257.61
Pratap Nagar,"Plot No. 455, Pratap Nagar, Jaipur, Rajasthan",4.68,4.1,6,3,9140,152.94
Raja Park,"Plot No. 81, Raja Park, Jaipur, Rajasthan",21.5,6.6,8,6,2503,232.9
Malviya Nagar,"Plot No. 39, Malviya Nagar, Jaipur, Rajasthan",20.08,4.1,6,2,6851,217.61
Jhotwara,"Plot No. 36, Jhotwara, Jaipur, Rajasthan",7.85,5.5,8,6,9108,192.27
Raja Park,"Plot No. 424, Raja Park, Jaipur, Rajasthan",22.32,6.2,7,3,5759,243.03
Vidyadhar Nagar,"Plot No. 429, Vidyadhar Nagar, Jaipur, Rajasthan",6.32,5.6,6,4,6551,152.88
Vaishali Nagar,"Plot No. 388, Vaishali Nagar, Jaipur, Rajasthan",23.29,7.0,8,6,7818,269.13
Pratap Nagar,"Plot No. 486, Pratap Nagar, Jaipur, Rajasthan",8.7,8.4,10,5,8453,214.68
Nirman Nagar,"Plot No. 409, Nirman Nagar, Jaipur, Rajasthan",13.86,6.1,8,6,8149,216.0
Civil Lines,"Plot No. 197, Civil Lines, Jaipur, Rajasthan",17.68,3.8,8,4,7067,235.62
Civil Lines,"Plot No. 158, Civil Lines, Jaipur, Rajasthan",17.38,7.2,7,2,3117,188.44
Sangeener,"Plot No. 204, Sangeener, Jaipur, Rajasthan",8.34,6.9,7,6,7128,167.41
Kalwar Road,"Plot No. 196, Kalwar Road, Jaipur, Rajasthan",8.68,5.7,8,3,9291,194.96
Ajmer Road,"Plot No. 216, Ajmer Road, Jaipur, Rajasthan",11.41,4.8,7,3,5067,188.24
Mansarovar,"Plot No. 285, Mansarovar, Jaipur, Rajasthan",14.26,6.1,8,5,10395,236.95
Tonk Road,"Plot No. 457, Tonk Road, Jaipur, Rajasthan",13.02,7.8,8,3,9718,214.25
Vidyadhar Nagar,"Plot No. 196, Vidyadhar Nagar, Jaipur, Rajasthan",6.18,6.6,6,4,5899,141.79
Nirman Nagar,"Plot No. 307, Nirman Nagar, Jaipur, Rajasthan",14.78,7.1,6,3,6920,200.78
Jagatpura,"Plot No. 152, Jagatpura, Jaipur, Rajasthan",15.09,5.8,7,2,7282,200.86
Vidyadhar Nagar,"Plot No. 14, Vidyadhar Nagar, Jaipur, Rajasthan",7.99,4.3,9,5,11944,225.57
Jhotwara,"Plot No. 325, Jhotwara, Jaipur, Rajasthan",5.47,5.0,9,4,8657,195.48
Raja Park,"Plot No. 146, Raja Park, Jaipur, Rajasthan",27.77,6.0,6,4,10105,276.34
Jagatpura,"Plot No. 426, Jagatpura, Jaipur, Rajasthan",15.09,5.9,7,4,7649,206.06
Kalwar Road,"Plot No. 57, Kalwar Road, Jaipur, Rajasthan",8.23,6.7,7,6,8948,191.89
Mansarovar,"Plot No. 211, Mansarovar, Jaipur, Rajasthan",9.66,4.5,5,3,8509,165.37
C-Scheme,"Plot No. 268, C-Scheme, Jaipur, Rajasthan",22.27,5.1,8,3,8761,259.77
Nirman Nagar,"Plot No. 210, Nirman Nagar, Jaipur, Rajasthan",13.67,6.2,6,4,7195,186.03
Malviya Nagar,"Plot No. 17, Malviya Nagar, Jaipur, Rajasthan",19.76,5.1,7,6,9203,239.19
Pratap Nagar,"Plot No. 286, Pratap Nagar, Jaipur, Rajasthan",5.94,6.6,6,3,8243,150.81
Raja Park,"Plot No. 344, Raja Park, Jaipur, Rajasthan",27.66,4.8,6,3,7516,268.71
Pratap Nagar,"Plot No. 203, Pratap Nagar, Jaipur, Rajasthan",7.66,5.4,6,2,9627,167.3
Jhotwara,"Plot No. 99, Jhotwara, Jaipur, Rajasthan",5.13,7.3,7,4,5497,157.82
Raja Park,"Plot No. 279, Raja Park, Jaipur, Rajasthan",28.27,8.0,8,5,6033,272.96
Mansarovar,"Plot No. 209, Mansarovar, Jaipur, Rajasthan",15.59,5.3,8,3,7463,220.58
Tonk Road,"Plot No. 129, Tonk Road, Jaipur, Rajasthan",11.07,5.6,6,2,4994,160.68
Raja Park,"Plot No. 335, Raja Park, Jaipur, Rajasthan",26.6,4.8,7,4,10042,279.78
Kalwar Road,"Plot No. 288, Kalwar Road, Jaipur, Rajasthan",5.87,5.5,6,3,7254,156.58
Jhotwara,"Plot No. 252, Jhotwara, Jaipur, Rajasthan",4.69,6.7,7,3,7800,168.43
Malviya Nagar,"Plot No. 265, Malviya Nagar, Jaipur, Rajasthan",19.68,4.6,7,2,9042,244.82
C-Scheme,"Plot No. 271, C-Scheme, Jaipur, Rajasthan",19.57,6.6,6,2,7103,216.22
Kalwar Road,"Plot No. 412, Kalwar Road, Jaipur, Rajasthan",6.94,6.0,8,4,4014,156.05
Kalwar Road,"Plot No. 408, Kalwar Road, Jaipur, Rajasthan",7.51,6.3,4,4,9820,157.01
Jhotwara,"Plot No. 188, Jhotwara, Jaipur, Rajasthan",6.8,6.5,9,6,7252,200.2
Civil Lines,"Plot No. 419, Civil Lines, Jaipur, Rajasthan",18.5,6.3,8,4,3875,217.3
C-Scheme,"Plot No. 214, C-Scheme, Jaipur, Rajasthan",26.71,5.2,6,3,6722,241.6
Malviya Nagar,"Plot No. 283, Malviya Nagar, Jaipur, Rajasthan",27.01,5.2,6,4,5017,248.6
Kalwar Road,"Plot No. 211, Kalwar Road, Jaipur, Rajasthan",5.43,5.4,7,4,7792,171.76
Ajmer Road,"Plot No. 365, Ajmer Road, Jaipur, Rajasthan",11.47,5.7,9,6,4576,203.24
Sangeener,"Plot No. 76, Sangeener, Jaipur, Rajasthan",5.53,4.8,6,3,10991,169.36
Pratap Nagar,"Plot No. 148, Pratap Nagar, Jaipur, Rajasthan",5.34,6.4,8,4,2919,158.65
Raja Park,"Plot No. 321, Raja Park, Jaipur, Rajasthan",25.48,7.8,7,6,7505,250.98
Mansarovar,"Plot No. 213, Mansarovar, Jaipur, Rajasthan",14.32,7.5,8,6,5352,204.04
Jagatpura,"Plot No. 433, Jagatpura, Jaipur, Rajasthan",14.67,6.7,6,4,9645,196.08
Pratap Nagar,"Plot No. 109, Pratap Nagar, Jaipur, Rajasthan",8.17,5.4,7,3,9539,181.09
Vidyadhar Nagar,"Plot No. 129, Vidyadhar Nagar, Jaipur, Rajasthan",6.34,6.3,8,3,8981,195.7
Raja Park,"Plot No. 10, Raja Park, Jaipur, Rajasthan",29.67,6.9,6,4,8074,271.0
Mansarovar,"Plot No. 47, Mansarovar, Jaipur, Rajasthan",12.71,6.0,7,5,8975,211.99
Vaishali Nagar,"Plot No. 379, Vaishali Nagar, Jaipur, Rajasthan",19.89,5.8,7,3,7289,231.95
Malviya Nagar,"Plot No. 315, Malviya Nagar, Jaipur, Rajasthan",29.95,5.1,5,4,7913,267.37
Sangeener,"Plot No. 96, Sangeener, Jaipur, Rajasthan",5.76,6.2,7,2,10296,179.61
Mansarovar,"Plot No. 446, Mansarovar, Jaipur, Rajasthan",15.55,6.1,6,4,6316,184.16
Tonk Road,"Plot No. 103, Tonk Road, Jaipur, Rajasthan",9.19,6.2,6,4,7558,177.6
Jagatpura,"Plot No. 380, Jagatpura, Jaipur, Rajasthan",9.96,6.1,7,3,4633,163.79
Vaishali Nagar,"Plot No. 342, Vaishali Nagar, Jaipur, Rajasthan",29.09,6.5,5,2,9545,261.62
Nirman Nagar,"Plot No. 146, Nirman Nagar, Jaipur, Rajasthan",14.09,6.6,6,2,7623,192.38
Raja Park,"Plot No. 368, Raja Park, Jaipur, Rajasthan",25.01,6.9,8,4,8831,265.8
Vidyadhar Nagar,"Plot No. 430, Vidyadhar Nagar, Jaipur, Rajasthan",8.05,6.3,8,4,5246,167.48
Vidyadhar Nagar,"Plot No. 416, Vidyadhar Nagar, Jaipur, Rajasthan",8.48,4.3,6,2,10281,187.91
Vidyadhar Nagar,"Plot No. 27, Vidyadhar Nagar, Jaipur, Rajasthan",7.98,5.5,6,3,9674,171.43
Jhotwara,"Plot No. 220, Jhotwara, Jaipur, Rajasthan",5.53,3.7,7,2,6389,160.13
Ajmer Road,"Plot No. 18, Ajmer Road, Jaipur, Rajasthan",9.28,6.4,7,3,8109,185.77
Nirman Nagar,"Plot No. 167, Nirman Nagar, Jaipur, Rajasthan",10.63,4.8,8,4,7551,200.05
Mansarovar,"Plot No. 433, Mansarovar, Jaipur, Rajasthan",11.58,4.7,8,3,2111,185.59
Sangeener,"Plot No. 477, Sangeener, Jaipur, Rajasthan",6.7,5.4,6,4,6869,163.09
Malviya Nagar,"Plot No. 82, Malviya Nagar, Jaipur, Rajasthan",25.36,5.6,7,3,7151,249.28
Ajmer Road,"Plot No. 428, Ajmer Road, Jaipur, Rajasthan",10.55,6.7,8,5,7085,199.72
Jagatpura,"Plot No. 72, Jagatpura, Jaipur, Rajasthan",12.68,6.0,8,6,7059,204.51
Kalwar Road,"Plot No. 310, Kalwar Road, Jaipur, Rajasthan",8.28,4.7,6,2,6780,165.26
Kalwar Road,"Plot No. 479, Kalwar Road, Jaipur, Rajasthan",5.65,6.2,7,2,2869,140.84
Jhotwara,"Plot No. 254, Jhotwara, Jaipur, Rajasthan",7.55,7.5,6,3,8729,162.31
Vidyadhar Nagar,"Plot No. 162, Vidyadhar Nagar, Jaipur, Rajasthan",6.26,5.2,8,5,9334,181.81
Kalwar Road,"Plot No. 327, Kalwar Road, Jaipur, Rajasthan",6.32,5.6,9,4,7084,191.54
Sangeener,"Plot No. 420, Sangeener, Jaipur, Rajasthan",5.74,6.4,7,3,11006,174.24
Vaishali Nagar,"Plot No. 402, Vaishali Nagar, Jaipur, Rajasthan",16.9,5.3,6,4,8259,204.59
Civil Lines,"Plot No. 38, Civil Lines, Jaipur, Rajasthan",18.51,5.7,6,3,5643,215.16
Vidyadhar Nagar,"Plot No. 443, Vidyadhar Nagar, Jaipur, Rajasthan",8.16,4.1,6,3,8238,167.54
Jagatpura,"Plot No. 393, Jagatpura, Jaipur, Rajasthan",14.56,4.4,8,4,9652,234.24
Pratap Nagar,"Plot No. 201, Pratap Nagar, Jaipur, Rajasthan",8.61,5.1,6,3,777,130.01
Pratap Nagar,"Plot No. 494, Pratap Nagar, Jaipur, Rajasthan",5.22,5.5,7,3,8079,173.51
Kalwar Road,"Plot No. 200, Kalwar Road, Jaipur, Rajasthan",4.56,6.5,6,3,7873,144.17
Kalwar Road,"Plot No. 255, Kalwar Road, Jaipur, Rajasthan",6.43,5.4,7,3,8841,173.31
Kalwar Road,"Plot No. 179, Kalwar Road, Jaipur, Rajasthan",7.71,5.6,7,2,7300,176.28
Jhotwara,"Plot No. 35, Jhotwara, Jaipur, Rajasthan",8.8,7.1,5,3,9397,170.97
Jagatpura,"Plot No. 82, Jagatpura, Jaipur, Rajasthan",14.0,5.7,8,6,4289,207.42
Vidyadhar Nagar,"Plot No. 389, Vidyadhar Nagar, Jaipur, Rajasthan",7.05,6.6,7,5,4183,149.13
Ajmer Road,"Plot No. 398, Ajmer Road, Jaipur, Rajasthan",13.76,6.7,7,4,8575,214.46
Civil Lines,"Plot No. 220, Civil Lines, Jaipur, Rajasthan",27.0,7.4,6,4,6510,252.07
Sangeener,"Plot No. 158, Sangeener, Jaipur, Rajasthan",5.28,4.4,6,2,11422,182.65
Malviya Nagar,"Plot No. 4, Malviya Nagar, Jaipur, Rajasthan",20.98,4.5,5,2,8167,228.5
Jhotwara,"Plot No. 167, Jhotwara, Jaipur, Rajasthan",8.24,6.2,7,6,6451,172.17
Malviya Nagar,"Plot No. 468, Malviya Nagar, Jaipur, Rajasthan",24.63,5.9,6,4,4599,234.37
Malviya Nagar,"Plot No. 448, Malviya Nagar, Jaipur, Rajasthan",22.98,5.1,8,6,7150,260.81
Tonk Road,"Plot No. 409, Tonk Road, Jaipur, Rajasthan",11.55,7.4,4,2,6685,152.66
Malviya Nagar,"Plot No. 412, Malviya Nagar, Jaipur, Rajasthan",22.47,5.7,7,3,7956,240.12
Sangeener,"Plot No. 204, Sangeener, Jaipur, Rajasthan",7.31,6.7,7,4,7563,161.9
Ajmer Road,"Plot No. 194, Ajmer Road, Jaipur, Rajasthan",9.85,6.2,7,5,5688,166.38
Pratap Nagar,"Plot No. 235, Pratap Nagar, Jaipur, Rajasthan",8.31,5.4,8,3,8679,205.52
Vidyadhar Nagar,"Plot No. 206, Vidyadhar Nagar, Jaipur, Rajasthan",6.07,8.1,7,6,6023,148.63
Vidyadhar Nagar,"Plot No. 150, Vidyadhar Nagar, Jaipur, Rajasthan",6.68,5.5,7,4,8843,167.92
Malviya Nagar,"Plot No. 159, Malviya Nagar, Jaipur, Rajasthan",20.77,6.1,9,3,8000,259.74
Ajmer Road,"Plot No. 279, Ajmer Road, Jaipur, Rajasthan",13.58,6.0,6,4,3436,172.13
Vaishali Nagar,"Plot No. 304, Vaishali Nagar, Jaipur, Rajasthan",28.69,7.6,6,3,7338,268.97
Jhotwara,"Plot No. 404, Jhotwara, Jaipur, Rajasthan",7.74,6.9,7,2,6951,174.55
C-Scheme,"Plot No. 381, C-Scheme, Jaipur, Rajasthan",17.93,5.4,7,3,6920,217.09
Jhotwara,"Plot No. 166, Jhotwara, Jaipur, Rajasthan",6.72,6.8,6,3,4567,150.67
Vidyadhar Nagar,"Plot No. 311, Vidyadhar Nagar, Jaipur, Rajasthan",8.1,5.1,8,6,7848,182.19
Vidyadhar Nagar,"Plot No. 68, Vidyadhar Nagar, Jaipur, Rajasthan",6.17,5.2,6,3,6692,161.86
Vidyadhar Nagar,"Plot No. 463, Vidyadhar Nagar, Jaipur, Rajasthan",5.09,5.4,7,3,6418,148.59
Sangeener,"Plot No. 88, Sangeener, Jaipur, Rajasthan",6.4,7.1,5,4,7859,149.44
Vidyadhar Nagar,"Plot No. 217, Vidyadhar Nagar, Jaipur, Rajasthan",7.14,5.7,7,2,7249,161.87
Jagatpura,"Plot No. 1, Jagatpura, Jaipur, Rajasthan",10.31,5.7,6,2,3905,166.09
Ajmer Road,"Plot No. 135, Ajmer Road, Jaipur, Rajasthan",15.78,5.1,8,5,6799,215.26
Kalwar Road,"Plot No. 185, Kalwar Road, Jaipur, Rajasthan",7.17,5.6,7,3,5240,152.23
Nirman Nagar,"Plot No. 351, Nirman Nagar, Jaipur, Rajasthan",13.9,7.4,7,3,6245,203.63
Vaishali Nagar,"Plot No. 140, Vaishali Nagar, Jaipur, Rajasthan",19.52,5.9,5,4,4032,181.92
Vidyadhar Nagar,"Plot No. 106, Vidyadhar Nagar, Jaipur, Rajasthan",5.22,5.8,6,3,6354,151.08
Raja Park,"Plot No. 133, Raja Park, Jaipur, Rajasthan",28.32,6.0,7,5,10724,294.5
Jhotwara,"Plot No. 108, Jhotwara, Jaipur, Rajasthan",5.76,6.6,8,3,9789,189.67
Ajmer Road,"Plot No. 178, Ajmer Road, Jaipur, Rajasthan",14.83,6.2,8,5,9083,225.86
Vidyadhar Nagar,"Plot No. 298, Vidyadhar Nagar, Jaipur, Rajasthan",7.1,5.8,7,4,10182,193.6
Kalwar Road,"Plot No. 358, Kalwar Road, Jaipur, Rajasthan",8.53,7.4,7,5,5945,175.99
Civil Lines,"Plot No. 380, Civil Lines, Jaipur, Rajasthan",19.2,6.9,5,2,6214,196.4
Pratap Nagar,"Plot No. 396, Pratap Nagar, Jaipur, Rajasthan",5.3,6.7,7,2,8474,161.39
Ajmer Road,"Plot No. 359, Ajmer Road, Jaipur, Rajasthan",9.38,5.7,8,4,5764,181.75
Jhotwara,"Plot No. 146, Jhotwara, Jaipur, Rajasthan",5.51,6.6,6,2,8610,151.0
Jhotwara,"Plot No. 450, Jhotwara, Jaipur, Rajasthan",5.78,6.2,7,2,4516,150.85
Jhotwara,"Plot No. 74, Jhotwara, Jaipur, Rajasthan",8.55,6.0,8,4,9307,206.95
Kalwar Road,"Plot No. 463, Kalwar Road, Jaipur, Rajasthan",8.51,6.4,9,3,8153,210.49
Jagatpura,"Plot No. 478, Jagatpura, Jaipur, Rajasthan",9.15,4.6,6,2,7783,178.85
Tonk Road,"Plot No. 108, Tonk Road, Jaipur, Rajasthan",9.28,6.3,6,2,9893,180.52
Pratap Nagar,"Plot No. 122, Pratap Nagar, Jaipur, Rajasthan",5.79,5.9,8,5,5037,161.58
Malviya Nagar,"Plot No. 17, Malviya Nagar, Jaipur, Rajasthan",23.65,6.2,6,2,5393,233.33
Jhotwara,"Plot No. 196, Jhotwara, Jaipur, Rajasthan",8.36,5.5,7,5,4762,170.55
Vidyadhar Nagar,"Plot No. 327, Vidyadhar Nagar, Jaipur, Rajasthan",5.02,5.2,6,4,11778,176.09
Jagatpura,"Plot No. 318, Jagatpura, Jaipur, Rajasthan",10.19,7.6,8,4,8682,192.56
Raja Park,"Plot No. 297, Raja Park, Jaipur, Rajasthan",27.24,4.7,8,6,11458,303.79
Tonk Road,"Plot No. 479, Tonk Road, Jaipur, Rajasthan",14.22,6.4,9,6,10019,238.69
Ajmer Road,"Plot No. 499, Ajmer Road, Jaipur, Rajasthan",14.35,7.2,7,6,8922,205.61
Ajmer Road,"Plot No. 252, Ajmer Road, Jaipur, Rajasthan",11.79,6.8,9,6,9405,230.3
Mansarovar,"Plot No. 487, Mansarovar, Jaipur, Rajasthan",15.56,7.0,7,2,4496,191.04
Jhotwara,"Plot No. 119, Jhotwara, Jaipur, Rajasthan",5.17,6.9,6,4,10909,174.27
Civil Lines,"Plot No. 162, Civil Lines, Jaipur, Rajasthan",28.08,6.2,7,4,8781,274.35
Jhotwara,"Plot No. 198, Jhotwara, Jaipur, Rajasthan",6.54,6.0,5,2,6926,143.13
Nirman Nagar,"Plot No. 498, Nirman Nagar, Jaipur, Rajasthan",14.66,6.6,6,4,5783,192.94
Jagatpura,"Plot No. 486, Jagatpura, Jaipur, Rajasthan",11.31,5.8,8,6,8636,207.81
Ajmer Road,"Plot No. 45, Ajmer Road, Jaipur, Rajasthan",9.66,4.1,8,5,12179,228.69
Vidyadhar Nagar,"Plot No. 314, Vidyadhar Nagar, Jaipur, Rajasthan",5.43,4.2,7,3,9785,182.16
Tonk Road,"Plot No. 179, Tonk Road, Jaipur, Rajasthan",12.14,5.1,6,4,10608,209.08
C-Scheme,"Plot No. 382, C-Scheme, Jaipur, Rajasthan",16.79,6.1,7,4,8975,221.83
Pratap Nagar,"Plot No. 418, Pratap Nagar, Jaipur, Rajasthan",8.02,4.9,8,6,5342,170.96
Pratap Nagar,"Plot No. 44, Pratap Nagar, Jaipur, Rajasthan",6.97,6.5,6,2,1250,125.56
Pratap Nagar,"Plot No. 271, Pratap Nagar, Jaipur, Rajasthan",8.16,7.6,6,2,6645,163.71
Kalwar Road,"Plot No. 78, Kalwar Road, Jaipur, Rajasthan",4.52,4.4,7,4,9492,170.56
Nirman Nagar,"Plot No. 326, Nirman Nagar, Jaipur, Rajasthan",11.35,7.5,7,2,2328,159.11
Vidyadhar Nagar,"Plot No. 178, Vidyadhar Nagar, Jaipur, Rajasthan",4.73,5.8,6,3,10749,155.3
Ajmer Road,"Plot No. 357, Ajmer Road, Jaipur, Rajasthan",15.38,5.6,7,4,4799,194.68
Jagatpura,"Plot No. 498, Jagatpura, Jaipur, Rajasthan",15.35,5.3,7,2,5471,206.35
Civil Lines,"Plot No. 416, Civil Lines, Jaipur, Rajasthan",25.31,5.2,8,4,6620,260.74
Pratap Nagar,"Plot No. 451, Pratap Nagar, Jaipur, Rajasthan",5.91,5.3,8,3,6407,170.27
Jhotwara,"Plot No. 3, Jhotwara, Jaipur, Rajasthan",8.29,7.1,6,2,8702,160.06
Civil Lines,"Plot No. 214, Civil Lines, Jaipur, Rajasthan",24.12,6.3,7,4,13540,287.46
Jagatpura,"Plot No. 342, Jagatpura, Jaipur, Rajasthan",12.94,7.8,7,3,8206,208.06
Kalwar Road,"Plot No. 74, Kalwar Road, Jaipur, Rajasthan",8.06,5.8,6,2,8085,168.78
Tonk Road,"Plot No. 51, Tonk Road, Jaipur, Rajasthan",14.26,5.9,6,3,8322,188.73
Jhotwara,"Plot No. 67, Jhotwara, Jaipur, Rajasthan",7.02,6.9,7,3,7871,166.05
Mansarovar,"Plot No. 332, Mansarovar, Jaipur, Rajasthan",9.81,5.9,7,3,7217,182.09
Jhotwara,"Plot No. 93, Jhotwara, Jaipur, Rajasthan",4.88,6.2,7,4,5544,152.6
Pratap Nagar,"Plot No. 176, Pratap Nagar, Jaipur, Rajasthan",7.36,4.8,7,3,12040,197.25
Kalwar Road,"Plot No. 145, Kalwar Road, Jaipur, Rajasthan",6.27,3.5,8,3,7900,193.66
Kalwar Road,"Plot No. 7, Kalwar Road, Jaipur, Rajasthan",7.0,5.2,7,3,8154,184.34
Jhotwara,"Plot No. 269, Jhotwara, Jaipur, Rajasthan",5.52,5.9,7,2,9139,164.48
Vidyadhar Nagar,"Plot No. 376, Vidyadhar Nagar, Jaipur, Rajasthan",7.36,6.5,7,3,8965,172.17
C-Scheme,"Plot No. 322, C-Scheme, Jaipur, Rajasthan",16.15,4.8,8,3,7231,224.64
Kalwar Road,"Plot No. 4, Kalwar Road, Jaipur, Rajasthan",6.53,6.7,8,6,5511,168.27
Civil Lines,"Plot No. 138, Civil Lines, Jaipur, Rajasthan",16.18,6.8,5,4,6791,188.14
Pratap Nagar,"Plot No. 231, Pratap Nagar, Jaipur, Rajasthan",5.28,6.8,10,5,8411,207.66
Tonk Road,"Plot No. 88, Tonk Road, Jaipur, Rajasthan",9.84,6.5,5,3,4705,138.72
Raja Park,"Plot No. 17, Raja Park, Jaipur, Rajasthan",16.76,7.1,7,4,8172,225.71
Jagatpura,"Plot No. 52, Jagatpura, Jaipur, Rajasthan",13.69,5.6,8,4,5215,206.59
Civil Lines,"Plot No. 134, Civil Lines, Jaipur, Rajasthan",17.22,6.4,7,5,5932,221.33
Vidyadhar Nagar,"Plot No. 211, Vidyadhar Nagar, Jaipur, Rajasthan",5.26,6.5,7,2,7571,165.38
Ajmer Road,"Plot No. 325, Ajmer Road, Jaipur, Rajasthan",9.76,5.0,7,6,4008,172.71
Ajmer Road,"Plot No. 480, Ajmer Road, Jaipur, Rajasthan",13.21,4.2,7,2,8039,200.21
Kalwar Road,"Plot No. 458, Kalwar Road, Jaipur, Rajasthan",5.15,6.2,8,4,6506,174.33
Raja Park,"Plot No. 393, Raja Park, Jaipur, Rajasthan",28.55,8.6,8,4,2900,251.23
Kalwar Road,"Plot No. 219, Kalwar Road, Jaipur, Rajasthan",8.45,5.7,8,6,4071,176.5
Pratap Nagar,"Plot No. 205, Pratap Nagar, Jaipur, Rajasthan",8.51,6.6,8,4,7221,179.16
Vidyadhar Nagar,"Plot No. 211, Vidyadhar Nagar, Jaipur, Rajasthan",8.62,5.2,5,4,4767,134.72
Kalwar Road,"Plot No. 277, Kalwar Road, Jaipur, Rajasthan",8.72,5.2,9,6,6338,190.9
Mansarovar,"Plot No. 24, Mansarovar, Jaipur, Rajasthan",12.84,7.6,5,2,7342,162.99
Sangeener,"Plot No. 486, Sangeener, Jaipur, Rajasthan",6.83,5.0,6,4,6402,150.72
Vidyadhar Nagar,"Plot No. 4, Vidyadhar Nagar, Jaipur, Rajasthan",5.08,6.3,6,3,7877,161.21
Jagatpura,"Plot No. 152, Jagatpura, Jaipur, Rajasthan",12.4,5.5,6,4,6277,176.62
Vaishali Nagar,"Plot No. 443, Vaishali Nagar, Jaipur, Rajasthan",29.78,6.2,6,3,6936,270.54
Jhotwara,"Plot No. 483, Jhotwara, Jaipur, Rajasthan",8.27,6.0,7,5,7165,168.17
Sangeener,"Plot No. 259, Sangeener, Jaipur, Rajasthan",7.95,7.0,9,6,7982,199.66
Jagatpura,"Plot No. 324, Jagatpura, Jaipur, Rajasthan",11.38,6.3,9,6,10744,225.6
Civil Lines,"Plot No. 357, Civil Lines, Jaipur, Rajasthan",23.82,6.5,6,2,10991,250.38
Ajmer Road,"Plot No. 168, Ajmer Road, Jaipur, Rajasthan",10.27,7.0,5,3,5215,141.86
Sangeener,"Plot No. 176, Sangeener, Jaipur, Rajasthan",6.52,7.5,7,3,4916,152.27
Tonk Road,"Plot No. 310, Tonk Road, Jaipur, Rajasthan",11.34,6.6,8,4,8145,197.77
Vidyadhar Nagar,"Plot No. 291, Vidyadhar Nagar, Jaipur, Rajasthan",8.68,6.5,8,5,7112,196.67
Ajmer Road,"Plot No. 479, Ajmer Road, Jaipur, Rajasthan",11.4,5.4,8,3,7131,202.23
C-Scheme,"Plot No. 56, C-Scheme, Jaipur, Rajasthan",29.99,7.2,8,3,6991,295.88
Jhotwara,"Plot No. 108, Jhotwara, Jaipur, Rajasthan",5.64,6.0,6,2,5900,154.16
Jhotwara,"Plot No. 473, Jhotwara, Jaipur, Rajasthan",6.1,6.3,9,6,8597,199.37
Pratap Nagar,"Plot No. 296, Pratap Nagar, Jaipur, Rajasthan",8.34,6.7,5,3,7038,158.2
Nirman Nagar,"Plot No. 461, Nirman Nagar, Jaipur, Rajasthan",11.46,5.7,6,3,7200,172.17
Jhotwara,"Plot No. 324, Jhotwara, Jaipur, Rajasthan",5.47,6.4,9,6,8959,201.05
Tonk Road,"Plot No. 302, Tonk Road, Jaipur, Rajasthan",14.55,5.3,5,3,2946,157.04
Tonk Road,"Plot No. 334, Tonk Road, Jaipur, Rajasthan",15.12,4.6,6,4,8364,203.95
Nirman Nagar,"Plot No. 141, Nirman Nagar, Jaipur, Rajasthan",10.72,5.9,7,3,7002,189.55
Kalwar Road,"Plot No. 155, Kalwar Road, Jaipur, Rajasthan",7.35,7.4,7,5,7343,177.97
Jhotwara,"Plot No. 262, Jhotwara, Jaipur, Rajasthan",6.2,5.3,7,3,4363,160.84
Civil Lines,"Plot No. 273, Civil Lines, Jaipur, Rajasthan",16.2,5.4,6,2,6211,189.56
Civil Lines,"Plot No. 420, Civil Lines, Jaipur, Rajasthan",24.42,5.1,9,6,10681,293.26
Jhotwara,"Plot No. 232, Jhotwara, Jaipur, Rajasthan",8.03,6.2,8,4,5596,184.09
Jagatpura,"Plot No. 241, Jagatpura, Jaipur, Rajasthan",15.86,7.2,4,4,7946,182.12
Malviya Nagar,"Plot No. 355, Malviya Nagar, Jaipur, Rajasthan",18.11,5.4,7,4,3608,196.4
Kalwar Road,"Plot No. 337, Kalwar Road, Jaipur, Rajasthan",6.07,9.1,8,4,5598,163.47
Kalwar Road,"Plot No. 489, Kalwar Road, Jaipur, Rajasthan",8.05,5.8,7,3,7973,185.39
Jagatpura,"Plot No. 258, Jagatpura, Jaipur, Rajasthan",13.41,5.7,6,3,6051,187.83
Sangeener,"Plot No. 249, Sangeener, Jaipur, Rajasthan",4.68,6.6,6,4,6385,139.73
Pratap Nagar,"Plot No. 77, Pratap Nagar, Jaipur, Rajasthan",6.04,6.5,7,3,6569,165.79
Pratap Nagar,"Plot No. 180, Pratap Nagar, Jaipur, Rajasthan",7.5,5.9,7,4,7049,172.42
Jagatpura,"Plot No. 66, Jagatpura, Jaipur, Rajasthan",11.84,8.2,7,3,5727,190.42
Mansarovar,"Plot No. 308, Mansarovar, Jaipur, Rajasthan",13.15,4.4,7,5,10476,219.64
Vidyadhar Nagar,"Plot No. 348, Vidyadhar Nagar, Jaipur, Rajasthan",8.31,4.5,7,5,7832,179.31
Jhotwara,"Plot No. 171, Jhotwara, Jaipur, Rajasthan",4.76,5.7,8,6,4580,165.46
Jhotwara,"Plot No. 474, Jhotwara, Jaipur, Rajasthan",7.69,6.4,8,5,5006,164.34
Civil Lines,"Plot No. 22, Civil Lines, Jaipur, Rajasthan",25.27,5.3,5,3,2633,219.52
Jagatpura,"Plot No. 367, Jagatpura, Jaipur, Rajasthan",9.42,5.5,7,3,5483,177.31
Jagatpura,"Plot No. 107, Jagatpura, Jaipur, Rajasthan",14.88,5.8,6,3,5070,193.89
Jhotwara,"Plot No. 439, Jhotwara, Jaipur, Rajasthan",6.71,6.9,8,5,7545,175.59
Civil Lines,"Plot No. 323, Civil Lines, Jaipur, Rajasthan",19.62,6.7,7,3,9739,245.72
Vidyadhar Nagar,"Plot No. 227, Vidyadhar Nagar, Jaipur, Rajasthan",7.62,7.0,7,4,9272,187.63
Vidyadhar Nagar,"Plot No. 444, Vidyadhar Nagar, Jaipur, Rajasthan",8.41,4.2,7,5,9764,195.93
Jhotwara,"Plot No. 442, Jhotwara, Jaipur, Rajasthan",5.74,6.7,7,4,6829,154.85
Civil Lines,"Plot No. 396, Civil Lines, Jaipur, Rajasthan",27.69,7.0,8,6,8292,280.38
Tonk Road,"Plot No. 216, Tonk Road, Jaipur, Rajasthan",14.29,6.3,6,4,9184,203.4
Malviya Nagar,"Plot No. 69, Malviya Nagar, Jaipur, Rajasthan",26.15,7.5,8,4,7138,269.9
Malviya Nagar,"Plot No. 84, Malviya Nagar, Jaipur, Rajasthan",17.69,6.3,7,4,5366,215.99
Pratap Nagar,"Plot No. 103, Pratap Nagar, Jaipur, Rajasthan",4.64,5.2,8,5,7075,168.42
Pratap Nagar,"Plot No. 39, Pratap Nagar, Jaipur, Rajasthan",6.46,4.1,6,4,8345,170.77
Jhotwara,"Plot No. 13, Jhotwara, Jaipur, Rajasthan",6.89,7.5,8,4,8457,183.75
Raja Park,"Plot No. 297, Raja Park, Jaipur, Rajasthan",25.04,5.5,7,5,5884,241.16
Malviya Nagar,"Plot No. 313, Malviya Nagar, Jaipur, Rajasthan",21.55,5.0,7,2,7074,230.66
Kalwar Road,"Plot No. 181, Kalwar Road, Jaipur, Rajasthan",8.74,6.5,7,5,4331,165.79
Pratap Nagar,"Plot No. 493, Pratap Nagar, Jaipur, Rajasthan",7.94,6.1,9,3,11639,220.97
Pratap Nagar,"Plot No. 268, Pratap Nagar, Jaipur, Rajasthan",5.81,5.3,7,6,8365,171.62
Pratap Nagar,"Plot No. 13, Pratap Nagar, Jaipur, Rajasthan",7.32,6.6,8,3,8754,195.81
Kalwar Road,"Plot No. 120, Kalwar Road, Jaipur, Rajasthan",7.46,5.8,8,5,5917,175.21
Pratap Nagar,"Plot No. 458, Pratap Nagar, Jaipur, Rajasthan",8.89,6.5,7,3,7575,189.71
Vaishali Nagar,"Plot No. 353, Vaishali Nagar, Jaipur, Rajasthan",26.54,5.2,7,6,9818,286.59
Pratap Nagar,"Plot No. 57, Pratap Nagar, Jaipur, Rajasthan",5.34,6.8,8,3,7788,165.63
C-Scheme,"Plot No. 40, C-Scheme, Jaipur, Rajasthan",17.15,7.2,9,6,8631,255.59
Kalwar Road,"Plot No. 374, Kalwar Road, Jaipur, Rajasthan",7.09,5.8,8,3,9457,197.23
Mansarovar,"Plot No. 336, Mansarovar, Jaipur, Rajasthan",9.73,6.6,7,3,6353,177.61
Nirman Nagar,"Plot No. 128, Nirman Nagar, Jaipur, Rajasthan",10.65,6.3,7,4,5777,181.21
Jagatpura,"Plot No. 173, Jagatpura, Jaipur, Rajasthan",10.29,6.2,6,3,8851,188.18
Malviya Nagar,"Plot No. 35, Malviya Nagar, Jaipur, Rajasthan",20.14,6.6,6,3,6209,223.84
Nirman Nagar,"Plot No. 259, Nirman Nagar, Jaipur, Rajasthan",10.63,5.8,7,4,5535,180.21
Jagatpura,"Plot No. 376, Jagatpura, Jaipur, Rajasthan",10.69,5.0,7,3,9381,193.34
Ajmer Road,"Plot No. 5, Ajmer Road, Jaipur, Rajasthan",13.26,6.3,7,3,6926,200.62
Sangeener,"Plot No. 218, Sangeener, Jaipur, Rajasthan",5.42,6.3,8,3,6894,163.56
Mansarovar,"Plot No. 11, Mansarovar, Jaipur, Rajasthan",13.67,5.6,8,4,7359,217.71
Mansarovar,"Plot No. 382, Mansarovar, Jaipur, Rajasthan",15.54,7.5,7,4,4725,202.14
Ajmer Road,"Plot No. 327, Ajmer Road, Jaipur, Rajasthan",13.41,4.7,6,4,3033,166.55
Jagatpura,"Plot No. 117, Jagatpura, Jaipur, Rajasthan",14.19,6.9,6,2,9120,191.79
Kalwar Road,"Plot No. 184, Kalwar Road, Jaipur, Rajasthan",8.9,8.0,8,6,8037,195.75
C-Scheme,"Plot No. 394, C-Scheme, Jaipur, Rajasthan",17.33,6.4,5,4,4828,179.51
Civil Lines,"Plot No. 362, Civil Lines, Jaipur, Rajasthan",29.31,5.7,7,4,6155,266.89
Tonk Road,"Plot No. 116, Tonk Road, Jaipur, Rajasthan",9.38,5.4,7,5,9861,199.01
Kalwar Road,"Plot No. 162, Kalwar Road, Jaipur, Rajasthan",8.6,6.0,6,4,8135,179.35
Ajmer Road,"Plot No. 67, Ajmer Road, Jaipur, Rajasthan",13.76,5.6,7,4,9755,220.33
Vaishali Nagar,"Plot No. 200, Vaishali Nagar, Jaipur, Rajasthan",18.51,6.1,7,4,6768,222.37
Vaishali Nagar,"Plot No. 31, Vaishali Nagar, Jaipur, Rajasthan",16.36,7.1,8,5,4534,213.56
Kalwar Road,"Plot No. 75, Kalwar Road, Jaipur, Rajasthan",7.63,7.2,5,4,5917,133.25
C-Scheme,"Plot No. 237, C-Scheme, Jaipur, Rajasthan",24.23,5.5,7,4,5626,251.45
Vidyadhar Nagar,"Plot No. 327, Vidyadhar Nagar, Jaipur, Rajasthan",5.03,5.3,9,5,9845,200.5
Jhotwara,"Plot No. 493, Jhotwara, Jaipur, Rajasthan",5.86,4.9,7,2,4218,160.18
Mansarovar,"Plot No. 66, Mansarovar, Jaipur, Rajasthan",10.24,5.9,7,3,6555,191.67
Pratap Nagar,"Plot No. 70, Pratap Nagar, Jaipur, Rajasthan",5.62,5.6,8,4,8663,179.98
Jhotwara,"Plot No. 297, Jhotwara, Jaipur, Rajasthan",5.45,6.5,8,6,7033,182.35
Sangeener,"Plot No. 447, Sangeener, Jaipur, Rajasthan",4.53,5.6,4,2,5877,124.87
Mansarovar,"Plot No. 416, Mansarovar, Jaipur, Rajasthan",10.52,4.8,8,5,10350,218.84
Malviya Nagar,"Plot No. 20, Malviya Nagar, Jaipur, Rajasthan",24.99,4.7,7,3,8182,259.48
Tonk Road,"Plot No. 441, Tonk Road, Jaipur, Rajasthan",15.28,4.6,9,4,7336,241.19
Civil Lines,"Plot No. 226, Civil Lines, Jaipur, Rajasthan",19.04,4.0,6,2,9026,222.95
Sangeener,"Plot No. 434, Sangeener, Jaipur, Rajasthan",6.3,5.7,8,6,6564,178.11
Mansarovar,"Plot No. 464, Mansarovar, Jaipur, Rajasthan",14.02,6.0,8,4,9615,217.86
Vidyadhar Nagar,"Plot No. 409, Vidyadhar Nagar, Jaipur, Rajasthan",5.47,5.5,6,3,6661,150.88
Vaishali Nagar,"Plot No. 396, Vaishali Nagar, Jaipur, Rajasthan",27.65,6.4,7,4,3217,257.24
Vaishali Nagar,"Plot No. 199, Vaishali Nagar, Jaipur, Rajasthan",19.98,7.1,7,3,8588,231.9
Kalwar Road,"Plot No. 39, Kalwar Road, Jaipur, Rajasthan",4.74,6.7,6,3,9433,162.43
Vidyadhar Nagar,"Plot No. 145, Vidyadhar Nagar, Jaipur, Rajasthan",7.22,3.3,7,6,10249,185.82
Ajmer Road,"Plot No. 45, Ajmer Road, Jaipur, Rajasthan",13.02,5.8,6,4,11170,210.8
Vidyadhar Nagar,"Plot No. 395, Vidyadhar Nagar, Jaipur, Rajasthan",7.85,5.6,6,2,8195,171.25
Nirman Nagar,"Plot No. 326, Nirman Nagar, Jaipur, Rajasthan",13.84,7.0,7,4,4976,183.51
C-Scheme,"Plot No. 381, C-Scheme, Jaipur, Rajasthan",26.21,5.8,5,4,9924,253.67
Pratap Nagar,"Plot No. 407, Pratap Nagar, Jaipur, Rajasthan",4.75,6.3,8,3,2881,155.94
Malviya Nagar,"Plot No. 91, Malviya Nagar, Jaipur, Rajasthan",18.18,5.1,8,6,5553,226.03
Mansarovar,"Plot No. 238, Mansarovar, Jaipur, Rajasthan",13.42,6.2,9,4,8082,232.73
Jhotwara,"Plot No. 70, Jhotwara, Jaipur, Rajasthan",7.34,6.8,9,5,7220,197.62
Vaishali Nagar,"Plot No. 166, Vaishali Nagar, Jaipur, Rajasthan",16.29,6.7,7,2,4725,195.92
Ajmer Road,"Plot No. 130, Ajmer Road, Jaipur, Rajasthan",13.06,6.5,5,2,3154,162.08
Malviya Nagar,"Plot No. 214, Malviya Nagar, Jaipur, Rajasthan",25.39,5.0,7,3,7015,259.72
Malviya Nagar,"Plot No. 340, Malviya Nagar, Jaipur, Rajasthan",24.44,5.9,7,2,10234,265.74
Jagatpura,"Plot No. 89, Jagatpura, Jaipur, Rajasthan",11.31,4.7,8,3,9068,206.87
Civil Lines,"Plot No. 335, Civil Lines, Jaipur, Rajasthan",16.97,5.4,7,3,4989,206.77
C-Scheme,"Plot No. 252, C-Scheme, Jaipur, Rajasthan",18.95,6.0,5,3,4834,195.73
Nirman Nagar,"Plot No. 369, Nirman Nagar, Jaipur, Rajasthan",10.92,6.4,9,5,8407,220.32
Civil Lines,"Plot No. 349, Civil Lines, Jaipur, Rajasthan",27.01,7.9,7,4,9785,280.26
Jagatpura,"Plot No. 72, Jagatpura, Jaipur, Rajasthan",14.84,5.6,7,2,8589,220.61
Jhotwara,"Plot No. 165, Jhotwara, Jaipur, Rajasthan",6.15,5.3,6,3,7461,154.7
Vaishali Nagar,"Plot No. 49, Vaishali Nagar, Jaipur, Rajasthan",21.52,6.7,7,2,10312,254.21
Kalwar Road,"Plot No. 52, Kalwar Road, Jaipur, Rajasthan",5.09,6.0,9,6,9780,207.06
Nirman Nagar,"Plot No. 289, Nirman Nagar, Jaipur, Rajasthan",14.21,6.8,5,3,11759,211.16
Malviya Nagar,"Plot No. 278, Malviya Nagar, Jaipur, Rajasthan",27.58,6.0,5,4,11338,263.37
Sangeener,"Plot No. 114, Sangeener, Jaipur, Rajasthan",7.65,5.5,5,4,6199,148.17
Raja Park,"Plot No. 239, Raja Park, Jaipur, Rajasthan",25.86,5.7,6,3,9036,253.11
Tonk Road,"Plot No. 133, Tonk Road, Jaipur, Rajasthan",15.68,7.9,7,5,4738,189.16
Nirman Nagar,"Plot No. 487, Nirman Nagar, Jaipur, Rajasthan",13.53,4.6,8,6,7435,221.59
Jagatpura,"Plot No. 274, Jagatpura, Jaipur, Rajasthan",15.79,6.5,8,6,6595,218.74
Nirman Nagar,"Plot No. 166, Nirman Nagar, Jaipur, Rajasthan",12.94,6.4,6,2,5076,168.43
C-Scheme,"Plot No. 374, C-Scheme, Jaipur, Rajasthan",25.0,6.1,7,4,4889,249.47
Kalwar Road,"Plot No. 373, Kalwar Road, Jaipur, Rajasthan",7.4,6.0,6,4,4759,155.62
Ajmer Road,"Plot No. 293, Ajmer Road, Jaipur, Rajasthan",9.8,7.2,7,4,7859,193.2
Mansarovar,"Plot No. 478, Mansarovar, Jaipur, Rajasthan",11.77,8.2,8,6,6923,201.74
Vidyadhar Nagar,"Plot No. 243, Vidyadhar Nagar, Jaipur, Rajasthan",6.24,7.0,6,3,6582,148.95
Tonk Road,"Plot No. 479, Tonk Road, Jaipur, Rajasthan",14.86,5.9,8,5,6496,208.8
Kalwar Road,"Plot No. 320, Kalwar Road, Jaipur, Rajasthan",8.42,4.9,5,3,7947,163.66
Kalwar Road,"Plot No. 138, Kalwar Road, Jaipur, Rajasthan",8.16,5.7,8,3,9052,205.78
Vaishali Nagar,"Plot No. 79, Vaishali Nagar, Jaipur, Rajasthan",25.26,6.3,7,3,7282,265.0
Malviya Nagar,"Plot No. 170, Malviya Nagar, Jaipur, Rajasthan",25.94,5.6,8,5,4185,263.07
Sangeener,"Plot No. 123, Sangeener, Jaipur, Rajasthan",5.1,6.4,8,6,3522,143.58
Tonk Road,"Plot No. 176, Tonk Road, Jaipur, Rajasthan",13.69,7.0,7,2,5187,188.3
Vaishali Nagar,"Plot No. 300, Vaishali Nagar, Jaipur, Rajasthan",27.81,6.3,7,2,7191,267.21
Ajmer Road,"Plot No. 82, Ajmer Road, Jaipur, Rajasthan",11.95,5.5,9,6,8236,231.18
Kalwar Road,"Plot No. 87, Kalwar Road, Jaipur, Rajasthan",8.29,5.8,8,4,8388,185.35
Jhotwara,"Plot No. 225, Jhotwara, Jaipur, Rajasthan",5.4,6.7,7,2,5869,154.84
Mansarovar,"Plot No. 16, Mansarovar, Jaipur, Rajasthan",15.1,6.4,7,6,7614,202.67
Kalwar Road,"Plot No. 310, Kalwar Road, Jaipur, Rajasthan",5.77,5.1,8,4,9903,193.81
Civil Lines,"Plot No. 358, Civil Lines, Jaipur, Rajasthan",25.62,6.7,7,6,7609,265.82
Raja Park,"Plot No. 163, Raja Park, Jaipur, Rajasthan",20.93,6.7,8,3,9322,260.86
Pratap Nagar,"Plot No. 98, Pratap Nagar, Jaipur, Rajasthan",5.7,7.5,8,6,5924,172.62
Jhotwara,"Plot No. 156, Jhotwara, Jaipur, Rajasthan",5.53,5.3,8,3,6199,172.74
Jhotwara,"Plot No. 2, Jhotwara, Jaipur, Rajasthan",4.96,5.7,8,5,9915,179.63
Raja Park,"Plot No. 350, Raja Park, Jaipur, Rajasthan",18.19,7.0,5,3,10247,210.7
Tonk Road,"Plot No. 397, Tonk Road, Jaipur, Rajasthan",10.24,5.7,7,3,7012,193.8
Civil Lines,"Plot No. 169, Civil Lines, Jaipur, Rajasthan",21.68,6.0,8,4,5347,238.56
Mansarovar,"Plot No. 464, Mansarovar, Jaipur, Rajasthan",9.77,5.4,8,3,4160,171.85
Raja Park,"Plot No. 315, Raja Park, Jaipur, Rajasthan",16.2,6.1,7,2,4335,196.98
Mansarovar,"Plot No. 325, Mansarovar, Jaipur, Rajasthan",15.83,7.2,7,4,6451,203.77
Kalwar Road,"Plot No. 375, Kalwar Road, Jaipur, Rajasthan",5.96,6.1,7,5,7170,163.71
Malviya Nagar,"Plot No. 92, Malviya Nagar, Jaipur, Rajasthan",16.96,6.5,7,3,9720,230.46
Malviya Nagar,"Plot No. 181, Malviya Nagar, Jaipur, Rajasthan",23.15,7.4,5,4,9721,243.47
Tonk Road,"Plot No. 231, Tonk Road, Jaipur, Rajasthan",14.93,5.8,6,3,9815,214.16
Vidyadhar Nagar,"Plot No. 301, Vidyadhar Nagar, Jaipur, Rajasthan",5.97,4.2,8,4,10425,186.2
Jagatpura,"Plot No. 148, Jagatpura, Jaipur, Rajasthan",14.85,4.1,8,4,6188,221.32
Jhotwara,"Plot No. 280, Jhotwara, Jaipur, Rajasthan",5.61,5.1,10,3,5474,198.13
Pratap Nagar,"Plot No. 189, Pratap Nagar, Jaipur, Rajasthan",8.45,5.5,6,4,6341,168.93
Mansarovar,"Plot No. 347, Mansarovar, Jaipur, Rajasthan",15.04,6.4,5,4,9721,194.68
Raja Park,"Plot No. 350, Raja Park, Jaipur, Rajasthan",25.91,4.6,7,3,4725,246.37
Kalwar Road,"Plot No. 314, Kalwar Road, Jaipur, Rajasthan",5.66,6.3,7,3,6801,167.51
Jagatpura,"Plot No. 493, Jagatpura, Jaipur, Rajasthan",10.47,4.4,7,6,7013,193.27
Ajmer Road,"Plot No. 411, Ajmer Road, Jaipur, Rajasthan",9.81,6.3,6,3,8877,179.74
Jhotwara,"Plot No. 410, Jhotwara, Jaipur, Rajasthan",5.18,7.0,7,3,9201,161.73
Pratap Nagar,"Plot No. 128, Pratap Nagar, Jaipur, Rajasthan",5.41,5.8,7,2,6834,163.47
Mansarovar,"Plot No. 7, Mansarovar, Jaipur, Rajasthan",9.71,6.1,7,4,6957,172.56
Pratap Nagar,"Plot No. 426, Pratap Nagar, Jaipur, Rajasthan",7.93,6.2,5,2,9345,152.5
Vidyadhar Nagar,"Plot No. 47, Vidyadhar Nagar, Jaipur, Rajasthan",8.63,6.7,8,6,6165,179.82
Tonk Road,"Plot No. 53, Tonk Road, Jaipur, Rajasthan",9.12,6.7,6,2,5262,154.46
Vidyadhar Nagar,"Plot No. 187, Vidyadhar Nagar, Jaipur, Rajasthan",6.73,5.7,7,6,5856,161.27
Pratap Nagar,"Plot No. 38, Pratap Nagar, Jaipur, Rajasthan",5.6,6.7,7,2,3876,141.99
Ajmer Road,"Plot No. 453, Ajmer Road, Jaipur, Rajasthan",12.52,5.4,7,4,5325,178.3
C-Scheme,"Plot No. 471, C-Scheme, Jaipur, Rajasthan",16.32,6.0,7,5,7003,206.5
Vidyadhar Nagar,"Plot No. 476, Vidyadhar Nagar, Jaipur, Rajasthan",6.6,7.2,8,3,5620,162.28
Tonk Road,"Plot No. 226, Tonk Road, Jaipur, Rajasthan",12.99,5.2,7,3,7747,200.91
Malviya Nagar,"Plot No. 53, Malviya Nagar, Jaipur, Rajasthan",28.03,5.9,7,4,5823,258.05
C-Scheme,"Plot No. 399, C-Scheme, Jaipur, Rajasthan",22.55,5.7,7,3,8305,246.09
Tonk Road,"Plot No. 224, Tonk Road, Jaipur, Rajasthan",12.35,5.7,6,2,6350,178.91
Sangeener,"Plot No. 154, Sangeener, Jaipur, Rajasthan",8.67,5.5,6,4,10320,176.68
Tonk Road,"Plot No. 48, Tonk Road, Jaipur, Rajasthan",10.52,5.0,7,4,8277,188.3
Nirman Nagar,"Plot No. 351, Nirman Nagar, Jaipur, Rajasthan",11.42,6.6,6,4,10328,200.22
Civil Lines,"Plot No. 147, Civil Lines, Jaipur, Rajasthan",25.89,7.7,8,6,7828,273.82
C-Scheme,"Plot No. 393, C-Scheme, Jaipur, Rajasthan",20.07,5.0,8,4,7928,256.61
Pratap Nagar,"Plot No. 64, Pratap Nagar, Jaipur, Rajasthan",6.34,5.3,7,3,11123,187.39
Mansarovar,"Plot No. 349, Mansarovar, Jaipur, Rajasthan",15.2,7.1,6,2,6688,200.94
Nirman Nagar,"Plot No. 182, Nirman Nagar, Jaipur, Rajasthan",11.16,5.6,6,4,7756,176.04
Pratap Nagar,"Plot No. 125, Pratap Nagar, Jaipur, Rajasthan",6.51,6.9,6,4,11927,179.87
C-Scheme,"Plot No. 179, C-Scheme, Jaipur, Rajasthan",22.59,6.7,5,2,5087,208.88
Kalwar Road,"Plot No. 39, Kalwar Road, Jaipur, Rajasthan",5.78,4.8,6,3,9909,175.46
Nirman Nagar,"Plot No. 260, Nirman Nagar, Jaipur, Rajasthan",12.06,6.4,7,2,10191,206.61
Malviya Nagar,"Plot No. 382, Malviya Nagar, Jaipur, Rajasthan",23.88,6.1,7,5,3653,239.84
Kalwar Road,"Plot No. 3, Kalwar Road, Jaipur, Rajasthan",6.48,5.4,6,3,9940,170.98
Sangeener,"Plot No. 64, Sangeener, Jaipur, Rajasthan",5.34,5.2,7,6,7479,168.4
Kalwar Road,"Plot No. 29, Kalwar Road, Jaipur, Rajasthan",8.56,5.6,9,6,6436,205.61
Jhotwara,"Plot No. 372, Jhotwara, Jaipur, Rajasthan",6.99,5.1,7,4,10673,198.21
Vaishali Nagar,"Plot No. 11, Vaishali Nagar, Jaipur, Rajasthan",29.39,6.0,8,3,8820,301.79
Civil Lines,"Plot No. 97, Civil Lines, Jaipur, Rajasthan",27.81,5.0,7,3,7901,270.78
Pratap Nagar,"Plot No. 358, Pratap Nagar, Jaipur, Rajasthan",8.89,4.4,8,5,6999,188.05
Tonk Road,"Plot No. 442, Tonk Road, Jaipur, Rajasthan",12.96,5.0,9,3,9134,229.56
Raja Park,"Plot No. 203, Raja Park, Jaipur, Rajasthan",28.79,5.1,7,4,9906,281.03
Jagatpura,"Plot No. 411, Jagatpura, Jaipur, Rajasthan",12.54,7.2,8,6,8229,202.61
Civil Lines,"Plot No. 481, Civil Lines, Jaipur, Rajasthan",27.21,5.7,6,3,8046,260.9
Raja Park,"Plot No. 21, Raja Park, Jaipur, Rajasthan",28.86,5.0,6,2,8810,278.29
Pratap Nagar,"Plot No. 39, Pratap Nagar, Jaipur, Rajasthan",8.81,7.6,7,3,6858,164.9
Pratap Nagar,"Plot No. 223, Pratap Nagar, Jaipur, Rajasthan",8.33,5.6,7,3,5613,169.98
Vaishali Nagar,"Plot No. 102, Vaishali Nagar, Jaipur, Rajasthan",27.08,5.7,10,5,8309,305.41
Jhotwara,"Plot No. 46, Jhotwara, Jaipur, Rajasthan",5.84,4.9,5,2,2490,125.98
Nirman Nagar,"Plot No. 66, Nirman Nagar, Jaipur, Rajasthan",10.85,7.4,5,2,6268,150.23
Sangeener,"Plot No. 91, Sangeener, Jaipur, Rajasthan",8.36,5.3,5,4,5203,144.46
Nirman Nagar,"Plot No. 164, Nirman Nagar, Jaipur, Rajasthan",15.09,6.5,7,3,7458,218.39
Civil Lines,"Plot No. 459, Civil Lines, Jaipur, Rajasthan",18.27,5.3,8,3,7565,235.47
Vidyadhar Nagar,"Plot No. 111, Vidyadhar Nagar, Jaipur, Rajasthan",8.46,7.2,7,3,10809,197.69
Malviya Nagar,"Plot No. 338, Malviya Nagar, Jaipur, Rajasthan",27.66,6.2,7,4,6787,274.05
Vidyadhar Nagar,"Plot No. 123, Vidyadhar Nagar, Jaipur, Rajasthan",8.05,6.7,7,3,9261,177.62
Mansarovar,"Plot No. 193, Mansarovar, Jaipur, Rajasthan",11.86,4.7,7,3,5609,196.77
Mansarovar,"Plot No. 447, Mansarovar, Jaipur, Rajasthan",11.06,6.3,7,6,6532,191.49
Pratap Nagar,"Plot No. 99, Pratap Nagar, Jaipur, Rajasthan",6.4,5.9,8,4,7636,173.8
Tonk Road,"Plot No. 291, Tonk Road, Jaipur, Rajasthan",9.8,6.0,7,4,7559,181.05
Mansarovar,"Plot No. 159, Mansarovar, Jaipur, Rajasthan",11.39,7.9,7,4,9782,203.23
Jhotwara,"Plot No. 412, Jhotwara, Jaipur, Rajasthan",7.19,7.1,7,5,7667,178.9
Pratap Nagar,"Plot No. 103, Pratap Nagar, Jaipur, Rajasthan",6.12,4.5,6,3,9001,158.53
Raja Park,"Plot No. 385, Raja Park, Jaipur, Rajasthan",21.23,6.7,7,4,11339,262.17
Pratap Nagar,"Plot No. 281, Pratap Nagar, Jaipur, Rajasthan",4.67,7.6,7,3,5919,145.02
Ajmer Road,"Plot No. 43, Ajmer Road, Jaipur, Rajasthan",12.56,6.0,7,5,10082,216.81
Vidyadhar Nagar,"Plot No. 486, Vidyadhar Nagar, Jaipur, Rajasthan",6.14,7.3,6,3,5259,145.49
Ajmer Road,"Plot No. 84, Ajmer Road, Jaipur, Rajasthan",12.06,4.4,5,3,8988,181.69
Vidyadhar Nagar,"Plot No. 451, Vidyadhar Nagar, Jaipur, Rajasthan",6.1,5.3,7,2,8046,173.56
Jhotwara,"Plot No. 191, Jhotwara, Jaipur, Rajasthan",6.14,5.9,7,2,5773,166.02
Kalwar Road,"Plot No. 51, Kalwar Road, Jaipur, Rajasthan",7.93,5.2,4,2,7329,137.64
Civil Lines,"Plot No. 386, Civil Lines, Jaipur, Rajasthan",24.4,5.9,6,4,5979,240.55
Tonk Road,"Plot No. 210, Tonk Road, Jaipur, Rajasthan",11.79,6.1,7,6,5831,178.78
Nirman Nagar,"Plot No. 126, Nirman Nagar, Jaipur, Rajasthan",10.17,6.3,5,2,7874,167.76
Sangeener,"Plot No. 492, Sangeener, Jaipur, Rajasthan",5.56,6.0,7,4,6006,161.73
Vidyadhar Nagar,"Plot No. 448, Vidyadhar Nagar, Jaipur, Rajasthan",7.0,4.9,8,3,7178,182.0
Raja Park,"Plot No. 458, Raja Park, Jaipur, Rajasthan",21.5,6.8,7,4,7731,246.53
Vidyadhar Nagar,"Plot No. 69, Vidyadhar Nagar, Jaipur, Rajasthan",5.87,5.7,6,4,5760,146.57
Pratap Nagar,"Plot No. 265, Pratap Nagar, Jaipur, Rajasthan",5.41,5.6,7,6,5838,164.48
Jagatpura,"Plot No. 258, Jagatpura, Jaipur, Rajasthan",10.44,6.2,7,4,1361,148.87
Malviya Nagar,"Plot No. 418, Malviya Nagar, Jaipur, Rajasthan",25.09,6.6,8,4,7730,262.8
Ajmer Road,"Plot No. 188, Ajmer Road, Jaipur, Rajasthan",9.56,4.6,7,6,6994,189.81
Mansarovar,"Plot No. 230, Mansarovar, Jaipur, Rajasthan",15.07,5.0,8,6,7983,232.6
Jhotwara,"Plot No. 189, Jhotwara, Jaipur, Rajasthan",4.51,7.7,7,6,6356,150.3
Sangeener,"Plot No. 415, Sangeener, Jaipur, Rajasthan",4.71,6.0,7,4,7341,168.59
Tonk Road,"Plot No. 10, Tonk Road, Jaipur, Rajasthan",14.38,6.7,7,2,8510,214.11
Civil Lines,"Plot No. 114, Civil Lines, Jaipur, Rajasthan",22.67,5.4,9,5,6600,276.37
Pratap Nagar,"Plot No. 76, Pratap Nagar, Jaipur, Rajasthan",5.01,5.7,7,2,9445,172.37
Ajmer Road,"Plot No. 164, Ajmer Road, Jaipur, Rajasthan",9.29,6.1,6,3,6010,156.52
Pratap Nagar,"Plot No. 85, Pratap Nagar, Jaipur, Rajasthan",8.18,6.7,6,3,6371,156.96
Jagatpura,"Plot No. 49, Jagatpura, Jaipur, Rajasthan",11.12,4.7,8,3,8384,218.86
Nirman Nagar,"Plot No. 495, Nirman Nagar, Jaipur, Rajasthan",12.86,8.0,6,4,5328,170.78
Ajmer Road,"Plot No. 326, Ajmer Road, Jaipur, Rajasthan",15.44,6.4,8,5,5139,220.35
Tonk Road,"Plot No. 496, Tonk Road, Jaipur, Rajasthan",11.11,4.4,8,3,13399,240.66
Vidyadhar Nagar,"Plot No. 177, Vidyadhar Nagar, Jaipur, Rajasthan",6.02,7.1,7,3,6162,156.9
Pratap Nagar,"Plot No. 387, Pratap Nagar, Jaipur, Rajasthan",8.12,4.5,7,4,5994,172.03
Sangeener,"Plot No. 458, Sangeener, Jaipur, Rajasthan",7.26,5.6,8,3,6345,181.32
Malviya Nagar,"Plot No. 389, Malviya Nagar, Jaipur, Rajasthan",19.85,9.0,6,3,7934,221.77
Civil Lines,"Plot No. 494, Civil Lines, Jaipur, Rajasthan",17.53,7.0,5,3,9127,195.81
Raja Park,"Plot No. 218, Raja Park, Jaipur, Rajasthan",25.24,5.3,5,4,6293,238.34
Pratap Nagar,"Plot No. 189, Pratap Nagar, Jaipur, Rajasthan",8.78,6.3,6,2,9329,178.28
Tonk Road,"Plot No. 469, Tonk Road, Jaipur, Rajasthan",14.57,5.4,8,3,6505,223.98
Raja Park,"Plot No. 493, Raja Park, Jaipur, Rajasthan",18.9,5.9,7,3,5573,221.37
Pratap Nagar,"Plot No. 346, Pratap Nagar, Jaipur, Rajasthan",8.82,7.4,6,3,9477,174.24
Jhotwara,"Plot No. 230, Jhotwara, Jaipur, Rajasthan",4.66,6.2,6,3,7541,149.11
Raja Park,"Plot No. 255, Raja Park, Jaipur, Rajasthan",17.6,7.1,5,3,10318,217.01
Jhotwara,"Plot No. 236, Jhotwara, Jaipur, Rajasthan",5.67,5.8,6,4,11251,168.29
Sangeener,"Plot No. 26, Sangeener, Jaipur, Rajasthan",5.07,6.8,7,5,10481,184.67
Raja Park,"Plot No. 72, Raja Park, Jaipur, Rajasthan",18.8,5.5,8,3,6229,233.45
Jagatpura,"Plot No. 261, Jagatpura, Jaipur, Rajasthan",13.03,6.6,7,6,9893,220.23
Malviya Nagar,"Plot No. 254, Malviya Nagar, Jaipur, Rajasthan",25.41,4.8,8,5,7621,281.49
Vidyadhar Nagar,"Plot No. 271, Vidyadhar Nagar, Jaipur, Rajasthan",6.88,5.4,6,4,10187,178.21
C-Scheme,"Plot No. 123, C-Scheme, Jaipur, Rajasthan",23.03,6.0,8,4,5519,249.49
Kalwar Road,"Plot No. 144, Kalwar Road, Jaipur, Rajasthan",5.3,5.5,9,3,7781,190.83
Ajmer Road,"Plot No. 257, Ajmer Road, Jaipur, Rajasthan",10.76,5.6,7,3,6566,191.84
Kalwar Road,"Plot No. 144, Kalwar Road, Jaipur, Rajasthan",8.15,6.2,7,4,8207,180.74
Sangeener,"Plot No. 421, Sangeener, Jaipur, Rajasthan",7.14,5.2,8,5,10150,202.99
Kalwar Road,"Plot No. 259, Kalwar Road, Jaipur, Rajasthan",7.19,6.5,5,2,8813,159.64
Tonk Road,"Plot No. 436, Tonk Road, Jaipur, Rajasthan",13.39,5.9,6,3,4397,174.67
Jhotwara,"Plot No. 47, Jhotwara, Jaipur, Rajasthan",6.21,6.7,7,4,7202,165.49
Tonk Road,"Plot No. 351, Tonk Road, Jaipur, Rajasthan",12.68,6.7,7,6,8394,195.74
Vidyadhar Nagar,"Plot No. 13, Vidyadhar Nagar, Jaipur, Rajasthan",8.85,4.5,6,2,8749,171.37
Vaishali Nagar,"Plot No. 376, Vaishali Nagar, Jaipur, Rajasthan",22.71,5.4,8,6,9490,277.46
Tonk Road,"Plot No. 208, Tonk Road, Jaipur, Rajasthan",12.03,4.2,8,5,6697,212.74
C-Scheme,"Plot No. 311, C-Scheme, Jaipur, Rajasthan",26.27,6.7,9,3,9464,286.57
Jhotwara,"Plot No. 235, Jhotwara, Jaipur, Rajasthan",6.7,5.0,7,2,9862,190.36
Vidyadhar Nagar,"Plot No. 149, Vidyadhar Nagar, Jaipur, Rajasthan",7.4,4.9,8,4,8887,184.11
Civil Lines,"Plot No. 322, Civil Lines, Jaipur, Rajasthan",27.1,7.1,5,2,7443,240.81
Vidyadhar Nagar,"Plot No. 438, Vidyadhar Nagar, Jaipur, Rajasthan",7.52,5.8,8,5,8328,181.38
Sangeener,"Plot No. 155, Sangeener, Jaipur, Rajasthan",5.95,5.4,8,4,7119,186.43
Raja Park,"Plot No. 166, Raja Park, Jaipur, Rajasthan",26.91,6.1,8,4,8530,293.11
Tonk Road,"Plot No. 90, Tonk Road, Jaipur, Rajasthan",13.21,5.5,8,4,4636,201.56
Kalwar Road,"Plot No. 186, Kalwar Road, Jaipur, Rajasthan",5.95,6.6,6,4,8371,155.36
Civil Lines,"Plot No. 318, Civil Lines, Jaipur, Rajasthan",20.72,6.3,6,4,4657,210.53
Tonk Road,"Plot No. 358, Tonk Road, Jaipur, Rajasthan",10.05,4.9,8,6,7200,203.14
Jagatpura,"Plot No. 174, Jagatpura, Jaipur, Rajasthan",9.75,8.1,7,3,4041,158.32
Raja Park,"Plot No. 217, Raja Park, Jaipur, Rajasthan",17.83,5.8,7,3,4560,207.52
Pratap Nagar,"Plot No. 395, Pratap Nagar, Jaipur, Rajasthan",8.01,4.2,7,4,9019,190.99
Jagatpura,"Plot No. 456, Jagatpura, Jaipur, Rajasthan",9.74,5.2,7,4,6015,175.93
Jhotwara,"Plot No. 264, Jhotwara, Jaipur, Rajasthan",5.27,6.7,8,3,7800,165.89
Vaishali Nagar,"Plot No. 97, Vaishali Nagar, Jaipur, Rajasthan",20.39,5.9,7,4,4860,222.47
Vaishali Nagar,"Plot No. 117, Vaishali Nagar, Jaipur, Rajasthan",27.74,6.3,7,2,6349,269.2
Vidyadhar Nagar,"Plot No. 199, Vidyadhar Nagar, Jaipur, Rajasthan",5.8,6.3,8,5,7614,187.0
Vidyadhar Nagar,"Plot No. 320, Vidyadhar Nagar, Jaipur, Rajasthan",6.36,4.9,6,4,5803,139.93
Tonk Road,"Plot No. 486, Tonk Road, Jaipur, Rajasthan",12.61,4.7,6,4,4534,173.95
Pratap Nagar,"Plot No. 21, Pratap Nagar, Jaipur, Rajasthan",7.11,5.9,7,6,6726,166.91
Civil Lines,"Plot No. 200, Civil Lines, Jaipur, Rajasthan",21.53,4.6,6,3,5801,217.3
Pratap Nagar,"Plot No. 371, Pratap Nagar, Jaipur, Rajasthan",5.22,5.5,6,4,2858,130.85
Sangeener,"Plot No. 447, Sangeener, Jaipur, Rajasthan",6.25,5.5,8,3,9637,184.21
Civil Lines,"Plot No. 341, Civil Lines, Jaipur, Rajasthan",22.4,6.0,6,4,6495,223.67
Tonk Road,"Plot No. 448, Tonk Road, Jaipur, Rajasthan",15.38,6.3,8,4,7571,228.86
Vidyadhar Nagar,"Plot No. 248, Vidyadhar Nagar, Jaipur, Rajasthan",8.19,6.2,7,4,11464,195.54
C-Scheme,"Plot No. 276, C-Scheme, Jaipur, Rajasthan",25.23,5.8,5,4,6737,240.96
C-Scheme,"Plot No. 264, C-Scheme, Jaipur, Rajasthan",20.89,6.4,9,3,8480,263.8
Civil Lines,"Plot No. 58, Civil Lines, Jaipur, Rajasthan",25.38,4.9,7,2,6673,256.1
Ajmer Road,"Plot No. 302, Ajmer Road, Jaipur, Rajasthan",15.57,6.4,7,6,7279,206.54
Sangeener,"Plot No. 31, Sangeener, Jaipur, Rajasthan",4.86,4.3,6,3,5099,134.1
Vaishali Nagar,"Plot No. 498, Vaishali Nagar, Jaipur, Rajasthan",27.78,5.8,7,4,6552,274.85
Tonk Road,"Plot No. 249, Tonk Road, Jaipur, Rajasthan",11.83,6.3,6,3,6278,180.7
Vaishali Nagar,"Plot No. 93, Vaishali Nagar, Jaipur, Rajasthan",20.78,6.1,8,5,10548,261.0
Tonk Road,"Plot No. 496, Tonk Road, Jaipur, Rajasthan",15.02,5.2,6,2,8095,205.77
Vidyadhar Nagar,"Plot No. 265, Vidyadhar Nagar, Jaipur, Rajasthan",7.08,3.7,7,3,7194,182.72
C-Scheme,"Plot No. 271, C-Scheme, Jaipur, Rajasthan",29.79,4.3,7,3,7831,276.18
Mansarovar,"Plot No. 94, Mansarovar, Jaipur, Rajasthan",9.97,6.0,6,2,7935,170.82
Vaishali Nagar,"Plot No. 154, Vaishali Nagar, Jaipur, Rajasthan",17.12,7.1,7,4,6621,207.64
Vidyadhar Nagar,"Plot No. 394, Vidyadhar Nagar, Jaipur, Rajasthan",6.12,7.2,6,3,9337,169.66
Jagatpura,"Plot No. 285, Jagatpura, Jaipur, Rajasthan",12.43,6.2,8,4,7308,201.49
Kalwar Road,"Plot No. 80, Kalwar Road, Jaipur, Rajasthan",6.38,5.7,7,3,6562,160.05
Jagatpura,"Plot No. 292, Jagatpura, Jaipur, Rajasthan",13.68,5.5,6,2,5208,181.33
Pratap Nagar,"Plot No. 84, Pratap Nagar, Jaipur, Rajasthan",7.47,5.5,6,4,6932,161.69
Jhotwara,"Plot No. 365, Jhotwara, Jaipur, Rajasthan",5.8,4.7,6,4,3007,138.99
Pratap Nagar,"Plot No. 374, Pratap Nagar, Jaipur, Rajasthan",6.04,3.6,7,3,3155,146.51
Civil Lines,"Plot No. 37, Civil Lines, Jaipur, Rajasthan",20.98,6.2,6,4,7987,229.02
Civil Lines,"Plot No. 342, Civil Lines, Jaipur, Rajasthan",27.49,7.1,7,5,9094,285.08
Ajmer Road,"Plot No. 327, Ajmer Road, Jaipur, Rajasthan",12.81,6.8,6,3,9872,193.6
Vaishali Nagar,"Plot No. 407, Vaishali Nagar, Jaipur, Rajasthan",26.58,7.2,6,3,6377,240.63
Jhotwara,"Plot No. 425, Jhotwara, Jaipur, Rajasthan",4.75,4.4,7,4,4870,153.76
Ajmer Road,"Plot No. 232, Ajmer Road, Jaipur, Rajasthan",10.55,4.8,8,4,8173,210.73
Malviya Nagar,"Plot No. 93, Malviya Nagar, Jaipur, Rajasthan",27.52,5.9,7,5,6289,261.99
Sangeener,"Plot No. 336, Sangeener, Jaipur, Rajasthan",6.37,5.9,9,6,7416,186.07
Jhotwara,"Plot No. 102, Jhotwara, Jaipur, Rajasthan",8.14,5.1,7,2,5916,175.58
Mansarovar,"Plot No. 412, Mansarovar, Jaipur, Rajasthan",13.69,7.3,6,2,5851,184.43
Kalwar Road,"Plot No. 432, Kalwar Road, Jaipur, Rajasthan",8.24,4.5,6,3,3811,156.38
Vidyadhar Nagar,"Plot No. 166, Vidyadhar Nagar, Jaipur, Rajasthan",5.56,8.0,6,4,6020,148.67
Malviya Nagar,"Plot No. 159, Malviya Nagar, Jaipur, Rajasthan",19.59,5.6,5,4,4926,189.37
Tonk Road,"Plot No. 14, Tonk Road, Jaipur, Rajasthan",14.08,6.8,9,3,12221,258.14
Raja Park,"Plot No. 373, Raja Park, Jaipur, Rajasthan",21.74,5.1,7,4,4446,221.44
Pratap Nagar,"Plot No. 225, Pratap Nagar, Jaipur, Rajasthan",7.17,6.9,8,5,6314,183.91
Nirman Nagar,"Plot No. 73, Nirman Nagar, Jaipur, Rajasthan",15.69,8.2,8,5,10235,240.59
Mansarovar,"Plot No. 249, Mansarovar, Jaipur, Rajasthan",13.32,6.7,8,4,7053,211.55
Nirman Nagar,"Plot No. 91, Nirman Nagar, Jaipur, Rajasthan",11.65,5.1,7,3,9346,206.84
Civil Lines,"Plot No. 216, Civil Lines, Jaipur, Rajasthan",16.73,5.4,8,4,5310,211.84
Vidyadhar Nagar,"Plot No. 461, Vidyadhar Nagar, Jaipur, Rajasthan",5.32,6.0,4,3,11117,135.92
Malviya Nagar,"Plot No. 90, Malviya Nagar, Jaipur, Rajasthan",25.22,4.9,7,4,11853,278.58
Sangeener,"Plot No. 29, Sangeener, Jaipur, Rajasthan",7.35,7.3,6,2,5405,154.78
Jhotwara,"Plot No. 435, Jhotwara, Jaipur, Rajasthan",8.45,6.3,7,2,5426,166.56
Sangeener,"Plot No. 305, Sangeener, Jaipur, Rajasthan",6.48,7.4,6,3,9284,157.89
Sangeener,"Plot No. 427, Sangeener, Jaipur, Rajasthan",7.91,5.3,6,2,6943,168.42
Ajmer Road,"Plot No. 476, Ajmer Road, Jaipur, Rajasthan",12.14,6.8,8,4,4578,186.53
Ajmer Road,"Plot No. 220, Ajmer Road, Jaipur, Rajasthan",13.93,6.3,8,3,6783,218.64
C-Scheme,"Plot No. 328, C-Scheme, Jaipur, Rajasthan",16.53,7.7,9,3,6981,234.76
Mansarovar,"Plot No. 215, Mansarovar, Jaipur, Rajasthan",10.3,5.1,7,4,6505,182.58
Mansarovar,"Plot No. 221, Mansarovar, Jaipur, Rajasthan",12.73,4.3,7,5,7967,198.94
Nirman Nagar,"Plot No. 389, Nirman Nagar, Jaipur, Rajasthan",10.55,6.1,6,2,5474,173.86
Ajmer Road,"Plot No. 42, Ajmer Road, Jaipur, Rajasthan",15.72,6.0,9,4,7684,229.65
Mansarovar,"Plot No. 135, Mansarovar, Jaipur, Rajasthan",11.69,5.3,8,5,7650,200.3
Tonk Road,"Plot No. 42, Tonk Road, Jaipur, Rajasthan",15.28,6.3,6,2,11200,219.61
Vidyadhar Nagar,"Plot No. 164, Vidyadhar Nagar, Jaipur, Rajasthan",5.46,4.5,8,3,7951,187.22
Nirman Nagar,"Plot No. 361, Nirman Nagar, Jaipur, Rajasthan",10.31,8.2,6,3,6707,159.63
Nirman Nagar,"Plot No. 283, Nirman Nagar, Jaipur, Rajasthan",13.26,5.4,7,3,4642,192.43
Jagatpura,"Plot No. 58, Jagatpura, Jaipur, Rajasthan",14.38,5.6,6,3,9367,209.31
Jagatpura,"Plot No. 302, Jagatpura, Jaipur, Rajasthan",12.91,6.2,6,4,6690,184.75
Jhotwara,"Plot No. 322, Jhotwara, Jaipur, Rajasthan",6.95,7.1,8,5,10682,196.85
Pratap Nagar,"Plot No. 25, Pratap Nagar, Jaipur, Rajasthan",6.06,7.2,6,3,6427,143.84
Nirman Nagar,"Plot No. 73, Nirman Nagar, Jaipur, Rajasthan",13.27,3.9,8,5,7385,212.8
Pratap Nagar,"Plot No. 373, Pratap Nagar, Jaipur, Rajasthan",6.82,6.0,7,4,6412,168.28
Tonk Road,"Plot No. 411, Tonk Road, Jaipur, Rajasthan",11.37,4.7,7,5,6389,179.78
Pratap Nagar,"Plot No. 129, Pratap Nagar, Jaipur, Rajasthan",8.83,5.7,8,4,8668,199.87
Vidyadhar Nagar,"Plot No. 87, Vidyadhar Nagar, Jaipur, Rajasthan",4.83,6.0,8,4,5934,160.43
Jagatpura,"Plot No. 330, Jagatpura, Jaipur, Rajasthan",9.88,6.0,6,4,6535,167.43
Jagatpura,"Plot No. 426, Jagatpura, Jaipur, Rajasthan",9.43,5.7,8,6,6467,191.23
Vaishali Nagar,"Plot No. 436, Vaishali Nagar, Jaipur, Rajasthan",20.11,5.8,8,5,8876,260.92
Sangeener,"Plot No. 153, Sangeener, Jaipur, Rajasthan",7.48,5.9,7,6,8812,181.7
C-Scheme,"Plot No. 182, C-Scheme, Jaipur, Rajasthan",26.71,5.9,6,3,7051,246.16
Ajmer Road,"Plot No. 125, Ajmer Road, Jaipur, Rajasthan",11.03,6.4,8,3,3875,175.31
Ajmer Road,"Plot No. 67, Ajmer Road, Jaipur, Rajasthan",14.2,5.4,7,2,6219,202.69
Ajmer Road,"Plot No. 6, Ajmer Road, Jaipur, Rajasthan",10.51,6.0,7,3,2949,166.09
Sangeener,"Plot No. 125, Sangeener, Jaipur, Rajasthan",7.28,5.2,7,3,7018,174.67
Mansarovar,"Plot No. 314, Mansarovar, Jaipur, Rajasthan",14.69,6.5,6,4,9276,203.33
Kalwar Road,"Plot No. 326, Kalwar Road, Jaipur, Rajasthan",6.58,7.1,6,4,5067,149.77
Kalwar Road,"Plot No. 53, Kalwar Road, Jaipur, Rajasthan",8.43,3.8,7,6,7034,187.34
Pratap Nagar,"Plot No. 66, Pratap Nagar, Jaipur, Rajasthan",7.49,7.0,7,4,8170,166.1
Ajmer Road,"Plot No. 314, Ajmer Road, Jaipur, Rajasthan",10.46,5.4,7,6,8007,196.02
Pratap Nagar,"Plot No. 82, Pratap Nagar, Jaipur, Rajasthan",7.41,5.8,7,4,9052,171.83
Tonk Road,"Plot No. 87, Tonk Road, Jaipur, Rajasthan",12.35,6.9,8,3,9992,218.79
Mansarovar,"Plot No. 2, Mansarovar, Jaipur, Rajasthan",15.14,6.5,9,5,8147,235.89
Kalwar Road,"Plot No. 204, Kalwar Road, Jaipur, Rajasthan",6.84,6.1,7,6,6622,169.72
Mansarovar,"Plot No. 150, Mansarovar, Jaipur, Rajasthan",15.43,5.3,7,6,8609,215.21
C-Scheme,"Plot No. 293, C-Scheme, Jaipur, Rajasthan",19.49,3.4,7,2,8138,244.56
C-Scheme,"Plot No. 404, C-Scheme, Jaipur, Rajasthan",26.06,5.6,5,3,9235,244.72
Vidyadhar Nagar,"Plot No. 103, Vidyadhar Nagar, Jaipur, Rajasthan",8.02,6.3,6,2,7393,159.86
Jhotwara,"Plot No. 24, Jhotwara, Jaipur, Rajasthan",8.65,8.0,6,3,9732,169.64
Raja Park,"Plot No. 368, Raja Park, Jaipur, Rajasthan",16.7,6.0,8,3,6853,230.1
Jhotwara,"Plot No. 212, Jhotwara, Jaipur, Rajasthan",4.71,7.1,8,3,5561,152.29
Jagatpura,"Plot No. 65, Jagatpura, Jaipur, Rajasthan",15.42,5.4,7,3,7599,210.17
Jagatpura,"Plot No. 449, Jagatpura, Jaipur, Rajasthan",14.09,6.4,7,3,5500,189.87
C-Scheme,"Plot No. 209, C-Scheme, Jaipur, Rajasthan",17.66,5.7,7,3,6307,211.34
Pratap Nagar,"Plot No. 251, Pratap Nagar, Jaipur, Rajasthan",8.01,4.4,7,4,9424,179.19
Mansarovar,"Plot No. 385, Mansarovar, Jaipur, Rajasthan",13.59,8.4,7,6,4807,179.47
Mansarovar,"Plot No. 117, Mansarovar, Jaipur, Rajasthan",13.47,6.3,6,4,7021,186.24
Jagatpura,"Plot No. 116, Jagatpura, Jaipur, Rajasthan",10.7,6.6,7,4,6105,181.06
C-Scheme,"Plot No. 237, C-Scheme, Jaipur, Rajasthan",25.53,4.4,8,4,8141,273.04
Jagatpura,"Plot No. 478, Jagatpura, Jaipur, Rajasthan",13.71,6.2,7,3,9302,215.02
Pratap Nagar,"Plot No. 105, Pratap Nagar, Jaipur, Rajasthan",7.09,5.9,6,4,10810,172.95
Kalwar Road,"Plot No. 495, Kalwar Road, Jaipur, Rajasthan",6.42,5.8,8,4,7099,175.96
Vaishali Nagar,"Plot No. 259, Vaishali Nagar, Jaipur, Rajasthan",24.72,4.8,6,4,7829,253.25
Civil Lines,"Plot No. 46, Civil Lines, Jaipur, Rajasthan",16.09,5.7,7,2,9166,224.55
Ajmer Road,"Plot No. 311, Ajmer Road, Jaipur, Rajasthan",9.46,6.3,8,4,7883,205.44
Vidyadhar Nagar,"Plot No. 331, Vidyadhar Nagar, Jaipur, Rajasthan",7.07,5.4,7,4,6264,163.34
Jhotwara,"Plot No. 216, Jhotwara, Jaipur, Rajasthan",4.74,6.7,7,4,9240,174.46
Vaishali Nagar,"Plot No. 470, Vaishali Nagar, Jaipur, Rajasthan",26.3,7.4,8,5,8687,284.34
Malviya Nagar,"Plot No. 448, Malviya Nagar, Jaipur, Rajasthan",27.74,6.0,9,4,8237,306.14
Tonk Road,"Plot No. 492, Tonk Road, Jaipur, Rajasthan",12.47,6.3,7,3,7080,203.94
Vaishali Nagar,"Plot No. 301, Vaishali Nagar, Jaipur, Rajasthan",28.17,6.2,9,3,6703,282.58
Vidyadhar Nagar,"Plot No. 410, Vidyadhar Nagar, Jaipur, Rajasthan",7.05,5.5,6,2,8407,156.39
Sangeener,"Plot No. 333, Sangeener, Jaipur, Rajasthan",7.15,6.2,6,4,7279,161.9
Kalwar Road,"Plot No. 449, Kalwar Road, Jaipur, Rajasthan",7.09,6.8,9,3,4866,178.97
Raja Park,"Plot No. 24, Raja Park, Jaipur, Rajasthan",21.6,6.7,8,5,3937,240.7
Ajmer Road,"Plot No. 458, Ajmer Road, Jaipur, Rajasthan",11.69,4.8,8,4,9603,208.17
Sangeener,"Plot No. 35, Sangeener, Jaipur, Rajasthan",6.3,5.0,7,4,5409,164.92
Tonk Road,"Plot No. 24, Tonk Road, Jaipur, Rajasthan",10.04,6.4,9,5,6155,195.07
Pratap Nagar,"Plot No. 28, Pratap Nagar, Jaipur, Rajasthan",8.51,5.9,8,6,6497,181.29
Tonk Road,"Plot No. 484, Tonk Road, Jaipur, Rajasthan",10.61,5.2,6,2,6554,182.28
Jagatpura,"Plot No. 464, Jagatpura, Jaipur, Rajasthan",15.37,6.3,6,4,6678,185.75
Kalwar Road,"Plot No. 488, Kalwar Road, Jaipur, Rajasthan",5.01,7.4,7,4,7111,154.48
Tonk Road,"Plot No. 16, Tonk Road, Jaipur, Rajasthan",11.18,6.2,8,6,11920,216.65
Civil Lines,"Plot No. 59, Civil Lines, Jaipur, Rajasthan",20.03,6.8,8,3,7509,251.56
Vaishali Nagar,"Plot No. 465, Vaishali Nagar, Jaipur, Rajasthan",26.76,5.6,6,4,7008,256.15
Sangeener,"Plot No. 243, Sangeener, Jaipur, Rajasthan",6.49,5.3,7,3,6954,172.98
Sangeener,"Plot No. 438, Sangeener, Jaipur, Rajasthan",8.23,6.8,9,4,9743,211.56
Civil Lines,"Plot No. 207, Civil Lines, Jaipur, Rajasthan",24.12,6.4,6,4,7200,236.33
Jagatpura,"Plot No. 400, Jagatpura, Jaipur, Rajasthan",15.1,5.9,6,2,5348,177.42
Raja Park,"Plot No. 271, Raja Park, Jaipur, Rajasthan",19.66,6.7,7,4,7805,227.9
Malviya Nagar,"Plot No. 249, Malviya Nagar, Jaipur, Rajasthan",22.95,6.9,8,6,5855,250.38
Jhotwara,"Plot No. 482, Jhotwara, Jaipur, Rajasthan",7.63,5.2,8,6,2666,166.44
Sangeener,"Plot No. 267, Sangeener, Jaipur, Rajasthan",6.64,4.9,7,2,6208,159.14
Pratap Nagar,"Plot No. 193, Pratap Nagar, Jaipur, Rajasthan",8.68,5.5,8,5,5523,174.81
Pratap Nagar,"Plot No. 335, Pratap Nagar, Jaipur, Rajasthan",7.64,6.4,7,4,6437,162.29
Vidyadhar Nagar,"Plot No. 218, Vidyadhar Nagar, Jaipur, Rajasthan",4.95,7.1,7,4,9302,165.7
Nirman Nagar,"Plot No. 115, Nirman Nagar, Jaipur, Rajasthan",10.94,7.7,8,5,5528,182.57
Nirman Nagar,"Plot No. 68, Nirman Nagar, Jaipur, Rajasthan",9.51,7.6,7,6,6370,168.23
Jhotwara,"Plot No. 299, Jhotwara, Jaipur, Rajasthan",8.57,5.6,9,5,8898,201.1
Raja Park,"Plot No. 325, Raja Park, Jaipur, Rajasthan",26.0,7.8,8,6,7952,280.99
Tonk Road,"Plot No. 483, Tonk Road, Jaipur, Rajasthan",9.59,5.9,7,2,10722,194.19
Vaishali Nagar,"Plot No. 397, Vaishali Nagar, Jaipur, Rajasthan",19.91,6.2,8,4,8631,256.86
Ajmer Road,"Plot No. 394, Ajmer Road, Jaipur, Rajasthan",10.92,6.5,10,6,8840,230.63
Jagatpura,"Plot No. 75, Jagatpura, Jaipur, Rajasthan",10.4,5.9,6,2,8711,184.27
Jagatpura,"Plot No. 466, Jagatpura, Jaipur, Rajasthan",10.94,5.3,7,4,10135,195.75
Civil Lines,"Plot No. 482, Civil Lines, Jaipur, Rajasthan",18.8,6.9,8,5,7893,242.03
Raja Park,"Plot No. 103, Raja Park, Jaipur, Rajasthan",29.87,6.3,6,2,8481,269.13
Vidyadhar Nagar,"Plot No. 297, Vidyadhar Nagar, Jaipur, Rajasthan",8.02,5.3,7,3,5154,157.22
Malviya Nagar,"Plot No. 490, Malviya Nagar, Jaipur, Rajasthan",26.48,5.7,6,2,5178,249.61
Ajmer Road,"Plot No. 178, Ajmer Road, Jaipur, Rajasthan",10.3,5.9,7,2,5620,179.76
Civil Lines,"Plot No. 215, Civil Lines, Jaipur, Rajasthan",29.56,7.6,9,5,4877,282.71
C-Scheme,"Plot No. 455, C-Scheme, Jaipur, Rajasthan",24.03,4.9,7,4,6287,246.82
Jagatpura,"Plot No. 315, Jagatpura, Jaipur, Rajasthan",13.04,6.8,6,3,4566,169.36
Pratap Nagar,"Plot No. 39, Pratap Nagar, Jaipur, Rajasthan",5.7,8.3,6,3,9431,163.08
Kalwar Road,"Plot No. 259, Kalwar Road, Jaipur, Rajasthan",7.17,5.8,7,6,6606,169.89
Jhotwara,"Plot No. 204, Jhotwara, Jaipur, Rajasthan",6.76,5.9,6,4,8570,153.84
Malviya Nagar,"Plot No. 7, Malviya Nagar, Jaipur, Rajasthan",22.63,5.5,7,5,6884,237.75
Sangeener,"Plot No. 49, Sangeener, Jaipur, Rajasthan",7.75,5.2,7,2,8311,179.52
Tonk Road,"Plot No. 26, Tonk Road, Jaipur, Rajasthan",13.5,5.7,6,3,5211,178.21
Kalwar Road,"Plot No. 161, Kalwar Road, Jaipur, Rajasthan",8.74,4.9,8,6,5233,182.1
Jagatpura,"Plot No. 357, Jagatpura, Jaipur, Rajasthan",11.01,5.6,6,2,6073,176.11
Kalwar Road,"Plot No. 176, Kalwar Road, Jaipur, Rajasthan",5.99,6.4,6,2,7636,157.97
Jhotwara,"Plot No. 79, Jhotwara, Jaipur, Rajasthan",5.35,5.5,7,5,6932,158.55
Pratap Nagar,"Plot No. 2, Pratap Nagar, Jaipur, Rajasthan",5.3,5.6,6,2,9467,168.93
Sangeener,"Plot No. 489, Sangeener, Jaipur, Rajasthan",5.91,5.6,7,3,8462,162.54
Nirman Nagar,"Plot No. 383, Nirman Nagar, Jaipur, Rajasthan",15.51,6.0,6,4,5597,192.12
Pratap Nagar,"Plot No. 455, Pratap Nagar, Jaipur, Rajasthan",4.91,6.8,7,5,7814,170.43
Raja Park,"Plot No. 416, Raja Park, Jaipur, Rajasthan",26.56,5.5,8,5,6240,272.42
Mansarovar,"Plot No. 132, Mansarovar, Jaipur, Rajasthan",11.25,5.7,7,4,5306,180.08
Jagatpura,"Plot No. 276, Jagatpura, Jaipur, Rajasthan",14.39,5.6,6,3,3492,167.81
Jagatpura,"Plot No. 498, Jagatpura, Jaipur, Rajasthan",10.7,6.1,6,4,8168,186.25
Malviya Nagar,"Plot No. 117, Malviya Nagar, Jaipur, Rajasthan",29.27,4.3,8,3,11913,312.09
Jagatpura,"Plot No. 164, Jagatpura, Jaipur, Rajasthan",11.23,5.7,7,3,8536,201.06
Kalwar Road,"Plot No. 288, Kalwar Road, Jaipur, Rajasthan",5.27,5.5,7,3,6682,153.41
Civil Lines,"Plot No. 28, Civil Lines, Jaipur, Rajasthan",20.26,7.3,8,4,4977,223.02
Nirman Nagar,"Plot No. 333, Nirman Nagar, Jaipur, Rajasthan",13.06,6.7,9,3,10097,232.23
Civil Lines,"Plot No. 1, Civil Lines, Jaipur, Rajasthan",16.29,6.2,6,4,7031,196.68
C-Scheme,"Plot No. 188, C-Scheme, Jaipur, Rajasthan",23.31,6.3,8,5,4227,252.04
Jhotwara,"Plot No. 56, Jhotwara, Jaipur, Rajasthan",8.55,5.6,8,6,6006,190.96
Ajmer Road,"Plot No. 35, Ajmer Road, Jaipur, Rajasthan",12.95,6.8,8,6,10938,228.33
C-Scheme,"Plot No. 112, C-Scheme, Jaipur, Rajasthan",24.11,5.6,6,4,6013,224.77
Tonk Road,"Plot No. 286, Tonk Road, Jaipur, Rajasthan",10.73,6.2,6,2,8782,177.68
Raja Park,"Plot No. 310, Raja Park, Jaipur, Rajasthan",25.62,4.9,7,4,4712,250.97
Kalwar Road,"Plot No. 36, Kalwar Road, Jaipur, Rajasthan",8.11,7.1,8,4,10264,192.63
Kalwar Road,"Plot No. 439, Kalwar Road, Jaipur, Rajasthan",8.52,5.2,6,2,8531,176.76
Pratap Nagar,"Plot No. 217, Pratap Nagar, Jaipur, Rajasthan",5.27,5.6,6,3,9498,151.63
Kalwar Road,"Plot No. 80, Kalwar Road, Jaipur, Rajasthan",8.43,5.7,8,4,8158,197.35
Jhotwara,"Plot No. 314, Jhotwara, Jaipur, Rajasthan",5.03,7.3,7,3,7378,165.97
Ajmer Road,"Plot No. 83, Ajmer Road, Jaipur, Rajasthan",15.39,5.6,6,2,11325,218.48
Pratap Nagar,"Plot No. 65, Pratap Nagar, Jaipur, Rajasthan",8.06,4.7,8,3,7895,198.69
Raja Park,"Plot No. 325, Raja Park, Jaipur, Rajasthan",27.02,5.6,6,2,7327,260.56
Malviya Nagar,"Plot No. 128, Malviya Nagar, Jaipur, Rajasthan",24.68,7.3,7,6,10422,272.05
Vidyadhar Nagar,"Plot No. 307, Vidyadhar Nagar, Jaipur, Rajasthan",4.96,7.1,7,3,9433,168.23
Pratap Nagar,"Plot No. 22, Pratap Nagar, Jaipur, Rajasthan",6.8,5.6,5,3,12836,168.86
Jagatpura,"Plot No. 216, Jagatpura, Jaipur, Rajasthan",10.66,8.7,6,3,7429,179.48
Jagatpura,"Plot No. 107, Jagatpura, Jaipur, Rajasthan",10.53,5.9,8,4,5465,192.99
Sangeener,"Plot No. 109, Sangeener, Jaipur, Rajasthan",8.86,5.6,8,4,5281,187.49
Nirman Nagar,"Plot No. 372, Nirman Nagar, Jaipur, Rajasthan",15.61,5.3,6,2,5726,193.65
Kalwar Road,"Plot No. 357, Kalwar Road, Jaipur, Rajasthan",5.43,6.5,5,3,7417,131.84
Nirman Nagar,"Plot No. 181, Nirman Nagar, Jaipur, Rajasthan",15.1,4.7,8,6,5612,224.08
C-Scheme,"Plot No. 356, C-Scheme, Jaipur, Rajasthan",21.98,6.0,6,2,8829,231.3
Civil Lines,"Plot No. 164, Civil Lines, Jaipur, Rajasthan",17.89,6.2,6,2,9286,228.23
Nirman Nagar,"Plot No. 68, Nirman Nagar, Jaipur, Rajasthan",13.34,7.4,6,3,8399,186.09
Sangeener,"Plot No. 292, Sangeener, Jaipur, Rajasthan",7.89,7.5,7,4,6977,167.98
Jhotwara,"Plot No. 180, Jhotwara, Jaipur, Rajasthan",5.1,6.2,7,6,6236,154.16
Ajmer Road,"Plot No. 181, Ajmer Road, Jaipur, Rajasthan",9.27,5.4,8,6,8742,209.53
Sangeener,"Plot No. 466, Sangeener, Jaipur, Rajasthan",7.59,5.2,9,5,7313,205.96
Tonk Road,"Plot No. 434, Tonk Road, Jaipur, Rajasthan",13.65,6.8,6,4,6510,191.33
Vaishali Nagar,"Plot No. 464, Vaishali Nagar, Jaipur, Rajasthan",27.16,5.5,7,3,7410,265.7
Tonk Road,"Plot No. 169, Tonk Road, Jaipur, Rajasthan",15.02,6.3,6,2,7870,189.09
Jhotwara,"Plot No. 402, Jhotwara, Jaipur, Rajasthan",7.12,6.8,7,2,4936,161.29
Kalwar Road,"Plot No. 22, Kalwar Road, Jaipur, Rajasthan",6.75,6.0,8,5,8388,184.56
Kalwar Road,"Plot No. 66, Kalwar Road, Jaipur, Rajasthan",8.19,6.7,7,4,7488,180.84
Nirman Nagar,"Plot No. 21, Nirman Nagar, Jaipur, Rajasthan",13.65,7.6,7,4,7452,206.28
Vidyadhar Nagar,"Plot No. 100, Vidyadhar Nagar, Jaipur, Rajasthan",5.3,6.2,8,5,7889,175.38
Vaishali Nagar,"Plot No. 384, Vaishali Nagar, Jaipur, Rajasthan",27.01,6.4,5,3,6530,242.66
Kalwar Road,"Plot No. 300, Kalwar Road, Jaipur, Rajasthan",4.85,5.5,6,3,7780,157.73
C-Scheme,"Plot No. 103, C-Scheme, Jaipur, Rajasthan",28.0,6.0,6,4,6881,265.37
Kalwar Road,"Plot No. 47, Kalwar Road, Jaipur, Rajasthan",5.74,5.3,8,4,4395,164.23
Mansarovar,"Plot No. 39, Mansarovar, Jaipur, Rajasthan",10.09,6.6,6,4,7363,177.92
Jhotwara,"Plot No. 285, Jhotwara, Jaipur, Rajasthan",6.93,8.3,7,2,7688,168.15
Ajmer Road,"Plot No. 310, Ajmer Road, Jaipur, Rajasthan",14.95,6.4,7,2,5482,189.4
Kalwar Road,"Plot No. 90, Kalwar Road, Jaipur, Rajasthan",5.08,4.6,5,3,6669,128.93
Jagatpura,"Plot No. 85, Jagatpura, Jaipur, Rajasthan",14.81,4.6,6,2,8017,193.84
Kalwar Road,"Plot No. 273, Kalwar Road, Jaipur, Rajasthan",6.09,7.3,9,4,11310,201.27
Mansarovar,"Plot No. 336, Mansarovar, Jaipur, Rajasthan",15.13,6.6,8,4,5294,200.4
Raja Park,"Plot No. 188, Raja Park, Jaipur, Rajasthan",27.64,5.4,7,3,11146,296.48
Tonk Road,"Plot No. 159, Tonk Road, Jaipur, Rajasthan",14.03,6.4,7,4,9566,215.78
Nirman Nagar,"Plot No. 243, Nirman Nagar, Jaipur, Rajasthan",11.39,6.2,7,3,8058,192.33
Sangeener,"Plot No. 73, Sangeener, Jaipur, Rajasthan",6.35,6.6,7,4,5879,157.17
Vidyadhar Nagar,"Plot No. 479, Vidyadhar Nagar, Jaipur, Rajasthan",8.58,6.0,7,5,7920,180.05
Jagatpura,"Plot No. 462, Jagatpura, Jaipur, Rajasthan",14.88,3.6,8,5,4436,200.68
Sangeener,"Plot No. 49, Sangeener, Jaipur, Rajasthan",4.81,6.4,6,4,7595,143.96
Pratap Nagar,"Plot No. 101, Pratap Nagar, Jaipur, Rajasthan",5.68,6.4,7,5,7596,171.68
Pratap Nagar,"Plot No. 2, Pratap Nagar, Jaipur, Rajasthan",5.18,6.4,6,3,7736,155.82
Jhotwara,"Plot No. 244, Jhotwara, Jaipur, Rajasthan",6.85,8.1,7,3,8975,175.87
Jagatpura,"Plot No. 176, Jagatpura, Jaipur, Rajasthan",12.68,5.1,8,4,3764,192.65
Sangeener,"Plot No. 238, Sangeener, Jaipur, Rajasthan",5.8,5.8,5,4,8116,139.9
Raja Park,"Plot No. 398, Raja Park, Jaipur, Rajasthan",29.34,7.6,6,3,6899,260.35
Vaishali Nagar,"Plot No. 59, Vaishali Nagar, Jaipur, Rajasthan",24.51,5.2,6,3,7233,244.97
Kalwar Road,"Plot No. 353, Kalwar Road, Jaipur, Rajasthan",7.7,6.2,6,2,7730,167.56
Vidyadhar Nagar,"Plot No. 99, Vidyadhar Nagar, Jaipur, Rajasthan",8.67,5.1,7,4,5224,162.42
Pratap Nagar,"Plot No. 442, Pratap Nagar, Jaipur, Rajasthan",6.37,6.3,9,4,8591,203.34
Kalwar Road,"Plot No. 359, Kalwar Road, Jaipur, Rajasthan",6.01,4.1,8,5,6334,172.28
Civil Lines,"Plot No. 442, Civil Lines, Jaipur, Rajasthan",17.11,4.5,6,3,9368,219.28
Raja Park,"Plot No. 495, Raja Park, Jaipur, Rajasthan",24.17,8.2,7,3,4227,236.01
Tonk Road,"Plot No. 435, Tonk Road, Jaipur, Rajasthan",12.79,5.2,6,3,7952,190.11
Jagatpura,"Plot No. 468, Jagatpura, Jaipur, Rajasthan",10.37,6.0,6,4,3707,157.75
Vidyadhar Nagar,"Plot No. 2, Vidyadhar Nagar, Jaipur, Rajasthan",4.75,8.1,7,4,12724,175.5
Jagatpura,"Plot No. 243, Jagatpura, Jaipur, Rajasthan",15.88,7.1,8,3,6818,219.31
Jhotwara,"Plot No. 297, Jhotwara, Jaipur, Rajasthan",5.2,6.4,6,4,3044,123.19
Nirman Nagar,"Plot No. 211, Nirman Nagar, Jaipur, Rajasthan",9.31,5.0,7,4,6145,168.63
Vidyadhar Nagar,"Plot No. 123, Vidyadhar Nagar, Jaipur, Rajasthan",6.8,5.2,7,5,8016,167.75
Ajmer Road,"Plot No. 229, Ajmer Road, Jaipur, Rajasthan",11.74,5.6,7,2,8702,202.51
Vidyadhar Nagar,"Plot No. 82, Vidyadhar Nagar, Jaipur, Rajasthan",8.89,5.6,6,2,6173,156.07
Pratap Nagar,"Plot No. 144, Pratap Nagar, Jaipur, Rajasthan",7.78,5.2,7,2,5151,157.92
Jagatpura,"Plot No. 388, Jagatpura, Jaipur, Rajasthan",10.37,6.5,8,3,8436,204.26
Nirman Nagar,"Plot No. 140, Nirman Nagar, Jaipur, Rajasthan",15.35,5.9,7,2,5231,208.08
Mansarovar,"Plot No. 29, Mansarovar, Jaipur, Rajasthan",12.05,6.7,6,4,7980,190.46
Sangeener,"Plot No. 391, Sangeener, Jaipur, Rajasthan",6.77,5.7,7,6,8538,183.74
Ajmer Road,"Plot No. 270, Ajmer Road, Jaipur, Rajasthan",12.77,7.1,5,3,8429,179.45
Nirman Nagar,"Plot No. 247, Nirman Nagar, Jaipur, Rajasthan",10.77,5.8,8,4,7923,201.81
Raja Park,"Plot No. 12, Raja Park, Jaipur, Rajasthan",21.16,3.8,7,6,4557,232.25
Ajmer Road,"Plot No. 355, Ajmer Road, Jaipur, Rajasthan",15.61,5.0,6,2,7613,197.72
Sangeener,"Plot No. 389, Sangeener, Jaipur, Rajasthan",5.5,6.3,6,3,8150,146.26
Kalwar Road,"Plot No. 337, Kalwar Road, Jaipur, Rajasthan",7.41,5.5,7,6,9508,180.75
C-Scheme,"Plot No. 106, C-Scheme, Jaipur, Rajasthan",24.37,6.0,7,3,7409,250.01
Jhotwara,"Plot No. 32, Jhotwara, Jaipur, Rajasthan",4.81,5.8,6,2,5135,140.57
Nirman Nagar,"Plot No. 74, Nirman Nagar, Jaipur, Rajasthan",9.43,5.7,7,6,4514,169.31
Kalwar Road,"Plot No. 171, Kalwar Road, Jaipur, Rajasthan",7.99,4.5,7,4,6074,163.74
Mansarovar,"Plot No. 337, Mansarovar, Jaipur, Rajasthan",13.9,7.5,7,6,4206,193.67
Vidyadhar Nagar,"Plot No. 69, Vidyadhar Nagar, Jaipur, Rajasthan",5.74,5.7,7,2,8613,172.93
Ajmer Road,"Plot No. 301, Ajmer Road, Jaipur, Rajasthan",13.38,5.0,10,6,6350,232.63
Jhotwara,"Plot No. 362, Jhotwara, Jaipur, Rajasthan",4.62,6.9,6,4,7869,156.91
Jagatpura,"Plot No. 137, Jagatpura, Jaipur, Rajasthan",13.82,5.5,8,5,6967,205.87
Vidyadhar Nagar,"Plot No. 433, Vidyadhar Nagar, Jaipur, Rajasthan",7.51,7.8,8,6,4151,171.89
Mansarovar,"Plot No. 417, Mansarovar, Jaipur, Rajasthan",10.25,4.1,7,3,3854,168.61
Ajmer Road,"Plot No. 484, Ajmer Road, Jaipur, Rajasthan",15.38,5.8,8,4,9400,237.03
C-Scheme,"Plot No. 100, C-Scheme, Jaipur, Rajasthan",16.17,6.3,7,3,4322,207.39
Vaishali Nagar,"Plot No. 146, Vaishali Nagar, Jaipur, Rajasthan",16.48,5.5,6,3,10862,222.52
Mansarovar,"Plot No. 9, Mansarovar, Jaipur, Rajasthan",11.17,5.5,7,2,8373,186.68
Jagatpura,"Plot No. 62, Jagatpura, Jaipur, Rajasthan",10.87,6.3,10,4,7056,213.58
Mansarovar,"Plot No. 185, Mansarovar, Jaipur, Rajasthan",13.46,7.3,7,2,5373,186.13
Vidyadhar Nagar,"Plot No. 29, Vidyadhar Nagar, Jaipur, Rajasthan",5.53,5.0,6,3,4376,143.56
Nirman Nagar,"Plot No. 381, Nirman Nagar, Jaipur, Rajasthan",15.32,6.8,7,4,8821,212.21
Tonk Road,"Plot No. 114, Tonk Road, Jaipur, Rajasthan",11.8,6.5,6,3,7184,176.5
Vidyadhar Nagar,"Plot No. 462, Vidyadhar Nagar, Jaipur, Rajasthan",5.83,5.7,6,4,8618,165.21
Pratap Nagar,"Plot No. 409, Pratap Nagar, Jaipur, Rajasthan",6.98,7.0,7,5,8668,167.67
Nirman Nagar,"Plot No. 143, Nirman Nagar, Jaipur, Rajasthan",13.71,8.3,5,4,9633,193.46
Raja Park,"Plot No. 390, Raja Park, Jaipur, Rajasthan",29.43,5.0,8,5,7431,287.23
Ajmer Road,"Plot No. 120, Ajmer Road, Jaipur, Rajasthan",10.59,5.8,6,3,8258,171.45
Malviya Nagar,"Plot No. 170, Malviya Nagar, Jaipur, Rajasthan",20.36,5.6,6,3,8453,220.94
Vidyadhar Nagar,"Plot No. 157, Vidyadhar Nagar, Jaipur, Rajasthan",7.17,7.0,8,4,8531,196.62
Jagatpura,"Plot No. 335, Jagatpura, Jaipur, Rajasthan",15.06,6.6,8,3,6345,214.14
Jhotwara,"Plot No. 349, Jhotwara, Jaipur, Rajasthan",4.77,5.9,8,3,10713,183.74
Kalwar Road,"Plot No. 260, Kalwar Road, Jaipur, Rajasthan",5.72,5.3,7,3,9780,177.83
Raja Park,"Plot No. 82, Raja Park, Jaipur, Rajasthan",16.16,7.5,7,4,5371,205.82
Jagatpura,"Plot No. 242, Jagatpura, Jaipur, Rajasthan",9.06,5.4,8,5,6530,185.41
Vaishali Nagar,"Plot No. 441, Vaishali Nagar, Jaipur, Rajasthan",24.72,5.4,8,6,7650,274.31
Mansarovar,"Plot No. 433, Mansarovar, Jaipur, Rajasthan",13.76,6.8,7,5,4034,180.06
Sangeener,"Plot No. 172, Sangeener, Jaipur, Rajasthan",5.82,7.7,7,2,7173,153.5
Jagatpura,"Plot No. 231, Jagatpura, Jaipur, Rajasthan",12.23,5.5,8,3,7019,207.54
Sangeener,"Plot No. 208, Sangeener, Jaipur, Rajasthan",8.42,5.5,6,2,5320,148.79
Civil Lines,"Plot No. 75, Civil Lines, Jaipur, Rajasthan",25.0,5.6,6,3,10790,271.36
Kalwar Road,"Plot No. 270, Kalwar Road, Jaipur, Rajasthan",7.37,7.3,6,2,7515,149.01
Ajmer Road,"Plot No. 387, Ajmer Road, Jaipur, Rajasthan",13.35,4.7,6,2,8367,200.98
Jagatpura,"Plot No. 499, Jagatpura, Jaipur, Rajasthan",12.72,5.0,6,2,5000,171.15
Vidyadhar Nagar,"Plot No. 114, Vidyadhar Nagar, Jaipur, Rajasthan",8.88,8.0,6,2,6681,167.95
Vaishali Nagar,"Plot No. 62, Vaishali Nagar, Jaipur, Rajasthan",23.17,6.4,9,3,7417,262.9
Mansarovar,"Plot No. 362, Mansarovar, Jaipur, Rajasthan",10.19,6.9,8,6,8220,209.72
Tonk Road,"Plot No. 320, Tonk Road, Jaipur, Rajasthan",9.22,6.6,7,2,8651,178.64
Sangeener,"Plot No. 102, Sangeener, Jaipur, Rajasthan",8.49,5.1,7,4,8237,189.04
Pratap Nagar,"Plot No. 429, Pratap Nagar, Jaipur, Rajasthan",8.78,6.8,8,5,6912,187.85
C-Scheme,"Plot No. 362, C-Scheme, Jaipur, Rajasthan",28.81,8.5,7,5,8426,275.28
Pratap Nagar,"Plot No. 210, Pratap Nagar, Jaipur, Rajasthan",5.36,6.4,7,4,8347,162.47
Nirman Nagar,"Plot No. 442, Nirman Nagar, Jaipur, Rajasthan",9.76,6.1,8,3,6902,200.04
Sangeener,"Plot No. 255, Sangeener, Jaipur, Rajasthan",4.83,5.6,7,3,6108,148.32
Sangeener,"Plot No. 20, Sangeener, Jaipur, Rajasthan",5.9,5.4,7,5,7399,170.64
Pratap Nagar,"Plot No. 58, Pratap Nagar, Jaipur, Rajasthan",5.01,7.0,6,4,5031,134.62
Vidyadhar Nagar,"Plot No. 112, Vidyadhar Nagar, Jaipur, Rajasthan",8.68,5.5,8,6,9689,212.83
Nirman Nagar,"Plot No. 473, Nirman Nagar, Jaipur, Rajasthan",14.2,5.4,7,3,9820,220.39
Kalwar Road,"Plot No. 313, Kalwar Road, Jaipur, Rajasthan",7.64,5.4,6,4,8107,158.19
Pratap Nagar,"Plot No. 486, Pratap Nagar, Jaipur, Rajasthan",7.01,5.5,5,4,9379,155.68
Vidyadhar Nagar,"Plot No. 461, Vidyadhar Nagar, Jaipur, Rajasthan",4.97,6.3,7,4,9740,163.43
Kalwar Road,"Plot No. 196, Kalwar Road, Jaipur, Rajasthan",6.97,5.3,7,6,6712,163.78
Jhotwara,"Plot No. 375, Jhotwara, Jaipur, Rajasthan",7.41,7.0,9,3,8114,195.5
Jhotwara,"Plot No. 462, Jhotwara, Jaipur, Rajasthan",8.38,4.8,6,2,8819,181.18
Malviya Nagar,"Plot No. 353, Malviya Nagar, Jaipur, Rajasthan",17.21,6.3,6,4,8390,218.87
Pratap Nagar,"Plot No. 92, Pratap Nagar, Jaipur, Rajasthan",5.8,5.8,7,3,4433,140.54
C-Scheme,"Plot No. 52, C-Scheme, Jaipur, Rajasthan",17.81,8.0,8,3,5967,224.97
Malviya Nagar,"Plot No. 293, Malviya Nagar, Jaipur, Rajasthan",23.32,6.0,8,5,9067,263.74
Raja Park,"Plot No. 8, Raja Park, Jaipur, Rajasthan",24.86,6.5,8,5,10191,277.93
Raja Park,"Plot No. 300, Raja Park, Jaipur, Rajasthan",24.1,6.2,5,4,7721,220.42
Vaishali Nagar,"Plot No. 98, Vaishali Nagar, Jaipur, Rajasthan",19.63,5.5,6,4,6980,222.87
Kalwar Road,"Plot No. 236, Kalwar Road, Jaipur, Rajasthan",5.76,7.8,7,6,11088,189.4
Tonk Road,"Plot No. 389, Tonk Road, Jaipur, Rajasthan",12.95,7.1,5,4,4100,151.4
Kalwar Road,"Plot No. 374, Kalwar Road, Jaipur, Rajasthan",8.75,4.5,7,4,4149,161.83
Tonk Road,"Plot No. 69, Tonk Road, Jaipur, Rajasthan",12.27,5.9,5,4,5577,157.06
Mansarovar,"Plot No. 415, Mansarovar, Jaipur, Rajasthan",15.4,6.1,6,4,7543,208.09
Jhotwara,"Plot No. 45, Jhotwara, Jaipur, Rajasthan",6.58,5.9,6,3,9597,157.91
Kalwar Road,"Plot No. 137, Kalwar Road, Jaipur, Rajasthan",5.38,6.3,7,4,6281,158.46
Vidyadhar Nagar,"Plot No. 234, Vidyadhar Nagar, Jaipur, Rajasthan",4.57,5.0,7,2,6538,163.54
Civil Lines,"Plot No. 32, Civil Lines, Jaipur, Rajasthan",16.88,4.7,6,2,8442,206.91
Jagatpura,"Plot No. 289, Jagatpura, Jaipur, Rajasthan",12.93,5.4,8,6,8151,217.52
Sangeener,"Plot No. 126, Sangeener, Jaipur, Rajasthan",6.98,6.6,9,3,5633,175.78
Vidyadhar Nagar,"Plot No. 67, Vidyadhar Nagar, Jaipur, Rajasthan",8.65,4.9,8,5,7487,198.9
Mansarovar,"Plot No. 30, Mansarovar, Jaipur, Rajasthan",9.53,4.8,6,4,1364,137.85
C-Scheme,"Plot No. 114, C-Scheme, Jaipur, Rajasthan",22.82,6.5,6,3,4210,227.61
Raja Park,"Plot No. 204, Raja Park, Jaipur, Rajasthan",29.7,4.2,6,4,4681,265.11
Kalwar Road,"Plot No. 29, Kalwar Road, Jaipur, Rajasthan",4.69,6.5,7,4,6877,160.8
Tonk Road,"Plot No. 131, Tonk Road, Jaipur, Rajasthan",15.46,6.2,8,3,9109,231.39
Pratap Nagar,"Plot No. 474, Pratap Nagar, Jaipur, Rajasthan",5.02,5.8,7,4,7450,166.98
Vidyadhar Nagar,"Plot No. 185, Vidyadhar Nagar, Jaipur, Rajasthan",8.66,6.4,8,5,3883,165.0
Nirman Nagar,"Plot No. 253, Nirman Nagar, Jaipur, Rajasthan",14.82,5.1,7,3,8291,210.14
C-Scheme,"Plot No. 286, C-Scheme, Jaipur, Rajasthan",23.45,6.1,7,4,6789,236.89
Vaishali Nagar,"Plot No. 393, Vaishali Nagar, Jaipur, Rajasthan",24.5,6.9,5,3,6846,229.38
Malviya Nagar,"Plot No. 410, Malviya Nagar, Jaipur, Rajasthan",22.84,4.7,7,4,9807,266.73
Vidyadhar Nagar,"Plot No. 386, Vidyadhar Nagar, Jaipur, Rajasthan",6.68,7.1,5,4,4196,136.32
Nirman Nagar,"Plot No. 62, Nirman Nagar, Jaipur, Rajasthan",14.6,4.8,9,6,6501,232.12
Mansarovar,"Plot No. 3, Mansarovar, Jaipur, Rajasthan",10.56,6.7,6,3,9069,187.62
Sangeener,"Plot No. 430, Sangeener, Jaipur, Rajasthan",8.39,4.5,8,4,8707,205.97
Civil Lines,"Plot No. 68, Civil Lines, Jaipur, Rajasthan",23.58,4.4,7,6,7088,259.75
Sangeener,"Plot No. 25, Sangeener, Jaipur, Rajasthan",7.03,7.0,6,2,6343,151.78
Kalwar Road,"Plot No. 179, Kalwar Road, Jaipur, Rajasthan",8.13,7.1,8,6,8670,184.92
Jagatpura,"Plot No. 141, Jagatpura, Jaipur, Rajasthan",12.08,6.1,7,4,10250,208.41
Tonk Road,"Plot No. 231, Tonk Road, Jaipur, Rajasthan",9.48,5.1,7,6,8404,190.0
Jagatpura,"Plot No. 300, Jagatpura, Jaipur, Rajasthan",12.35,6.2,7,6,4203,182.63
Malviya Nagar,"Plot No. 163, Malviya Nagar, Jaipur, Rajasthan",16.34,7.3,7,6,8653,229.53
Ajmer Road,"Plot No. 311, Ajmer Road, Jaipur, Rajasthan",10.81,5.8,6,3,7240,184.74
Mansarovar,"Plot No. 471, Mansarovar, Jaipur, Rajasthan",15.36,6.3,9,3,5101,220.71
Pratap Nagar,"Plot No. 393, Pratap Nagar, Jaipur, Rajasthan",6.4,5.5,6,2,6888,146.18
Ajmer Road,"Plot No. 130, Ajmer Road, Jaipur, Rajasthan",14.96,3.5,6,4,4707,181.39
Jhotwara,"Plot No. 445, Jhotwara, Jaipur, Rajasthan",7.92,6.1,8,4,7991,183.3
Pratap Nagar,"Plot No. 246, Pratap Nagar, Jaipur, Rajasthan",8.67,5.6,6,3,5891,156.79
Mansarovar,"Plot No. 297, Mansarovar, Jaipur, Rajasthan",10.22,6.0,9,5,8525,223.21
Kalwar Road,"Plot No. 172, Kalwar Road, Jaipur, Rajasthan",6.3,7.2,8,6,10142,189.91
Pratap Nagar,"Plot No. 64, Pratap Nagar, Jaipur, Rajasthan",8.49,4.9,6,4,6460,164.05
Raja Park,"Plot No. 31, Raja Park, Jaipur, Rajasthan",25.01,6.2,6,4,6453,233.6
Raja Park,"Plot No. 492, Raja Park, Jaipur, Rajasthan",16.21,6.6,6,2,9250,211.01
C-Scheme,"Plot No. 47, C-Scheme, Jaipur, Rajasthan",28.06,5.3,7,6,7470,280.56
Vidyadhar Nagar,"Plot No. 130, Vidyadhar Nagar, Jaipur, Rajasthan",6.96,6.9,7,3,6917,172.11
Nirman Nagar,"Plot No. 352, Nirman Nagar, Jaipur, Rajasthan",15.56,5.9,8,3,7205,214.49
Sangeener,"Plot No. 466, Sangeener, Jaipur, Rajasthan",7.21,6.5,8,3,9684,201.52
Raja Park,"Plot No. 333, Raja Park, Jaipur, Rajasthan",25.04,8.4,7,4,6438,244.26
Sangeener,"Plot No. 110, Sangeener, Jaipur, Rajasthan",8.68,5.4,7,5,12478,208.27
Tonk Road,"Plot No. 69, Tonk Road, Jaipur, Rajasthan",12.44,5.6,7,4,6176,184.12
Nirman Nagar,"Plot No. 58, Nirman Nagar, Jaipur, Rajasthan",15.19,6.9,7,2,4148,195.79
Vidyadhar Nagar,"Plot No. 106, Vidyadhar Nagar, Jaipur, Rajasthan",5.97,6.8,7,4,9650,166.42
Jagatpura,"Plot No. 300, Jagatpura, Jaipur, Rajasthan",11.5,5.9,7,4,7527,195.0
Nirman Nagar,"Plot No. 330, Nirman Nagar, Jaipur, Rajasthan",13.49,7.0,7,5,6547,198.91
Vidyadhar Nagar,"Plot No. 256, Vidyadhar Nagar, Jaipur, Rajasthan",6.79,6.9,8,4,5869,167.48
Ajmer Road,"Plot No. 312, Ajmer Road, Jaipur, Rajasthan",11.79,4.8,8,3,10716,232.71
Pratap Nagar,"Plot No. 171, Pratap Nagar, Jaipur, Rajasthan",8.83,6.5,8,6,5531,172.21
Pratap Nagar,"Plot No. 383, Pratap Nagar, Jaipur, Rajasthan",7.13,3.8,7,3,3814,164.43
Mansarovar,"Plot No. 473, Mansarovar, Jaipur, Rajasthan",14.45,5.7,8,5,6852,213.71
Ajmer Road,"Plot No. 162, Ajmer Road, Jaipur, Rajasthan",9.79,6.1,8,3,9180,209.02
Jhotwara,"Plot No. 485, Jhotwara, Jaipur, Rajasthan",8.24,6.5,5,2,3947,137.57
Vidyadhar Nagar,"Plot No. 286, Vidyadhar Nagar, Jaipur, Rajasthan",7.39,5.4,7,2,8143,170.45
Sangeener,"Plot No. 71, Sangeener, Jaipur, Rajasthan",8.22,5.6,8,3,10753,202.2
Vidyadhar Nagar,"Plot No. 255, Vidyadhar Nagar, Jaipur, Rajasthan",4.86,6.5,6,2,4904,135.69
Jagatpura,"Plot No. 454, Jagatpura, Jaipur, Rajasthan",10.56,4.9,7,3,6268,190.61
Vaishali Nagar,"Plot No. 374, Vaishali Nagar, Jaipur, Rajasthan",28.43,5.3,7,5,7615,284.69
Pratap Nagar,"Plot No. 55, Pratap Nagar, Jaipur, Rajasthan",5.01,5.6,6,3,4934,127.73
Jhotwara,"Plot No. 323, Jhotwara, Jaipur, Rajasthan",8.43,5.2,7,2,8603,181.73
Tonk Road,"Plot No. 397, Tonk Road, Jaipur, Rajasthan",9.54,7.3,6,2,7898,174.69
Raja Park,"Plot No. 3, Raja Park, Jaipur, Rajasthan",18.48,5.7,6,3,7466,215.04
Ajmer Road,"Plot No. 26, Ajmer Road, Jaipur, Rajasthan",13.47,7.0,4,4,4849,160.26
Civil Lines,"Plot No. 313, Civil Lines, Jaipur, Rajasthan",22.92,6.3,7,3,7037,235.09
Vidyadhar Nagar,"Plot No. 126, Vidyadhar Nagar, Jaipur, Rajasthan",8.29,6.9,7,3,11682,195.61
Vidyadhar Nagar,"Plot No. 408, Vidyadhar Nagar, Jaipur, Rajasthan",4.57,8.4,6,4,6433,141.88
Jagatpura,"Plot No. 53, Jagatpura, Jaipur, Rajasthan",11.97,5.6,6,2,5477,167.79
Vidyadhar Nagar,"Plot No. 198, Vidyadhar Nagar, Jaipur, Rajasthan",6.12,6.7,7,4,5395,159.82
C-Scheme,"Plot No. 299, C-Scheme, Jaipur, Rajasthan",22.08,5.8,7,2,7247,234.14
Jagatpura,"Plot No. 188, Jagatpura, Jaipur, Rajasthan",15.68,6.0,7,4,9147,220.02
C-Scheme,"Plot No. 186, C-Scheme, Jaipur, Rajasthan",22.38,7.6,8,4,3980,240.45
Nirman Nagar,"Plot No. 305, Nirman Nagar, Jaipur, Rajasthan",11.17,5.6,7,4,7230,185.7
Raja Park,"Plot No. 298, Raja Park, Jaipur, Rajasthan",27.59,5.4,6,2,5971,242.66
Civil Lines,"Plot No. 204, Civil Lines, Jaipur, Rajasthan",21.76,5.2,7,6,8459,257.08
Kalwar Road,"Plot No. 497, Kalwar Road, Jaipur, Rajasthan",6.23,5.1,6,3,7212,163.59
Pratap Nagar,"Plot No. 484, Pratap Nagar, Jaipur, Rajasthan",6.81,6.3,6,4,6182,159.68
Vidyadhar Nagar,"Plot No. 450, Vidyadhar Nagar, Jaipur, Rajasthan",6.94,7.1,9,5,5177,191.12
C-Scheme,"Plot No. 11, C-Scheme, Jaipur, Rajasthan",21.66,5.0,7,5,2101,209.67
Ajmer Road,"Plot No. 359, Ajmer Road, Jaipur, Rajasthan",15.0,5.1,7,3,5937,196.19
Vaishali Nagar,"Plot No. 354, Vaishali Nagar, Jaipur, Rajasthan",28.23,7.1,9,4,6463,280.85
Sangeener,"Plot No. 474, Sangeener, Jaipur, Rajasthan",7.17,7.4,6,2,10411,180.21
Jhotwara,"Plot No. 146, Jhotwara, Jaipur, Rajasthan",7.84,5.1,5,3,3251,136.29
Mansarovar,"Plot No. 85, Mansarovar, Jaipur, Rajasthan",12.33,5.7,6,4,6594,183.27
Mansarovar,"Plot No. 100, Mansarovar, Jaipur, Rajasthan",14.56,5.2,8,5,7529,229.29
Pratap Nagar,"Plot No. 104, Pratap Nagar, Jaipur, Rajasthan",4.75,5.6,6,4,3774,131.77
Kalwar Road,"Plot No. 436, Kalwar Road, Jaipur, Rajasthan",7.09,3.9,7,3,7386,166.71
Raja Park,"Plot No. 46, Raja Park, Jaipur, Rajasthan",23.59,5.0,7,4,8865,252.59
Sangeener,"Plot No. 44, Sangeener, Jaipur, Rajasthan",4.66,7.6,7,6,5979,142.51
Vidyadhar Nagar,"Plot No. 278, Vidyadhar Nagar, Jaipur, Rajasthan",5.49,5.0,8,6,4857,160.29
Tonk Road,"Plot No. 181, Tonk Road, Jaipur, Rajasthan",12.88,5.6,6,3,8515,190.59
Jagatpura,"Plot No. 187, Jagatpura, Jaipur, Rajasthan",12.86,7.2,9,3,6407,221.9
Vaishali Nagar,"Plot No. 478, Vaishali Nagar, Jaipur, Rajasthan",21.75,7.4,6,3,8030,224.28
Pratap Nagar,"Plot No. 114, Pratap Nagar, Jaipur, Rajasthan",6.33,6.8,8,5,11397,202.68
Mansarovar,"Plot No. 491, Mansarovar, Jaipur, Rajasthan",12.6,4.9,8,6,7347,210.69
Jhotwara,"Plot No. 255, Jhotwara, Jaipur, Rajasthan",6.11,5.6,6,3,2677,141.31
Jagatpura,"Plot No. 381, Jagatpura, Jaipur, Rajasthan",10.45,7.5,8,6,5533,193.11
C-Scheme,"Plot No. 380, C-Scheme, Jaipur, Rajasthan",18.07,6.8,6,3,9280,229.32
Civil Lines,"Plot No. 30, Civil Lines, Jaipur, Rajasthan",17.35,7.3,7,3,6503,210.69
Jhotwara,"Plot No. 264, Jhotwara, Jaipur, Rajasthan",5.13,8.3,7,5,4198,134.63
Civil Lines,"Plot No. 98, Civil Lines, Jaipur, Rajasthan",21.92,4.5,6,3,8314,237.15
Ajmer Road,"Plot No. 313, Ajmer Road, Jaipur, Rajasthan",9.32,6.0,7,4,6477,169.61
Nirman Nagar,"Plot No. 367, Nirman Nagar, Jaipur, Rajasthan",10.4,5.7,6,2,8362,180.03
Tonk Road,"Plot No. 329, Tonk Road, Jaipur, Rajasthan",12.87,7.3,6,3,8586,186.15
Malviya Nagar,"Plot No. 115, Malviya Nagar, Jaipur, Rajasthan",25.52,5.9,7,3,6972,257.33
Pratap Nagar,"Plot No. 276, Pratap Nagar, Jaipur, Rajasthan",5.49,4.6,8,3,7296,185.92
Tonk Road,"Plot No. 488, Tonk Road, Jaipur, Rajasthan",14.42,6.3,7,4,9566,212.38
Ajmer Road,"Plot No. 281, Ajmer Road, Jaipur, Rajasthan",15.15,6.7,8,3,10146,244.27
Sangeener,"Plot No. 275, Sangeener, Jaipur, Rajasthan",7.89,5.1,7,2,4806,157.84
Tonk Road,"Plot No. 261, Tonk Road, Jaipur, Rajasthan",11.43,6.0,7,3,5611,177.08
Vidyadhar Nagar,"Plot No. 331, Vidyadhar Nagar, Jaipur, Rajasthan",8.83,6.5,8,6,7987,194.46
Civil Lines,"Plot No. 207, Civil Lines, Jaipur, Rajasthan",26.03,6.2,7,4,7119,267.08
Raja Park,"Plot No. 384, Raja Park, Jaipur, Rajasthan",24.37,6.1,7,3,8612,264.88
Mansarovar,"Plot No. 328, Mansarovar, Jaipur, Rajasthan",9.12,5.7,7,2,6629,181.84
Pratap Nagar,"Plot No. 211, Pratap Nagar, Jaipur, Rajasthan",8.47,7.6,7,4,5599,161.9
Pratap Nagar,"Plot No. 215, Pratap Nagar, Jaipur, Rajasthan",7.3,7.9,6,3,8542,153.35
Raja Park,"Plot No. 411, Raja Park, Jaipur, Rajasthan",29.47,5.6,5,3,7330,247.94
Mansarovar,"Plot No. 40, Mansarovar, Jaipur, Rajasthan",13.25,6.8,7,4,4712,182.95
Kalwar Road,"Plot No. 480, Kalwar Road, Jaipur, Rajasthan",5.53,5.3,7,2,5081,162.43
Mansarovar,"Plot No. 26, Mansarovar, Jaipur, Rajasthan",10.23,4.8,8,5,8871,215.65
Kalwar Road,"Plot No. 27, Kalwar Road, Jaipur, Rajasthan",6.84,6.7,7,2,8631,168.95
Civil Lines,"Plot No. 190, Civil Lines, Jaipur, Rajasthan",23.07,7.1,7,6,7395,250.57
Nirman Nagar,"Plot No. 83, Nirman Nagar, Jaipur, Rajasthan",15.45,5.5,7,3,4730,200.14
Jagatpura,"Plot No. 384, Jagatpura, Jaipur, Rajasthan",11.01,5.4,7,6,8689,188.19
Vidyadhar Nagar,"Plot No. 434, Vidyadhar Nagar, Jaipur, Rajasthan",6.38,4.6,8,3,11752,200.92
Kalwar Road,"Plot No. 170, Kalwar Road, Jaipur, Rajasthan",6.32,6.5,6,4,5997,147.29
Jhotwara,"Plot No. 413, Jhotwara, Jaipur, Rajasthan",7.92,5.5,7,4,7511,179.67
Malviya Nagar,"Plot No. 167, Malviya Nagar, Jaipur, Rajasthan",25.8,6.5,6,2,11615,265.06
Ajmer Road,"Plot No. 188, Ajmer Road, Jaipur, Rajasthan",11.02,6.8,6,4,8904,192.89
C-Scheme,"Plot No. 169, C-Scheme, Jaipur, Rajasthan",18.33,6.7,8,3,8175,238.85
Malviya Nagar,"Plot No. 289, Malviya Nagar, Jaipur, Rajasthan",25.88,6.0,6,4,3755,225.97
Civil Lines,"Plot No. 467, Civil Lines, Jaipur, Rajasthan",20.08,5.8,7,4,6353,224.78
Jagatpura,"Plot No. 229, Jagatpura, Jaipur, Rajasthan",13.41,5.6,8,4,7677,220.39
Malviya Nagar,"Plot No. 467, Malviya Nagar, Jaipur, Rajasthan",19.34,5.9,7,6,7301,232.29
Tonk Road,"Plot No. 97, Tonk Road, Jaipur, Rajasthan",15.7,6.1,7,3,5438,207.24
Nirman Nagar,"Plot No. 367, Nirman Nagar, Jaipur, Rajasthan",12.21,7.3,7,2,6863,186.82
Kalwar Road,"Plot No. 16, Kalwar Road, Jaipur, Rajasthan",6.26,6.4,7,3,5693,154.45
C-Scheme,"Plot No. 279, C-Scheme, Jaipur, Rajasthan",22.62,5.0,7,2,6011,238.07
Nirman Nagar,"Plot No. 135, Nirman Nagar, Jaipur, Rajasthan",15.24,4.0,8,5,9232,228.08
Mansarovar,"Plot No. 26, Mansarovar, Jaipur, Rajasthan",9.1,4.4,5,2,9836,175.08
Raja Park,"Plot No. 352, Raja Park, Jaipur, Rajasthan",21.82,5.5,9,3,6469,258.42
Malviya Nagar,"Plot No. 12, Malviya Nagar, Jaipur, Rajasthan",21.31,4.9,7,3,9587,248.4
Mansarovar,"Plot No. 72, Mansarovar, Jaipur, Rajasthan",12.62,6.1,8,4,6245,199.04
Vaishali Nagar,"Plot No. 133, Vaishali Nagar, Jaipur, Rajasthan",24.25,6.1,6,3,5403,230.32
Jagatpura,"Plot No. 106, Jagatpura, Jaipur, Rajasthan",11.68,5.8,7,4,4599,184.8
Nirman Nagar,"Plot No. 220, Nirman Nagar, Jaipur, Rajasthan",15.89,6.5,9,3,10136,256.91
Ajmer Road,"Plot No. 373, Ajmer Road, Jaipur, Rajasthan",15.74,5.0,7,3,8914,227.71
Pratap Nagar,"Plot No. 453, Pratap Nagar, Jaipur, Rajasthan",7.9,7.2,6,3,8083,166.96
Civil Lines,"Plot No. 177, Civil Lines, Jaipur, Rajasthan",20.86,6.2,8,5,6032,237.6
Pratap Nagar,"Plot No. 282, Pratap Nagar, Jaipur, Rajasthan",7.25,4.1,7,3,6490,174.8
Jhotwara,"Plot No. 133, Jhotwara, Jaipur, Rajasthan",8.58,5.2,7,3,6668,166.51
Vaishali Nagar,"Plot No. 22, Vaishali Nagar, Jaipur, Rajasthan",21.11,6.2,7,6,7934,246.66
Nirman Nagar,"Plot No. 463, Nirman Nagar, Jaipur, Rajasthan",11.87,7.5,8,4,8478,214.72
Jagatpura,"Plot No. 269, Jagatpura, Jaipur, Rajasthan",14.41,5.3,7,6,7418,210.71
Kalwar Road,"Plot No. 412, Kalwar Road, Jaipur, Rajasthan",7.45,5.3,8,5,4547,163.5
Nirman Nagar,"Plot No. 161, Nirman Nagar, Jaipur, Rajasthan",13.92,5.3,7,4,7803,216.83
Jagatpura,"Plot No. 107, Jagatpura, Jaipur, Rajasthan",11.92,6.0,7,3,8761,206.15
Mansarovar,"Plot No. 279, Mansarovar, Jaipur, Rajasthan",9.45,6.1,6,2,11543,195.62
Nirman Nagar,"Plot No. 353, Nirman Nagar, Jaipur, Rajasthan",14.59,5.8,8,5,5740,202.31
Pratap Nagar,"Plot No. 235, Pratap Nagar, Jaipur, Rajasthan",5.03,6.8,7,6,9462,168.23
Kalwar Road,"Plot No. 18, Kalwar Road, Jaipur, Rajasthan",4.52,5.5,7,5,5719,142.76
Vidyadhar Nagar,"Plot No. 242, Vidyadhar Nagar, Jaipur, Rajasthan",8.54,8.6,8,3,8910,190.86
Malviya Nagar,"Plot No. 117, Malviya Nagar, Jaipur, Rajasthan",20.51,5.1,7,5,10096,251.69
Ajmer Road,"Plot No. 286, Ajmer Road, Jaipur, Rajasthan",13.02,5.1,7,5,9153,217.19
Kalwar Road,"Plot No. 282, Kalwar Road, Jaipur, Rajasthan",7.57,4.0,6,2,9934,172.66
Kalwar Road,"Plot No. 144, Kalwar Road, Jaipur, Rajasthan",8.25,5.6,8,4,7330,191.32
Malviya Nagar,"Plot No. 205, Malviya Nagar, Jaipur, Rajasthan",25.33,6.0,8,3,8530,269.53
Kalwar Road,"Plot No. 39, Kalwar Road, Jaipur, Rajasthan",5.62,6.8,7,5,4086,143.29
Jagatpura,"Plot No. 417, Jagatpura, Jaipur, Rajasthan",11.5,6.2,6,2,7981,191.75
Nirman Nagar,"Plot No. 154, Nirman Nagar, Jaipur, Rajasthan",15.46,5.1,8,5,3689,210.96
Civil Lines,"Plot No. 176, Civil Lines, Jaipur, Rajasthan",18.98,5.3,8,6,6585,238.0
Mansarovar,"Plot No. 449, Mansarovar, Jaipur, Rajasthan",9.89,5.1,7,4,8750,187.61
Sangeener,"Plot No. 241, Sangeener, Jaipur, Rajasthan",7.58,7.0,6,2,4249,141.72
Pratap Nagar,"Plot No. 422, Pratap Nagar, Jaipur, Rajasthan",7.11,6.5,8,5,8792,182.47
Vaishali Nagar,"Plot No. 386, Vaishali Nagar, Jaipur, Rajasthan",25.99,5.5,9,4,6810,280.62
Malviya Nagar,"Plot No. 369, Malviya Nagar, Jaipur, Rajasthan",28.97,6.1,8,5,7713,282.48
Vidyadhar Nagar,"Plot No. 134, Vidyadhar Nagar, Jaipur, Rajasthan",8.37,5.9,7,4,9522,193.84
Vaishali Nagar,"Plot No. 46, Vaishali Nagar, Jaipur, Rajasthan",29.36,8.6,7,2,6481,261.05
Vidyadhar Nagar,"Plot No. 50, Vidyadhar Nagar, Jaipur, Rajasthan",5.95,5.3,8,3,5321,162.0
Kalwar Road,"Plot No. 166, Kalwar Road, Jaipur, Rajasthan",6.84,6.6,7,3,9042,180.97
Pratap Nagar,"Plot No. 106, Pratap Nagar, Jaipur, Rajasthan",4.88,5.7,8,5,5741,172.63
Pratap Nagar,"Plot No. 216, Pratap Nagar, Jaipur, Rajasthan",5.51,7.0,8,6,6934,180.91
Jhotwara,"Plot No. 146, Jhotwara, Jaipur, Rajasthan",7.87,5.7,6,3,10710,186.5
Tonk Road,"Plot No. 411, Tonk Road, Jaipur, Rajasthan",15.58,6.8,7,4,10442,220.02
Mansarovar,"Plot No. 425, Mansarovar, Jaipur, Rajasthan",15.33,5.8,8,5,4139,202.29
Mansarovar,"Plot No. 72, Mansarovar, Jaipur, Rajasthan",10.61,5.9,6,3,6350,178.24
Tonk Road,"Plot No. 476, Tonk Road, Jaipur, Rajasthan",14.39,5.4,8,4,5354,216.53
Sangeener,"Plot No. 330, Sangeener, Jaipur, Rajasthan",8.27,5.6,8,4,7009,190.15
Jagatpura,"Plot No. 273, Jagatpura, Jaipur, Rajasthan",10.06,7.9,5,2,7527,155.35
Jagatpura,"Plot No. 247, Jagatpura, Jaipur, Rajasthan",11.46,6.4,7,4,7439,186.08
Tonk Road,"Plot No. 446, Tonk Road, Jaipur, Rajasthan",10.22,5.5,6,2,6570,177.7
Mansarovar,"Plot No. 413, Mansarovar, Jaipur, Rajasthan",11.04,4.7,7,5,7268,185.39
Jagatpura,"Plot No. 186, Jagatpura, Jaipur, Rajasthan",13.25,4.5,8,6,8415,223.16
Jhotwara,"Plot No. 70, Jhotwara, Jaipur, Rajasthan",6.28,6.3,7,3,3980,158.95
Raja Park,"Plot No. 462, Raja Park, Jaipur, Rajasthan",26.48,5.8,9,5,8466,297.84
Raja Park,"Plot No. 150, Raja Park, Jaipur, Rajasthan",25.34,5.3,7,4,7636,256.02
Jhotwara,"Plot No. 246, Jhotwara, Jaipur, Rajasthan",7.75,5.6,7,6,9294,179.92
Vidyadhar Nagar,"Plot No. 262, Vidyadhar Nagar, Jaipur, Rajasthan",7.8,7.0,7,2,5493,155.26
Nirman Nagar,"Plot No. 26, Nirman Nagar, Jaipur, Rajasthan",11.77,6.2,9,6,8124,224.54
Pratap Nagar,"Plot No. 423, Pratap Nagar, Jaipur, Rajasthan",4.94,5.4,6,2,6463,145.3
Jhotwara,"Plot No. 140, Jhotwara, Jaipur, Rajasthan",8.29,6.4,7,4,6254,164.59
Jagatpura,"Plot No. 99, Jagatpura, Jaipur, Rajasthan",11.38,4.2,6,2,7294,176.35
Jhotwara,"Plot No. 398, Jhotwara, Jaipur, Rajasthan",7.5,5.1,8,4,8042,179.74
Malviya Nagar,"Plot No. 278, Malviya Nagar, Jaipur, Rajasthan",28.36,5.8,8,6,6097,288.48
Kalwar Road,"Plot No. 51, Kalwar Road, Jaipur, Rajasthan",6.11,7.1,7,3,7600,172.24
Jagatpura,"Plot No. 151, Jagatpura, Jaipur, Rajasthan",14.84,8.0,6,2,5685,182.54
Vaishali Nagar,"Plot No. 432, Vaishali Nagar, Jaipur, Rajasthan",27.49,6.3,6,4,7593,266.39
Sangeener,"Plot No. 455, Sangeener, Jaipur, Rajasthan",8.52,3.7,5,3,8539,166.58
Vidyadhar Nagar,"Plot No. 104, Vidyadhar Nagar, Jaipur, Rajasthan",6.42,6.2,6,4,8644,166.77
Jhotwara,"Plot No. 434, Jhotwara, Jaipur, Rajasthan",5.83,7.8,7,4,6356,160.66
Sangeener,"Plot No. 89, Sangeener, Jaipur, Rajasthan",5.69,5.3,7,4,5929,163.14
Pratap Nagar,"Plot No. 141, Pratap Nagar, Jaipur, Rajasthan",4.6,6.7,7,2,5290,140.9
Jhotwara,"Plot No. 213, Jhotwara, Jaipur, Rajasthan",6.79,5.4,6,4,9968,172.58
Jagatpura,"Plot No. 233, Jagatpura, Jaipur, Rajasthan",13.37,6.1,6,4,8594,201.98
Mansarovar,"Plot No. 394, Mansarovar, Jaipur, Rajasthan",15.79,5.7,7,3,6839,200.83
Vidyadhar Nagar,"Plot No. 183, Vidyadhar Nagar, Jaipur, Rajasthan",8.45,5.7,8,3,3156,161.26
Jagatpura,"Plot No. 251, Jagatpura, Jaipur, Rajasthan",10.11,5.2,8,3,8518,199.23
Pratap Nagar,"Plot No. 9, Pratap Nagar, Jaipur, Rajasthan",6.62,6.0,7,4,6544,160.39
Jagatpura,"Plot No. 79, Jagatpura, Jaipur, Rajasthan",11.4,6.6,7,4,8669,190.82
Pratap Nagar,"Plot No. 52, Pratap Nagar, Jaipur, Rajasthan",6.47,5.2,7,3,5383,161.66
Kalwar Road,"Plot No. 386, Kalwar Road, Jaipur, Rajasthan",8.53,5.5,5,2,8068,153.91
Ajmer Road,"Plot No. 409, Ajmer Road, Jaipur, Rajasthan",11.32,5.9,4,3,7829,150.79
Nirman Nagar,"Plot No. 269, Nirman Nagar, Jaipur, Rajasthan",12.74,4.7,6,2,9357,206.0
Tonk Road,"Plot No. 226, Tonk Road, Jaipur, Rajasthan",10.32,7.7,6,2,9270,185.24
Jagatpura,"Plot No. 51, Jagatpura, Jaipur, Rajasthan",12.71,5.9,7,5,9759,204.87
Jhotwara,"Plot No. 186, Jhotwara, Jaipur, Rajasthan",5.1,5.4,7,3,6200,153.6
Kalwar Road,"Plot No. 34, Kalwar Road, Jaipur, Rajasthan",6.07,5.2,8,6,6500,179.65
Pratap Nagar,"Plot No. 291, Pratap Nagar, Jaipur, Rajasthan",8.41,7.9,8,5,8414,197.41
Vaishali Nagar,"Plot No. 230, Vaishali Nagar, Jaipur, Rajasthan",23.77,6.2,6,3,12280,256.72
Vaishali Nagar,"Plot No. 131, Vaishali Nagar, Jaipur, Rajasthan",17.12,6.7,6,4,8345,219.58
Tonk Road,"Plot No. 490, Tonk Road, Jaipur, Rajasthan",11.81,6.8,6,3,7846,188.42
Sangeener,"Plot No. 120, Sangeener, Jaipur, Rajasthan",7.21,5.0,6,2,10169,182.09
Raja Park,"Plot No. 443, Raja Park, Jaipur, Rajasthan",27.21,6.5,7,4,5020,247.84
Ajmer Road,"Plot No. 326, Ajmer Road, Jaipur, Rajasthan",11.55,4.6,5,2,8929,171.05
Mansarovar,"Plot No. 247, Mansarovar, Jaipur, Rajasthan",10.47,7.6,7,5,12215,205.04
Jhotwara,"Plot No. 432, Jhotwara, Jaipur, Rajasthan",6.56,7.4,9,4,9992,194.64
Tonk Road,"Plot No. 192, Tonk Road, Jaipur, Rajasthan",15.77,6.8,8,6,5476,205.7
Tonk Road,"Plot No. 497, Tonk Road, Jaipur, Rajasthan",9.14,5.8,7,2,6687,170.47
Ajmer Road,"Plot No. 403, Ajmer Road, Jaipur, Rajasthan",12.77,5.2,6,4,5901,184.25
Tonk Road,"Plot No. 323, Tonk Road, Jaipur, Rajasthan",11.36,5.5,6,4,3596,151.86
Sangeener,"Plot No. 210, Sangeener, Jaipur, Rajasthan",5.94,5.8,7,3,6789,154.42
Vaishali Nagar,"Plot No. 103, Vaishali Nagar, Jaipur, Rajasthan",20.06,6.8,8,3,8370,257.82
Sangeener,"Plot No. 329, Sangeener, Jaipur, Rajasthan",8.4,7.4,7,3,7519,167.49
Pratap Nagar,"Plot No. 372, Pratap Nagar, Jaipur, Rajasthan",7.73,5.5,6,3,6678,159.99
Kalwar Road,"Plot No. 460, Kalwar Road, Jaipur, Rajasthan",7.44,5.7,7,3,5341,165.72
Vidyadhar Nagar,"Plot No. 133, Vidyadhar Nagar, Jaipur, Rajasthan",6.57,7.6,7,3,6827,172.44
Nirman Nagar,"Plot No. 323, Nirman Nagar, Jaipur, Rajasthan",11.25,6.8,7,4,12272,222.16
Tonk Road,"Plot No. 139, Tonk Road, Jaipur, Rajasthan",14.28,6.4,7,4,8371,208.61
Jhotwara,"Plot No. 121, Jhotwara, Jaipur, Rajasthan",8.08,4.9,7,4,4771,173.13
Vaishali Nagar,"Plot No. 94, Vaishali Nagar, Jaipur, Rajasthan",26.93,5.8,7,3,4458,250.5
Jhotwara,"Plot No. 452, Jhotwara, Jaipur, Rajasthan",6.98,5.6,5,2,4722,137.11
Tonk Road,"Plot No. 453, Tonk Road, Jaipur, Rajasthan",11.33,6.3,7,2,3361,165.93
Civil Lines,"Plot No. 129, Civil Lines, Jaipur, Rajasthan",26.35,6.0,6,3,9167,263.05
Jagatpura,"Plot No. 91, Jagatpura, Jaipur, Rajasthan",9.22,6.0,8,5,8238,198.21
Civil Lines,"Plot No. 92, Civil Lines, Jaipur, Rajasthan",22.38,7.2,7,3,6313,239.33
Vidyadhar Nagar,"Plot No. 63, Vidyadhar Nagar, Jaipur, Rajasthan",7.69,6.4,7,6,9776,188.85
Nirman Nagar,"Plot No. 29, Nirman Nagar, Jaipur, Rajasthan",15.82,5.9,7,6,7882,208.97
Vidyadhar Nagar,"Plot No. 210, Vidyadhar Nagar, Jaipur, Rajasthan",7.13,7.1,7,4,10761,182.4
Vidyadhar Nagar,"Plot No. 12, Vidyadhar Nagar, Jaipur, Rajasthan",5.29,5.7,7,3,5582,158.48
Kalwar Road,"Plot No. 333, Kalwar Road, Jaipur, Rajasthan",5.14,7.0,7,3,7200,152.45
Vidyadhar Nagar,"Plot No. 297, Vidyadhar Nagar, Jaipur, Rajasthan",4.52,6.3,5,2,4695,117.61
Malviya Nagar,"Plot No. 130, Malviya Nagar, Jaipur, Rajasthan",23.44,6.9,7,4,8641,257.7
Mansarovar,"Plot No. 293, Mansarovar, Jaipur, Rajasthan",9.54,6.8,7,4,6730,187.0
Jhotwara,"Plot No. 173, Jhotwara, Jaipur, Rajasthan",4.84,5.5,7,2,6524,148.11
Ajmer Road,"Plot No. 208, Ajmer Road, Jaipur, Rajasthan",9.95,7.1,7,5,6542,179.15
Kalwar Road,"Plot No. 432, Kalwar Road, Jaipur, Rajasthan",5.52,3.5,6,4,7360,146.68
Kalwar Road,"Plot No. 24, Kalwar Road, Jaipur, Rajasthan",5.66,4.9,4,4,10960,145.2
Sangeener,"Plot No. 99, Sangeener, Jaipur, Rajasthan",8.35,5.5,6,2,3482,139.75
Vidyadhar Nagar,"Plot No. 406, Vidyadhar Nagar, Jaipur, Rajasthan",5.0,5.7,8,6,3618,157.53
Jhotwara,"Plot No. 356, Jhotwara, Jaipur, Rajasthan",7.15,6.3,10,3,5472,202.39
Civil Lines,"Plot No. 139, Civil Lines, Jaipur, Rajasthan",18.19,6.6,5,3,5286,183.79
Malviya Nagar,"Plot No. 314, Malviya Nagar, Jaipur, Rajasthan",26.38,5.7,7,4,5916,260.91
Sangeener,"Plot No. 174, Sangeener, Jaipur, Rajasthan",6.49,4.6,7,4,5973,162.05
Vidyadhar Nagar,"Plot No. 29, Vidyadhar Nagar, Jaipur, Rajasthan",8.64,7.1,7,4,8819,179.59
Malviya Nagar,"Plot No. 419, Malviya Nagar, Jaipur, Rajasthan",26.88,5.6,7,4,7506,267.62
Sangeener,"Plot No. 496, Sangeener, Jaipur, Rajasthan",5.08,6.3,8,3,6771,167.38
Ajmer Road,"Plot No. 143, Ajmer Road, Jaipur, Rajasthan",14.7,4.7,9,6,7145,226.83
Ajmer Road,"Plot No. 316, Ajmer Road, Jaipur, Rajasthan",10.83,5.8,5,4,7072,168.78
Jhotwara,"Plot No. 351, Jhotwara, Jaipur, Rajasthan",5.72,5.1,6,2,6092,153.22
Vaishali Nagar,"Plot No. 42, Vaishali Nagar, Jaipur, Rajasthan",20.74,6.2,7,6,5251,231.51
Raja Park,"Plot No. 489, Raja Park, Jaipur, Rajasthan",27.31,6.9,6,4,3554,233.15
Nirman Nagar,"Plot No. 299, Nirman Nagar, Jaipur, Rajasthan",10.02,4.2,8,5,8816,200.27
Malviya Nagar,"Plot No. 208, Malviya Nagar, Jaipur, Rajasthan",29.59,6.2,8,4,6907,295.08
Nirman Nagar,"Plot No. 330, Nirman Nagar, Jaipur, Rajasthan",14.46,5.2,7,4,4700,190.69
Tonk Road,"Plot No. 433, Tonk Road, Jaipur, Rajasthan",10.93,5.0,7,3,7209,194.97
Ajmer Road,"Plot No. 192, Ajmer Road, Jaipur, Rajasthan",14.78,4.9,7,5,5947,208.68
Jagatpura,"Plot No. 160, Jagatpura, Jaipur, Rajasthan",13.44,5.0,7,6,5101,196.88
Vaishali Nagar,"Plot No. 64, Vaishali Nagar, Jaipur, Rajasthan",24.86,5.8,6,3,8842,249.63
Pratap Nagar,"Plot No. 243, Pratap Nagar, Jaipur, Rajasthan",7.51,6.6,6,2,4459,154.2
Jagatpura,"Plot No. 258, Jagatpura, Jaipur, Rajasthan",15.39,7.0,8,6,8011,227.63
Ajmer Road,"Plot No. 152, Ajmer Road, Jaipur, Rajasthan",10.5,6.4,8,5,8438,205.5
Civil Lines,"Plot No. 215, Civil Lines, Jaipur, Rajasthan",16.69,4.3,5,4,8624,205.74
Tonk Road,"Plot No. 322, Tonk Road, Jaipur, Rajasthan",13.88,4.8,8,4,8053,211.58
Jagatpura,"Plot No. 166, Jagatpura, Jaipur, Rajasthan",15.36,4.5,9,5,8868,242.13
Sangeener,"Plot No. 31, Sangeener, Jaipur, Rajasthan",4.94,3.2,7,2,9066,180.87
Jhotwara,"Plot No. 371, Jhotwara, Jaipur, Rajasthan",4.68,6.2,6,2,10033,153.55
Vidyadhar Nagar,"Plot No. 232, Vidyadhar Nagar, Jaipur, Rajasthan",5.67,5.3,6,2,8043,154.77
Nirman Nagar,"Plot No. 282, Nirman Nagar, Jaipur, Rajasthan",14.72,6.0,8,4,7003,215.78
Vidyadhar Nagar,"Plot No. 29, Vidyadhar Nagar, Jaipur, Rajasthan",7.36,6.0,8,4,8802,188.46
Sangeener,"Plot No. 195, Sangeener, Jaipur, Rajasthan",8.23,6.1,9,5,5571,192.46
Ajmer Road,"Plot No. 334, Ajmer Road, Jaipur, Rajasthan",11.58,6.5,6,3,6605,185.78
Vaishali Nagar,"Plot No. 256, Vaishali Nagar, Jaipur, Rajasthan",19.44,6.4,4,2,8527,194.46
Civil Lines,"Plot No. 281, Civil Lines, Jaipur, Rajasthan",22.96,5.0,5,2,9156,237.59
Kalwar Road,"Plot No. 304, Kalwar Road, Jaipur, Rajasthan",6.25,6.7,7,3,9214,180.18
Malviya Nagar,"Plot No. 321, Malviya Nagar, Jaipur, Rajasthan",22.59,5.4,9,6,5153,260.79
Nirman Nagar,"Plot No. 437, Nirman Nagar, Jaipur, Rajasthan",12.82,6.3,6,4,7262,177.35
Ajmer Road,"Plot No. 323, Ajmer Road, Jaipur, Rajasthan",10.97,7.5,5,4,7946,167.58
Pratap Nagar,"Plot No. 346, Pratap Nagar, Jaipur, Rajasthan",8.13,5.0,7,3,9092,195.05
Sangeener,"Plot No. 402, Sangeener, Jaipur, Rajasthan",4.88,6.1,7,3,7538,157.81
Mansarovar,"Plot No. 393, Mansarovar, Jaipur, Rajasthan",14.42,7.4,6,4,7352,194.67
Jagatpura,"Plot No. 294, Jagatpura, Jaipur, Rajasthan",12.37,5.7,5,3,9989,194.96
Jhotwara,"Plot No. 87, Jhotwara, Jaipur, Rajasthan",6.64,5.5,8,5,11325,207.21
Sangeener,"Plot No. 149, Sangeener, Jaipur, Rajasthan",7.84,7.2,7,3,8241,180.8
Nirman Nagar,"Plot No. 249, Nirman Nagar, Jaipur, Rajasthan",12.44,5.3,8,4,7848,221.42
C-Scheme,"Plot No. 321, C-Scheme, Jaipur, Rajasthan",21.59,5.8,7,4,6659,230.64
Jhotwara,"Plot No. 405, Jhotwara, Jaipur, Rajasthan",7.95,5.3,7,2,6834,178.83
C-Scheme,"Plot No. 283, C-Scheme, Jaipur, Rajasthan",21.54,7.0,6,4,8679,231.42
Mansarovar,"Plot No. 362, Mansarovar, Jaipur, Rajasthan",12.01,6.2,8,3,5357,193.34
Nirman Nagar,"Plot No. 379, Nirman Nagar, Jaipur, Rajasthan",14.9,8.4,10,3,4029,224.48
Ajmer Road,"Plot No. 198, Ajmer Road, Jaipur, Rajasthan",10.23,6.7,7,3,7314,175.3
Jhotwara,"Plot No. 44, Jhotwara, Jaipur, Rajasthan",7.4,6.3,6,3,7948,159.06
Civil Lines,"Plot No. 356, Civil Lines, Jaipur, Rajasthan",28.11,6.4,6,2,9430,262.8
Mansarovar,"Plot No. 28, Mansarovar, Jaipur, Rajasthan",9.86,5.3,5,3,5659,145.45
Sangeener,"Plot No. 429, Sangeener, Jaipur, Rajasthan",5.58,5.7,8,6,3798,154.97
Raja Park,"Plot No. 17, Raja Park, Jaipur, Rajasthan",17.01,5.2,7,6,12177,249.78
Jhotwara,"Plot No. 127, Jhotwara, Jaipur, Rajasthan",6.08,6.6,4,4,9445,133.53
Vaishali Nagar,"Plot No. 379, Vaishali Nagar, Jaipur, Rajasthan",18.71,4.2,8,4,11167,260.97
Vidyadhar Nagar,"Plot No. 168, Vidyadhar Nagar, Jaipur, Rajasthan",5.1,4.8,8,6,8216,184.33
Vaishali Nagar,"Plot No. 244, Vaishali Nagar, Jaipur, Rajasthan",21.36,4.6,6,4,5625,215.57
Ajmer Road,"Plot No. 387, Ajmer Road, Jaipur, Rajasthan",11.76,7.8,6,4,6748,183.97
Malviya Nagar,"Plot No. 76, Malviya Nagar, Jaipur, Rajasthan",25.0,5.6,6,2,3829,235.07
Tonk Road,"Plot No. 231, Tonk Road, Jaipur, Rajasthan",11.41,6.7,7,3,6661,182.05
Mansarovar,"Plot No. 204, Mansarovar, Jaipur, Rajasthan",14.46,5.8,7,2,9720,228.1
C-Scheme,"Plot No. 450, C-Scheme, Jaipur, Rajasthan",22.72,5.4,7,4,5348,240.08
Vaishali Nagar,"Plot No. 248, Vaishali Nagar, Jaipur, Rajasthan",26.44,5.7,8,3,9137,280.77
Tonk Road,"Plot No. 302, Tonk Road, Jaipur, Rajasthan",9.63,5.2,8,6,3780,181.94
Sangeener,"Plot No. 214, Sangeener, Jaipur, Rajasthan",6.93,7.0,7,2,4089,155.53
Raja Park,"Plot No. 215, Raja Park, Jaipur, Rajasthan",20.85,5.2,7,4,3866,222.73
Mansarovar,"Plot No. 158, Mansarovar, Jaipur, Rajasthan",9.53,7.5,7,4,11852,206.99
Sangeener,"Plot No. 69, Sangeener, Jaipur, Rajasthan",8.26,5.0,7,4,5882,165.92
Vidyadhar Nagar,"Plot No. 393, Vidyadhar Nagar, Jaipur, Rajasthan",6.55,7.6,7,5,5779,167.51
Tonk Road,"Plot No. 85, Tonk Road, Jaipur, Rajasthan",12.18,7.0,8,3,8554,218.89
Civil Lines,"Plot No. 267, Civil Lines, Jaipur, Rajasthan",28.45,7.5,8,4,3772,270.08
Kalwar Road,"Plot No. 69, Kalwar Road, Jaipur, Rajasthan",7.37,7.0,9,4,8146,189.13
Vidyadhar Nagar,"Plot No. 99, Vidyadhar Nagar, Jaipur, Rajasthan",5.97,7.1,6,2,8591,159.77
Jhotwara,"Plot No. 347, Jhotwara, Jaipur, Rajasthan",6.2,6.1,5,4,11608,167.78
Raja Park,"Plot No. 497, Raja Park, Jaipur, Rajasthan",25.24,6.6,7,5,8418,269.42
Kalwar Road,"Plot No. 450, Kalwar Road, Jaipur, Rajasthan",6.61,6.7,7,4,8155,180.38
Vidyadhar Nagar,"Plot No. 216, Vidyadhar Nagar, Jaipur, Rajasthan",6.18,5.8,9,6,5250,188.53
Kalwar Road,"Plot No. 415, Kalwar Road, Jaipur, Rajasthan",5.86,6.3,7,3,8760,169.6
Tonk Road,"Plot No. 161, Tonk Road, Jaipur, Rajasthan",15.2,7.3,6,2,10186,217.87
Sangeener,"Plot No. 423, Sangeener, Jaipur, Rajasthan",6.72,5.3,8,4,5823,164.44
Nirman Nagar,"Plot No. 94, Nirman Nagar, Jaipur, Rajasthan",13.8,4.9,7,2,8296,206.4
C-Scheme,"Plot No. 174, C-Scheme, Jaipur, Rajasthan",24.73,6.5,8,6,8187,263.17
Tonk Road,"Plot No. 165, Tonk Road, Jaipur, Rajasthan",13.78,5.7,7,2,7480,211.66
Tonk Road,"Plot No. 115, Tonk Road, Jaipur, Rajasthan",14.72,6.4,7,2,3987,198.55
Mansarovar,"Plot No. 220, Mansarovar, Jaipur, Rajasthan",9.24,5.9,7,3,7608,177.66
Jhotwara,"Plot No. 444, Jhotwara, Jaipur, Rajasthan",5.65,6.2,7,6,5506,151.7
Vaishali Nagar,"Plot No. 31, Vaishali Nagar, Jaipur, Rajasthan",24.59,6.2,6,4,7702,253.92
Jhotwara,"Plot No. 11, Jhotwara, Jaipur, Rajasthan",8.39,6.6,7,4,5898,170.18
Vidyadhar Nagar,"Plot No. 343, Vidyadhar Nagar, Jaipur, Rajasthan",7.91,6.6,7,4,6899,171.5
Raja Park,"Plot No. 377, Raja Park, Jaipur, Rajasthan",16.01,5.8,7,3,7640,215.36
Malviya Nagar,"Plot No. 130, Malviya Nagar, Jaipur, Rajasthan",24.4,5.9,7,4,6381,253.1
Raja Park,"Plot No. 488, Raja Park, Jaipur, Rajasthan",19.98,6.2,7,2,7318,241.28
Sangeener,"Plot No. 105, Sangeener, Jaipur, Rajasthan",5.61,7.2,6,3,11009,165.51
Civil Lines,"Plot No. 27, Civil Lines, Jaipur, Rajasthan",20.58,7.3,4,3,8720,197.89
Ajmer Road,"Plot No. 227, Ajmer Road, Jaipur, Rajasthan",15.17,4.9,6,2,7069,191.51
Jagatpura,"Plot No. 2, Jagatpura, Jaipur, Rajasthan",10.6,3.4,8,5,5678,185.58
Malviya Nagar,"Plot No. 359, Malviya Nagar, Jaipur, Rajasthan",18.03,6.4,9,4,8778,254.94
Sangeener,"Plot No. 101, Sangeener, Jaipur, Rajasthan",5.91,5.3,7,4,9864,187.32
Jhotwara,"Plot No. 21, Jhotwara, Jaipur, Rajasthan",8.38,5.9,6,4,7167,168.47
C-Scheme,"Plot No. 58, C-Scheme, Jaipur, Rajasthan",21.94,5.9,8,3,10277,278.71
Pratap Nagar,"Plot No. 389, Pratap Nagar, Jaipur, Rajasthan",5.8,5.1,7,5,7520,174.98
Tonk Road,"Plot No. 180, Tonk Road, Jaipur, Rajasthan",11.6,5.6,6,3,4338,165.81
Tonk Road,"Plot No. 429, Tonk Road, Jaipur, Rajasthan",15.27,7.3,6,2,4549,181.82
Civil Lines,"Plot No. 341, Civil Lines, Jaipur, Rajasthan",23.28,5.1,6,2,10048,253.9
Vidyadhar Nagar,"Plot No. 349, Vidyadhar Nagar, Jaipur, Rajasthan",7.4,6.6,8,6,9168,184.68
Kalwar Road,"Plot No. 20, Kalwar Road, Jaipur, Rajasthan",7.72,6.1,6,2,4304,148.58
C-Scheme,"Plot No. 255, C-Scheme, Jaipur, Rajasthan",18.51,4.7,8,4,6501,234.58
Jhotwara,"Plot No. 317, Jhotwara, Jaipur, Rajasthan",7.16,6.4,9,3,8449,202.87
Nirman Nagar,"Plot No. 38, Nirman Nagar, Jaipur, Rajasthan",15.28,4.6,7,3,6636,209.93
Kalwar Road,"Plot No. 148, Kalwar Road, Jaipur, Rajasthan",4.59,6.5,6,2,10511,158.04
Jhotwara,"Plot No. 498, Jhotwara, Jaipur, Rajasthan",8.21,5.4,8,4,8983,199.38
Jagatpura,"Plot No. 25, Jagatpura, Jaipur, Rajasthan",9.53,7.2,6,3,9311,175.82
Civil Lines,"Plot No. 386, Civil Lines, Jaipur, Rajasthan",25.56,5.3,8,6,4855,253.91
Kalwar Road,"Plot No. 121, Kalwar Road, Jaipur, Rajasthan",8.22,6.3,4,3,3593,124.47
Jhotwara,"Plot No. 416, Jhotwara, Jaipur, Rajasthan",7.43,5.5,6,4,9833,169.71
Jagatpura,"Plot No. 26, Jagatpura, Jaipur, Rajasthan",15.09,7.9,8,5,4860,213.66
Raja Park,"Plot No. 454, Raja Park, Jaipur, Rajasthan",20.57,5.8,6,3,7959,220.82
Tonk Road,"Plot No. 169, Tonk Road, Jaipur, Rajasthan",11.67,6.7,6,2,4009,165.01
Jagatpura,"Plot No. 323, Jagatpura, Jaipur, Rajasthan",13.64,6.1,7,4,6802,200.76
Sangeener,"Plot No. 225, Sangeener, Jaipur, Rajasthan",5.88,4.9,7,4,10734,177.5
Kalwar Road,"Plot No. 1, Kalwar Road, Jaipur, Rajasthan",7.96,5.7,5,4,6777,147.34
Jagatpura,"Plot No. 307, Jagatpura, Jaipur, Rajasthan",11.67,4.5,6,2,8684,193.2
Nirman Nagar,"Plot No. 261, Nirman Nagar, Jaipur, Rajasthan",9.65,5.1,8,3,5462,183.35
C-Scheme,"Plot No. 13, C-Scheme, Jaipur, Rajasthan",17.15,7.0,6,4,9122,206.71
Jagatpura,"Plot No. 403, Jagatpura, Jaipur, Rajasthan",9.05,4.9,7,4,5434,174.56
Sangeener,"Plot No. 396, Sangeener, Jaipur, Rajasthan",4.94,3.6,7,4,6546,154.52
Sangeener,"Plot No. 48, Sangeener, Jaipur, Rajasthan",4.99,8.3,8,3,8871,180.49
Malviya Nagar,"Plot No. 409, Malviya Nagar, Jaipur, Rajasthan",27.4,5.4,7,4,10622,292.32
Sangeener,"Plot No. 313, Sangeener, Jaipur, Rajasthan",8.38,4.5,6,3,5881,152.35
Tonk Road,"Plot No. 371, Tonk Road, Jaipur, Rajasthan",12.73,7.6,8,5,7474,206.83
Raja Park,"Plot No. 291, Raja Park, Jaipur, Rajasthan",16.36,5.7,7,3,6070,208.23
Malviya Nagar,"Plot No. 332, Malviya Nagar, Jaipur, Rajasthan",27.15,4.7,7,4,5745,263.65
Nirman Nagar,"Plot No. 94, Nirman Nagar, Jaipur, Rajasthan",14.19,6.3,8,3,4516,198.93
Jagatpura,"Plot No. 261, Jagatpura, Jaipur, Rajasthan",13.28,4.2,7,3,7341,201.52
Raja Park,"Plot No. 482, Raja Park, Jaipur, Rajasthan",20.25,7.3,6,3,6008,203.53
Kalwar Road,"Plot No. 278, Kalwar Road, Jaipur, Rajasthan",5.08,6.8,8,4,4270,148.98
Civil Lines,"Plot No. 359, Civil Lines, Jaipur, Rajasthan",26.46,4.4,7,3,10059,281.1
Tonk Road,"Plot No. 205, Tonk Road, Jaipur, Rajasthan",13.28,5.6,8,6,3740,189.36
Vaishali Nagar,"Plot No. 185, Vaishali Nagar, Jaipur, Rajasthan",24.42,6.0,7,2,7983,250.02
Tonk Road,"Plot No. 175, Tonk Road, Jaipur, Rajasthan",15.14,6.6,7,4,6820,202.36
Sangeener,"Plot No. 438, Sangeener, Jaipur, Rajasthan",8.68,5.1,7,4,6650,169.53
Vidyadhar Nagar,"Plot No. 387, Vidyadhar Nagar, Jaipur, Rajasthan",4.96,7.0,7,3,4918,138.09
Raja Park,"Plot No. 380, Raja Park, Jaipur, Rajasthan",23.45,6.3,8,5,9339,266.48
Jagatpura,"Plot No. 309, Jagatpura, Jaipur, Rajasthan",15.11,4.8,6,3,5320,182.22
Vidyadhar Nagar,"Plot No. 468, Vidyadhar Nagar, Jaipur, Rajasthan",4.85,6.2,7,4,8991,173.92
Jagatpura,"Plot No. 415, Jagatpura, Jaipur, Rajasthan",13.47,7.2,6,2,6799,176.1
Jhotwara,"Plot No. 69, Jhotwara, Jaipur, Rajasthan",7.36,4.5,8,5,6964,189.35
Sangeener,"Plot No. 472, Sangeener, Jaipur, Rajasthan",8.37,6.6,7,6,6724,170.55
Sangeener,"Plot No. 104, Sangeener, Jaipur, Rajasthan",5.62,6.3,7,4,7594,168.0
Ajmer Road,"Plot No. 246, Ajmer Road, Jaipur, Rajasthan",14.98,4.9,7,3,8037,204.79
Nirman Nagar,"Plot No. 161, Nirman Nagar, Jaipur, Rajasthan",9.73,6.6,7,3,8090,194.67
Jhotwara,"Plot No. 200, Jhotwara, Jaipur, Rajasthan",6.57,5.4,6,4,4771,149.64
Pratap Nagar,"Plot No. 216, Pratap Nagar, Jaipur, Rajasthan",5.85,5.9,7,3,4623,144.15
Raja Park,"Plot No. 434, Raja Park, Jaipur, Rajasthan",26.92,4.5,6,4,8839,258.04
Jagatpura,"Plot No. 212, Jagatpura, Jaipur, Rajasthan",13.77,8.2,7,5,6889,200.12
Jhotwara,"Plot No. 16, Jhotwara, Jaipur, Rajasthan",8.28,6.4,6,4,8157,176.36
Nirman Nagar,"Plot No. 498, Nirman Nagar, Jaipur, Rajasthan",10.99,6.0,10,3,7250,223.92
Tonk Road,"Plot No. 372, Tonk Road, Jaipur, Rajasthan",14.62,4.3,6,2,5353,187.2
C-Scheme,"Plot No. 332, C-Scheme, Jaipur, Rajasthan",19.13,5.0,9,3,11465,269.41
Tonk Road,"Plot No. 205, Tonk Road, Jaipur, Rajasthan",15.84,6.7,8,6,6538,217.33
Nirman Nagar,"Plot No. 365, Nirman Nagar, Jaipur, Rajasthan",14.63,4.5,6,2,6550,188.94
Sangeener,"Plot No. 490, Sangeener, Jaipur, Rajasthan",8.88,5.2,8,4,7119,188.43
Malviya Nagar,"Plot No. 39, Malviya Nagar, Jaipur, Rajasthan",17.25,7.5,7,2,4156,191.74
Mansarovar,"Plot No. 89, Mansarovar, Jaipur, Rajasthan",15.24,6.0,7,4,8714,207.54
Jagatpura,"Plot No. 430, Jagatpura, Jaipur, Rajasthan",14.45,6.7,6,3,5182,185.83
Vidyadhar Nagar,"Plot No. 256, Vidyadhar Nagar, Jaipur, Rajasthan",7.43,5.7,9,4,10690,217.2
Mansarovar,"Plot No. 480, Mansarovar, Jaipur, Rajasthan",11.71,5.4,7,4,8112,194.27
Mansarovar,"Plot No. 254, Mansarovar, Jaipur, Rajasthan",10.85,5.3,9,6,3720,203.44
Mansarovar,"Plot No. 216, Mansarovar, Jaipur, Rajasthan",15.79,4.7,6,4,7711,199.62
Vidyadhar Nagar,"Plot No. 368, Vidyadhar Nagar, Jaipur, Rajasthan",5.06,7.7,9,4,5368,170.49
Ajmer Road,"Plot No. 303, Ajmer Road, Jaipur, Rajasthan",15.42,5.7,7,3,5601,207.1
Tonk Road,"Plot No. 172, Tonk Road, Jaipur, Rajasthan",14.44,5.2,7,4,7862,214.69
Nirman Nagar,"Plot No. 137, Nirman Nagar, Jaipur, Rajasthan",12.15,4.1,7,6,7036,203.57
Vidyadhar Nagar,"Plot No. 488, Vidyadhar Nagar, Jaipur, Rajasthan",5.29,6.4,7,2,8957,160.16
Sangeener,"Plot No. 498, Sangeener, Jaipur, Rajasthan",4.97,5.7,7,3,7017,153.07
Vaishali Nagar,"Plot No. 471, Vaishali Nagar, Jaipur, Rajasthan",20.7,7.2,6,3,8147,229.11
Tonk Road,"Plot No. 384, Tonk Road, Jaipur, Rajasthan",12.77,5.7,8,5,11888,229.95
Vidyadhar Nagar,"Plot No. 178, Vidyadhar Nagar, Jaipur, Rajasthan",7.26,5.1,6,4,7038,150.26
Mansarovar,"Plot No. 77, Mansarovar, Jaipur, Rajasthan",15.84,6.3,8,3,7980,229.21
Jagatpura,"Plot No. 188, Jagatpura, Jaipur, Rajasthan",10.98,5.4,7,4,11280,207.87
Jhotwara,"Plot No. 480, Jhotwara, Jaipur, Rajasthan",5.77,9.5,6,2,5124,133.35
Pratap Nagar,"Plot No. 498, Pratap Nagar, Jaipur, Rajasthan",6.83,7.4,7,3,6262,157.28
Vidyadhar Nagar,"Plot No. 15, Vidyadhar Nagar, Jaipur, Rajasthan",6.11,6.0,9,3,13662,211.76
Jagatpura,"Plot No. 292, Jagatpura, Jaipur, Rajasthan",13.59,5.3,6,2,8438,190.12
Jhotwara,"Plot No. 497, Jhotwara, Jaipur, Rajasthan",7.05,7.0,8,3,7382,180.73
Raja Park,"Plot No. 319, Raja Park, Jaipur, Rajasthan",25.22,6.1,6,3,10723,258.04
Kalwar Road,"Plot No. 325, Kalwar Road, Jaipur, Rajasthan",4.66,5.8,5,4,8852,150.42
Jhotwara,"Plot No. 214, Jhotwara, Jaipur, Rajasthan",4.52,7.8,7,4,8515,154.43
Pratap Nagar,"Plot No. 208, Pratap Nagar, Jaipur, Rajasthan",7.7,4.5,8,5,7294,195.19
Jhotwara,"Plot No. 169, Jhotwara, Jaipur, Rajasthan",7.51,5.0,6,4,8410,165.69
Mansarovar,"Plot No. 330, Mansarovar, Jaipur, Rajasthan",11.72,5.9,7,4,7187,187.86
Malviya Nagar,"Plot No. 280, Malviya Nagar, Jaipur, Rajasthan",22.55,5.3,6,2,8962,238.19
Civil Lines,"Plot No. 466, Civil Lines, Jaipur, Rajasthan",17.78,3.8,7,3,11086,240.68
C-Scheme,"Plot No. 305, C-Scheme, Jaipur, Rajasthan",25.09,7.0,7,5,6954,253.83
Civil Lines,"Plot No. 146, Civil Lines, Jaipur, Rajasthan",17.02,4.3,9,6,7687,243.76
C-Scheme,"Plot No. 263, C-Scheme, Jaipur, Rajasthan",21.29,6.6,7,3,6464,236.56
Tonk Road,"Plot No. 4, Tonk Road, Jaipur, Rajasthan",11.04,6.5,7,6,8466,193.08
Tonk Road,"Plot No. 90, Tonk Road, Jaipur, Rajasthan",14.1,5.1,7,3,8330,214.11
Kalwar Road,"Plot No. 453, Kalwar Road, Jaipur, Rajasthan",8.85,8.2,7,6,7787,180.2
Sangeener,"Plot No. 60, Sangeener, Jaipur, Rajasthan",7.64,5.8,8,6,8975,188.74
Ajmer Road,"Plot No. 311, Ajmer Road, Jaipur, Rajasthan",11.11,6.5,8,3,3088,186.27
C-Scheme,"Plot No. 16, C-Scheme, Jaipur, Rajasthan",18.67,5.8,6,3,8997,228.88
Kalwar Road,"Plot No. 227, Kalwar Road, Jaipur, Rajasthan",7.1,4.4,8,6,9322,204.87
Tonk Road,"Plot No. 474, Tonk Road, Jaipur, Rajasthan",15.41,7.2,6,2,4440,175.87
Nirman Nagar,"Plot No. 466, Nirman Nagar, Jaipur, Rajasthan",13.08,6.6,5,3,8364,186.66
Raja Park,"Plot No. 29, Raja Park, Jaipur, Rajasthan",23.35,4.1,8,4,3510,251.92
Mansarovar,"Plot No. 151, Mansarovar, Jaipur, Rajasthan",10.27,6.3,6,4,7358,176.48
C-Scheme,"Plot No. 245, C-Scheme, Jaipur, Rajasthan",21.49,7.9,7,4,4355,222.2
Malviya Nagar,"Plot No. 270, Malviya Nagar, Jaipur, Rajasthan",20.34,5.1,6,2,8016,236.21
Mansarovar,"Plot No. 79, Mansarovar, Jaipur, Rajasthan",14.07,6.2,7,2,8322,218.3
Vaishali Nagar,"Plot No. 433, Vaishali Nagar, Jaipur, Rajasthan",20.81,6.4,9,3,7426,263.25
Civil Lines,"Plot No. 289, Civil Lines, Jaipur, Rajasthan",22.44,5.5,6,4,5876,223.03
Raja Park,"Plot No. 153, Raja Park, Jaipur, Rajasthan",18.69,6.7,7,5,6722,228.62
Nirman Nagar,"Plot No. 277, Nirman Nagar, Jaipur, Rajasthan",13.55,6.5,7,2,7577,193.96
Tonk Road,"Plot No. 401, Tonk Road, Jaipur, Rajasthan",15.62,6.5,6,4,6593,191.0
Ajmer Road,"Plot No. 279, Ajmer Road, Jaipur, Rajasthan",9.69,6.2,7,2,8396,197.9
Kalwar Road,"Plot No. 57, Kalwar Road, Jaipur, Rajasthan",6.52,7.5,7,3,4438,157.52
Jhotwara,"Plot No. 491, Jhotwara, Jaipur, Rajasthan",6.45,6.5,7,2,3199,155.0
Tonk Road,"Plot No. 465, Tonk Road, Jaipur, Rajasthan",12.45,4.2,6,4,8729,196.0
C-Scheme,"Plot No. 186, C-Scheme, Jaipur, Rajasthan",18.57,5.5,7,3,2760,201.84
Jagatpura,"Plot No. 398, Jagatpura, Jaipur, Rajasthan",15.29,6.4,9,3,7051,241.64
Vaishali Nagar,"Plot No. 93, Vaishali Nagar, Jaipur, Rajasthan",28.52,5.7,8,3,9312,292.09
Nirman Nagar,"Plot No. 276, Nirman Nagar, Jaipur, Rajasthan",13.37,6.0,6,4,8387,199.26
Pratap Nagar,"Plot No. 158, Pratap Nagar, Jaipur, Rajasthan",6.75,8.1,8,4,8710,185.96
Pratap Nagar,"Plot No. 275, Pratap Nagar, Jaipur, Rajasthan",7.85,5.6,7,3,7266,169.18
Jhotwara,"Plot No. 181, Jhotwara, Jaipur, Rajasthan",5.19,5.6,6,3,5912,133.42
Sangeener,"Plot No. 359, Sangeener, Jaipur, Rajasthan",7.86,5.2,8,3,4764,172.42
Ajmer Road,"Plot No. 440, Ajmer Road, Jaipur, Rajasthan",9.52,6.9,7,5,5389,172.24
Nirman Nagar,"Plot No. 77, Nirman Nagar, Jaipur, Rajasthan",9.09,6.6,8,5,7126,184.03
Mansarovar,"Plot No. 466, Mansarovar, Jaipur, Rajasthan",13.2,4.9,8,5,5391,202.26
Malviya Nagar,"Plot No. 151, Malviya Nagar, Jaipur, Rajasthan",23.88,6.8,8,4,6483,260.14
Nirman Nagar,"Plot No. 446, Nirman Nagar, Jaipur, Rajasthan",11.62,5.7,5,3,5483,163.94
Ajmer Road,"Plot No. 238, Ajmer Road, Jaipur, Rajasthan",9.02,5.2,8,4,5423,174.67
Malviya Nagar,"Plot No. 289, Malviya Nagar, Jaipur, Rajasthan",22.94,5.4,4,4,7726,216.93
Tonk Road,"Plot No. 231, Tonk Road, Jaipur, Rajasthan",11.94,6.1,6,3,7659,174.59
Ajmer Road,"Plot No. 488, Ajmer Road, Jaipur, Rajasthan",9.88,5.8,6,4,6292,157.75
Pratap Nagar,"Plot No. 18, Pratap Nagar, Jaipur, Rajasthan",8.54,6.0,7,4,8521,176.65
Jagatpura,"Plot No. 73, Jagatpura, Jaipur, Rajasthan",12.93,5.5,8,3,5860,207.19
Kalwar Road,"Plot No. 417, Kalwar Road, Jaipur, Rajasthan",5.53,6.2,8,4,4839,153.5
Kalwar Road,"Plot No. 416, Kalwar Road, Jaipur, Rajasthan",8.32,5.7,8,6,7786,181.73
Raja Park,"Plot No. 189, Raja Park, Jaipur, Rajasthan",18.95,6.9,7,3,4643,205.18
Tonk Road,"Plot No. 438, Tonk Road, Jaipur, Rajasthan",9.78,5.9,7,2,5496,183.57
Mansarovar,"Plot No. 17, Mansarovar, Jaipur, Rajasthan",9.58,5.4,8,6,6558,199.82
Vaishali Nagar,"Plot No. 19, Vaishali Nagar, Jaipur, Rajasthan",20.55,6.7,7,4,9210,235.37
Pratap Nagar,"Plot No. 219, Pratap Nagar, Jaipur, Rajasthan",5.36,6.3,7,4,6099,151.85
Nirman Nagar,"Plot No. 326, Nirman Nagar, Jaipur, Rajasthan",13.87,5.8,8,3,6138,218.51
Mansarovar,"Plot No. 483, Mansarovar, Jaipur, Rajasthan",9.9,5.3,6,2,6454,160.79
Raja Park,"Plot No. 120, Raja Park, Jaipur, Rajasthan",16.34,6.1,6,2,4680,181.57
Vaishali Nagar,"Plot No. 101, Vaishali Nagar, Jaipur, Rajasthan",20.29,5.4,8,4,5988,231.95
Nirman Nagar,"Plot No. 34, Nirman Nagar, Jaipur, Rajasthan",15.81,6.5,8,3,11152,252.43
Nirman Nagar,"Plot No. 84, Nirman Nagar, Jaipur, Rajasthan",13.95,5.3,8,5,4746,208.6
Ajmer Road,"Plot No. 409, Ajmer Road, Jaipur, Rajasthan",13.54,5.4,8,5,8202,213.19
Sangeener,"Plot No. 196, Sangeener, Jaipur, Rajasthan",8.21,5.5,7,6,7543,168.79
Jhotwara,"Plot No. 330, Jhotwara, Jaipur, Rajasthan",8.5,6.9,7,2,11634,206.92
Mansarovar,"Plot No. 202, Mansarovar, Jaipur, Rajasthan",15.77,5.8,7,4,3654,192.78
Sangeener,"Plot No. 344, Sangeener, Jaipur, Rajasthan",7.02,6.1,8,4,6391,179.47
Jagatpura,"Plot No. 341, Jagatpura, Jaipur, Rajasthan",12.14,4.7,8,3,6900,202.31
Jhotwara,"Plot No. 11, Jhotwara, Jaipur, Rajasthan",5.63,6.9,7,4,8147,171.58
Pratap Nagar,"Plot No. 347, Pratap Nagar, Jaipur, Rajasthan",7.17,6.2,9,5,5961,181.86
Pratap Nagar,"Plot No. 400, Pratap Nagar, Jaipur, Rajasthan",8.1,5.3,7,4,6580,178.57
Vaishali Nagar,"Plot No. 218, Vaishali Nagar, Jaipur, Rajasthan",16.09,6.2,6,2,11869,218.89
Tonk Road,"Plot No. 445, Tonk Road, Jaipur, Rajasthan",15.39,5.2,7,2,2602,180.04
Nirman Nagar,"Plot No. 253, Nirman Nagar, Jaipur, Rajasthan",12.38,4.1,7,3,6925,196.48
Vidyadhar Nagar,"Plot No. 222, Vidyadhar Nagar, Jaipur, Rajasthan",8.01,6.4,6,2,4749,155.86
Jhotwara,"Plot No. 383, Jhotwara, Jaipur, Rajasthan",8.61,6.9,6,4,8953,170.44
Civil Lines,"Plot No. 369, Civil Lines, Jaipur, Rajasthan",20.25,7.1,7,3,4204,207.15
C-Scheme,"Plot No. 80, C-Scheme, Jaipur, Rajasthan",26.0,6.7,5,3,6561,233.62
Jagatpura,"Plot No. 7, Jagatpura, Jaipur, Rajasthan",13.31,4.6,5,4,5723,174.21
Ajmer Road,"Plot No. 272, Ajmer Road, Jaipur, Rajasthan",12.44,7.5,7,3,6489,194.72
Malviya Nagar,"Plot No. 227, Malviya Nagar, Jaipur, Rajasthan",24.11,7.0,5,2,5623,216.38
Jhotwara,"Plot No. 16, Jhotwara, Jaipur, Rajasthan",4.94,5.4,5,3,7088,127.99
Vaishali Nagar,"Plot No. 424, Vaishali Nagar, Jaipur, Rajasthan",21.67,6.0,7,4,2383,217.62
Civil Lines,"Plot No. 12, Civil Lines, Jaipur, Rajasthan",20.26,4.6,7,5,4192,216.9
Civil Lines,"Plot No. 291, Civil Lines, Jaipur, Rajasthan",25.55,7.3,6,3,9957,267.41
Pratap Nagar,"Plot No. 241, Pratap Nagar, Jaipur, Rajasthan",5.77,5.6,7,5,8110,168.9
Ajmer Road,"Plot No. 21, Ajmer Road, Jaipur, Rajasthan",10.75,5.8,8,3,7286,199.78
Pratap Nagar,"Plot No. 178, Pratap Nagar, Jaipur, Rajasthan",5.83,8.1,7,3,8592,163.98
Vaishali Nagar,"Plot No. 427, Vaishali Nagar, Jaipur, Rajasthan",26.04,5.6,7,3,6992,257.33
Civil Lines,"Plot No. 228, Civil Lines, Jaipur, Rajasthan",26.7,5.9,7,4,5208,254.61
Mansarovar,"Plot No. 496, Mansarovar, Jaipur, Rajasthan",15.21,6.5,6,3,8672,199.75
Civil Lines,"Plot No. 273, Civil Lines, Jaipur, Rajasthan",21.87,6.0,7,3,6193,243.79
Raja Park,"Plot No. 288, Raja Park, Jaipur, Rajasthan",22.79,6.7,6,4,5788,224.06
Sangeener,"Plot No. 297, Sangeener, Jaipur, Rajasthan",4.92,5.6,7,4,5836,149.24
Jagatpura,"Plot No. 134, Jagatpura, Jaipur, Rajasthan",11.87,5.4,6,3,8274,180.35
Jagatpura,"Plot No. 472, Jagatpura, Jaipur, Rajasthan",12.73,6.0,10,4,8091,241.01
Vidyadhar Nagar,"Plot No. 283, Vidyadhar Nagar, Jaipur, Rajasthan",4.86,6.9,7,4,7073,147.86
Mansarovar,"Plot No. 404, Mansarovar, Jaipur, Rajasthan",13.16,5.9,7,4,7148,198.06
Vidyadhar Nagar,"Plot No. 153, Vidyadhar Nagar, Jaipur, Rajasthan",5.95,7.3,7,2,5056,152.89
Sangeener,"Plot No. 66, Sangeener, Jaipur, Rajasthan",7.71,5.7,8,4,8360,188.05
Mansarovar,"Plot No. 137, Mansarovar, Jaipur, Rajasthan",11.77,5.9,6,4,7135,185.32
Ajmer Road,"Plot No. 92, Ajmer Road, Jaipur, Rajasthan",9.26,4.1,6,2,5472,166.17
Tonk Road,"Plot No. 437, Tonk Road, Jaipur, Rajasthan",14.3,4.6,9,5,9035,249.34
Ajmer Road,"Plot No. 317, Ajmer Road, Jaipur, Rajasthan",14.78,6.3,7,5,10225,221.79
Sangeener,"Plot No. 422, Sangeener, Jaipur, Rajasthan",7.96,6.3,7,3,5746,167.24
Jagatpura,"Plot No. 259, Jagatpura, Jaipur, Rajasthan",10.39,3.5,6,3,10309,188.08
Sangeener,"Plot No. 468, Sangeener, Jaipur, Rajasthan",4.59,5.5,7,3,9056,165.77
Ajmer Road,"Plot No. 454, Ajmer Road, Jaipur, Rajasthan",15.7,5.5,7,3,7536,204.33
Tonk Road,"Plot No. 103, Tonk Road, Jaipur, Rajasthan",14.57,8.3,8,6,4982,207.18
Vidyadhar Nagar,"Plot No. 481, Vidyadhar Nagar, Jaipur, Rajasthan",7.81,8.0,6,3,7596,156.7
Raja Park,"Plot No. 55, Raja Park, Jaipur, Rajasthan",27.66,5.3,9,3,6311,290.18
Vidyadhar Nagar,"Plot No. 257, Vidyadhar Nagar, Jaipur, Rajasthan",5.34,4.9,7,4,7544,160.1
Civil Lines,"Plot No. 101, Civil Lines, Jaipur, Rajasthan",26.22,6.3,8,6,6882,274.24
Jagatpura,"Plot No. 198, Jagatpura, Jaipur, Rajasthan",13.95,6.7,6,4,7393,189.83
Jagatpura,"Plot No. 301, Jagatpura, Jaipur, Rajasthan",12.09,5.0,8,4,7126,206.8
Jagatpura,"Plot No. 226, Jagatpura, Jaipur, Rajasthan",15.03,4.6,6,2,4887,195.53
Tonk Road,"Plot No. 431, Tonk Road, Jaipur, Rajasthan",12.57,6.5,8,4,2168,186.55
Tonk Road,"Plot No. 463, Tonk Road, Jaipur, Rajasthan",10.0,5.3,6,3,8018,172.38
Sangeener,"Plot No. 237, Sangeener, Jaipur, Rajasthan",6.8,4.8,6,3,7939,162.21
Sangeener,"Plot No. 26, Sangeener, Jaipur, Rajasthan",7.46,4.5,7,3,7371,174.25
Jagatpura,"Plot No. 121, Jagatpura, Jaipur, Rajasthan",15.46,7.5,9,6,4252,223.12
Nirman Nagar,"Plot No. 398, Nirman Nagar, Jaipur, Rajasthan",11.7,7.3,6,4,5593,176.84
Mansarovar,"Plot No. 182, Mansarovar, Jaipur, Rajasthan",11.78,6.2,8,3,7039,199.11
Sangeener,"Plot No. 199, Sangeener, Jaipur, Rajasthan",5.25,5.9,6,4,7704,158.29
Vidyadhar Nagar,"Plot No. 302, Vidyadhar Nagar, Jaipur, Rajasthan",7.28,5.6,8,5,7930,180.78
Civil Lines,"Plot No. 255, Civil Lines, Jaipur, Rajasthan",26.48,6.4,9,3,11482,313.17
Jagatpura,"Plot No. 122, Jagatpura, Jaipur, Rajasthan",15.83,6.0,5,4,7482,184.37
Sangeener,"Plot No. 31, Sangeener, Jaipur, Rajasthan",5.67,6.8,6,4,5748,138.71
Pratap Nagar,"Plot No. 472, Pratap Nagar, Jaipur, Rajasthan",6.22,5.9,7,3,7547,174.79
Nirman Nagar,"Plot No. 315, Nirman Nagar, Jaipur, Rajasthan",14.96,6.5,8,5,10594,234.43
Jhotwara,"Plot No. 479, Jhotwara, Jaipur, Rajasthan",5.57,5.1,8,4,9734,198.57
Civil Lines,"Plot No. 285, Civil Lines, Jaipur, Rajasthan",16.21,7.8,9,6,9899,241.64
Civil Lines,"Plot No. 106, Civil Lines, Jaipur, Rajasthan",20.94,6.2,6,2,6048,217.72
Civil Lines,"Plot No. 224, Civil Lines, Jaipur, Rajasthan",18.0,6.1,8,5,10134,253.57
Mansarovar,"Plot No. 273, Mansarovar, Jaipur, Rajasthan",15.8,4.2,7,5,4777,192.53
Jagatpura,"Plot No. 398, Jagatpura, Jaipur, Rajasthan",12.2,6.2,8,3,6590,196.25
Pratap Nagar,"Plot No. 232, Pratap Nagar, Jaipur, Rajasthan",7.06,5.7,7,3,6797,158.73
Nirman Nagar,"Plot No. 420, Nirman Nagar, Jaipur, Rajasthan",10.11,5.3,8,6,6360,203.24
Mansarovar,"Plot No. 256, Mansarovar, Jaipur, Rajasthan",11.0,6.0,8,4,6774,203.88
Jagatpura,"Plot No. 442, Jagatpura, Jaipur, Rajasthan",13.24,5.1,6,3,6044,180.59
Tonk Road,"Plot No. 496, Tonk Road, Jaipur, Rajasthan",12.79,5.1,6,3,6037,174.05
Sangeener,"Plot No. 24, Sangeener, Jaipur, Rajasthan",7.73,6.1,6,4,3495,134.24
Jhotwara,"Plot No. 109, Jhotwara, Jaipur, Rajasthan",7.75,5.0,7,3,8736,183.02
Civil Lines,"Plot No. 191, Civil Lines, Jaipur, Rajasthan",19.14,7.6,6,3,9137,232.67
Jagatpura,"Plot No. 347, Jagatpura, Jaipur, Rajasthan",11.01,5.9,5,4,9695,180.97
Vaishali Nagar,"Plot No. 25, Vaishali Nagar, Jaipur, Rajasthan",28.3,6.5,7,3,9258,278.68
Jagatpura,"Plot No. 187, Jagatpura, Jaipur, Rajasthan",13.17,6.5,7,5,6486,194.91
Vidyadhar Nagar,"Plot No. 288, Vidyadhar Nagar, Jaipur, Rajasthan",6.99,4.8,7,4,6502,177.84
Jagatpura,"Plot No. 116, Jagatpura, Jaipur, Rajasthan",12.79,5.6,6,4,9113,195.93
Malviya Nagar,"Plot No. 338, Malviya Nagar, Jaipur, Rajasthan",17.87,6.4,6,3,5578,210.35
Pratap Nagar,"Plot No. 366, Pratap Nagar, Jaipur, Rajasthan",5.18,5.4,7,4,4683,139.51
Malviya Nagar,"Plot No. 402, Malviya Nagar, Jaipur, Rajasthan",16.31,5.6,7,3,4455,205.58
Pratap Nagar,"Plot No. 37, Pratap Nagar, Jaipur, Rajasthan",7.99,5.7,8,4,4077,173.73
Pratap Nagar,"Plot No. 282, Pratap Nagar, Jaipur, Rajasthan",4.87,6.5,9,4,9157,196.12
Tonk Road,"Plot No. 137, Tonk Road, Jaipur, Rajasthan",12.17,5.6,7,3,9473,207.79
Sangeener,"Plot No. 227, Sangeener, Jaipur, Rajasthan",5.1,6.7,8,3,6670,159.66
Raja Park,"Plot No. 320, Raja Park, Jaipur, Rajasthan",27.66,5.0,7,4,7946,266.99
Jagatpura,"Plot No. 328, Jagatpura, Jaipur, Rajasthan",15.55,6.5,5,2,6303,189.85
Ajmer Road,"Plot No. 404, Ajmer Road, Jaipur, Rajasthan",9.75,5.5,8,6,7434,191.38
Jhotwara,"Plot No. 182, Jhotwara, Jaipur, Rajasthan",4.65,5.1,9,4,6543,190.24
Vaishali Nagar,"Plot No. 362, Vaishali Nagar, Jaipur, Rajasthan",25.23,4.5,6,2,4536,237.63
Nirman Nagar,"Plot No. 86, Nirman Nagar, Jaipur, Rajasthan",10.61,7.2,7,5,6698,181.51
Jhotwara,"Plot No. 467, Jhotwara, Jaipur, Rajasthan",5.81,6.9,7,6,8017,175.02
Vaishali Nagar,"Plot No. 414, Vaishali Nagar, Jaipur, Rajasthan",17.91,6.9,5,2,3229,182.66
Malviya Nagar,"Plot No. 53, Malviya Nagar, Jaipur, Rajasthan",28.57,5.9,8,3,10620,300.97
Ajmer Road,"Plot No. 348, Ajmer Road, Jaipur, Rajasthan",12.55,7.1,4,2,9246,160.19
Vidyadhar Nagar,"Plot No. 355, Vidyadhar Nagar, Jaipur, Rajasthan",5.86,5.7,8,3,5126,173.57
Jagatpura,"Plot No. 235, Jagatpura, Jaipur, Rajasthan",13.51,5.0,8,5,9875,233.02
Civil Lines,"Plot No. 447, Civil Lines, Jaipur, Rajasthan",24.1,6.2,7,4,4888,245.63
Vidyadhar Nagar,"Plot No. 267, Vidyadhar Nagar, Jaipur, Rajasthan",4.51,5.2,10,6,7153,199.51
Vidyadhar Nagar,"Plot No. 287, Vidyadhar Nagar, Jaipur, Rajasthan",7.21,5.7,8,5,8312,184.13
Mansarovar,"Plot No. 433, Mansarovar, Jaipur, Rajasthan",13.88,4.5,7,4,5379,202.95
Jagatpura,"Plot No. 496, Jagatpura, Jaipur, Rajasthan",10.6,6.0,8,6,8744,196.64
Pratap Nagar,"Plot No. 487, Pratap Nagar, Jaipur, Rajasthan",7.28,4.8,8,3,5099,168.98
Tonk Road,"Plot No. 100, Tonk Road, Jaipur, Rajasthan",12.71,7.5,6,2,3883,157.1
Vidyadhar Nagar,"Plot No. 478, Vidyadhar Nagar, Jaipur, Rajasthan",7.16,8.4,6,3,6240,142.18
Pratap Nagar,"Plot No. 87, Pratap Nagar, Jaipur, Rajasthan",6.47,4.4,7,2,9706,182.63
Jagatpura,"Plot No. 403, Jagatpura, Jaipur, Rajasthan",14.21,6.5,8,5,9283,216.62
Sangeener,"Plot No. 396, Sangeener, Jaipur, Rajasthan",6.89,5.9,7,3,7750,165.6
Malviya Nagar,"Plot No. 15, Malviya Nagar, Jaipur, Rajasthan",29.73,5.5,7,4,8007,278.14
Sangeener,"Plot No. 415, Sangeener, Jaipur, Rajasthan",7.89,6.7,7,3,7137,175.61
Kalwar Road,"Plot No. 427, Kalwar Road, Jaipur, Rajasthan",6.94,5.7,8,6,9843,194.35
Vaishali Nagar,"Plot No. 101, Vaishali Nagar, Jaipur, Rajasthan",24.45,7.0,6,4,4091,223.48
Kalwar Road,"Plot No. 165, Kalwar Road, Jaipur, Rajasthan",8.62,6.7,9,4,8262,211.0
Kalwar Road,"Plot No. 463, Kalwar Road, Jaipur, Rajasthan",4.56,5.8,6,3,1447,116.56
Kalwar Road,"Plot No. 29, Kalwar Road, Jaipur, Rajasthan",7.69,5.2,9,5,3623,177.2
Jagatpura,"Plot No. 114, Jagatpura, Jaipur, Rajasthan",12.94,7.3,9,6,11323,250.03
Jagatpura,"Plot No. 107, Jagatpura, Jaipur, Rajasthan",9.27,5.3,8,6,9249,193.96
Nirman Nagar,"Plot No. 410, Nirman Nagar, Jaipur, Rajasthan",14.18,4.4,8,6,8188,219.51
Mansarovar,"Plot No. 364, Mansarovar, Jaipur, Rajasthan",15.55,3.9,8,5,5307,218.51
C-Scheme,"Plot No. 130, C-Scheme, Jaipur, Rajasthan",21.52,4.0,7,5,7008,246.99
Civil Lines,"Plot No. 84, Civil Lines, Jaipur, Rajasthan",24.56,8.1,7,5,7414,258.14
Nirman Nagar,"Plot No. 271, Nirman Nagar, Jaipur, Rajasthan",12.73,4.8,7,4,6412,185.89
Kalwar Road,"Plot No. 244, Kalwar Road, Jaipur, Rajasthan",7.38,6.7,8,4,7265,186.88
Pratap Nagar,"Plot No. 388, Pratap Nagar, Jaipur, Rajasthan",8.36,5.9,7,4,6839,178.88
Tonk Road,"Plot No. 214, Tonk Road, Jaipur, Rajasthan",13.22,8.2,7,3,7482,191.85
C-Scheme,"Plot No. 306, C-Scheme, Jaipur, Rajasthan",16.26,5.8,8,3,9066,227.93
Civil Lines,"Plot No. 166, Civil Lines, Jaipur, Rajasthan",27.65,5.6,8,6,9142,296.02
Vidyadhar Nagar,"Plot No. 279, Vidyadhar Nagar, Jaipur, Rajasthan",4.55,6.9,7,5,6176,146.36
Tonk Road,"Plot No. 59, Tonk Road, Jaipur, Rajasthan",10.53,7.6,8,3,11644,208.4
Malviya Nagar,"Plot No. 90, Malviya Nagar, Jaipur, Rajasthan",19.66,5.5,7,4,10414,241.66
Vidyadhar Nagar,"Plot No. 371, Vidyadhar Nagar, Jaipur, Rajasthan",4.59,6.0,7,4,6944,147.37
Kalwar Road,"Plot No. 331, Kalwar Road, Jaipur, Rajasthan",6.89,4.3,6,4,7215,154.68
Vidyadhar Nagar,"Plot No. 412, Vidyadhar Nagar, Jaipur, Rajasthan",8.49,4.2,7,3,5731,168.81
Raja Park,"Plot No. 194, Raja Park, Jaipur, Rajasthan",19.99,5.7,6,2,6147,210.57
Ajmer Road,"Plot No. 123, Ajmer Road, Jaipur, Rajasthan",10.06,5.0,8,4,6601,203.19
Tonk Road,"Plot No. 136, Tonk Road, Jaipur, Rajasthan",15.8,4.7,8,4,7798,223.43
Mansarovar,"Plot No. 413, Mansarovar, Jaipur, Rajasthan",13.52,7.5,7,4,6390,193.95
Malviya Nagar,"Plot No. 139, Malviya Nagar, Jaipur, Rajasthan",22.98,8.2,5,3,5141,217.86
Malviya Nagar,"Plot No. 229, Malviya Nagar, Jaipur, Rajasthan",16.63,5.8,6,4,8353,217.47
Vidyadhar Nagar,"Plot No. 274, Vidyadhar Nagar, Jaipur, Rajasthan",5.8,4.5,8,6,9047,183.51
C-Scheme,"Plot No. 439, C-Scheme, Jaipur, Rajasthan",29.08,6.5,8,5,9723,295.98
Jagatpura,"Plot No. 50, Jagatpura, Jaipur, Rajasthan",15.1,4.7,6,3,9322,210.91
Vaishali Nagar,"Plot No. 398, Vaishali Nagar, Jaipur, Rajasthan",26.36,4.6,6,4,8172,265.85
Ajmer Road,"Plot No. 118, Ajmer Road, Jaipur, Rajasthan",13.82,5.7,6,4,6451,177.24
Kalwar Road,"Plot No. 202, Kalwar Road, Jaipur, Rajasthan",5.03,7.2,7,2,7932,159.87
Sangeener,"Plot No. 483, Sangeener, Jaipur, Rajasthan",8.86,6.5,7,2,8692,192.23
Pratap Nagar,"Plot No. 393, Pratap Nagar, Jaipur, Rajasthan",8.13,5.6,7,2,7011,172.89
Jagatpura,"Plot No. 483, Jagatpura, Jaipur, Rajasthan",14.14,7.9,6,2,5334,184.09
Ajmer Road,"Plot No. 395, Ajmer Road, Jaipur, Rajasthan",12.13,4.6,6,3,4052,172.42
Jhotwara,"Plot No. 191, Jhotwara, Jaipur, Rajasthan",7.36,6.9,8,5,9292,186.55
Sangeener,"Plot No. 364, Sangeener, Jaipur, Rajasthan",5.94,6.6,7,6,8826,170.73
Mansarovar,"Plot No. 460, Mansarovar, Jaipur, Rajasthan",9.33,6.3,8,4,9935,207.33
Pratap Nagar,"Plot No. 323, Pratap Nagar, Jaipur, Rajasthan",6.28,6.7,6,2,9495,168.88
Nirman Nagar,"Plot No. 181, Nirman Nagar, Jaipur, Rajasthan",15.29,7.4,7,6,6848,211.98
Sangeener,"Plot No. 423, Sangeener, Jaipur, Rajasthan",5.3,7.2,7,2,4800,152.84
Ajmer Road,"Plot No. 78, Ajmer Road, Jaipur, Rajasthan",9.7,4.6,7,3,6084,169.65
Jagatpura,"Plot No. 440, Jagatpura, Jaipur, Rajasthan",10.61,5.5,9,5,5168,204.93
Tonk Road,"Plot No. 412, Tonk Road, Jaipur, Rajasthan",12.88,6.2,8,5,6369,205.32
Nirman Nagar,"Plot No. 75, Nirman Nagar, Jaipur, Rajasthan",15.5,5.8,7,4,5570,204.03
Tonk Road,"Plot No. 295, Tonk Road, Jaipur, Rajasthan",12.53,5.8,5,2,3949,153.65
Raja Park,"Plot No. 281, Raja Park, Jaipur, Rajasthan",20.37,5.2,7,4,8603,246.27
Civil Lines,"Plot No. 21, Civil Lines, Jaipur, Rajasthan",22.74,4.9,7,3,6950,249.03
Malviya Nagar,"Plot No. 394, Malviya Nagar, Jaipur, Rajasthan",20.45,6.7,6,4,6984,221.62
Ajmer Road,"Plot No. 171, Ajmer Road, Jaipur, Rajasthan",11.71,7.0,7,3,6387,193.88
Jagatpura,"Plot No. 15, Jagatpura, Jaipur, Rajasthan",13.98,4.2,6,2,7771,188.7
Raja Park,"Plot No. 211, Raja Park, Jaipur, Rajasthan",24.86,6.3,9,3,4126,259.53
Civil Lines,"Plot No. 48, Civil Lines, Jaipur, Rajasthan",19.25,6.4,9,3,6638,248.89
Sangeener,"Plot No. 86, Sangeener, Jaipur, Rajasthan",7.9,5.1,9,3,8197,213.43
Vaishali Nagar,"Plot No. 149, Vaishali Nagar, Jaipur, Rajasthan",28.08,6.9,5,4,9213,246.94
Vidyadhar Nagar,"Plot No. 188, Vidyadhar Nagar, Jaipur, Rajasthan",8.47,6.0,8,6,5874,178.77
Nirman Nagar,"Plot No. 372, Nirman Nagar, Jaipur, Rajasthan",12.78,5.0,6,2,5086,184.79
C-Scheme,"Plot No. 492, C-Scheme, Jaipur, Rajasthan",21.28,6.7,7,2,3002,224.06
Raja Park,"Plot No. 480, Raja Park, Jaipur, Rajasthan",25.9,5.0,7,2,6129,263.77
Sangeener,"Plot No. 306, Sangeener, Jaipur, Rajasthan",5.27,4.8,7,3,8885,167.69
Nirman Nagar,"Plot No. 151, Nirman Nagar, Jaipur, Rajasthan",10.52,4.7,6,4,8800,191.38
Civil Lines,"Plot No. 141, Civil Lines, Jaipur, Rajasthan",25.4,4.8,6,4,8195,252.8
Sangeener,"Plot No. 69, Sangeener, Jaipur, Rajasthan",4.98,4.1,6,4,7389,154.09
Kalwar Road,"Plot No. 260, Kalwar Road, Jaipur, Rajasthan",8.51,7.3,8,5,9251,191.93
C-Scheme,"Plot No. 476, C-Scheme, Jaipur, Rajasthan",25.79,5.4,7,3,7468,266.17
Nirman Nagar,"Plot No. 334, Nirman Nagar, Jaipur, Rajasthan",13.48,5.5,7,5,5004,187.03
Pratap Nagar,"Plot No. 456, Pratap Nagar, Jaipur, Rajasthan",6.15,6.5,7,3,11586,183.58
Vidyadhar Nagar,"Plot No. 9, Vidyadhar Nagar, Jaipur, Rajasthan",5.09,5.4,7,4,7705,166.59
Tonk Road,"Plot No. 121, Tonk Road, Jaipur, Rajasthan",10.23,6.0,5,4,8461,162.21
Vaishali Nagar,"Plot No. 371, Vaishali Nagar, Jaipur, Rajasthan",24.33,6.9,8,5,8345,263.65
Nirman Nagar,"Plot No. 419, Nirman Nagar, Jaipur, Rajasthan",9.19,6.3,7,3,8863,185.36
Malviya Nagar,"Plot No. 101, Malviya Nagar, Jaipur, Rajasthan",16.89,5.5,6,2,7044,210.6
Sangeener,"Plot No. 149, Sangeener, Jaipur, Rajasthan",6.63,6.4,7,6,4607,148.75
Raja Park,"Plot No. 442, Raja Park, Jaipur, Rajasthan",20.21,5.6,8,3,4030,235.5
C-Scheme,"Plot No. 146, C-Scheme, Jaipur, Rajasthan",23.55,6.8,7,3,5735,244.43
Kalwar Road,"Plot No. 353, Kalwar Road, Jaipur, Rajasthan",4.94,7.3,7,3,7568,163.18
Tonk Road,"Plot No. 456, Tonk Road, Jaipur, Rajasthan",14.05,6.2,8,4,6965,213.46
Vaishali Nagar,"Plot No. 243, Vaishali Nagar, Jaipur, Rajasthan",20.99,7.2,6,4,4773,215.73
Mansarovar,"Plot No. 241, Mansarovar, Jaipur, Rajasthan",13.58,6.5,9,3,9070,224.05
Sangeener,"Plot No. 337, Sangeener, Jaipur, Rajasthan",5.78,7.2,7,6,6842,156.27
C-Scheme,"Plot No. 43, C-Scheme, Jaipur, Rajasthan",29.28,7.6,5,4,8568,260.57
Kalwar Road,"Plot No. 95, Kalwar Road, Jaipur, Rajasthan",7.78,4.6,5,3,7537,162.87
Malviya Nagar,"Plot No. 226, Malviya Nagar, Jaipur, Rajasthan",18.18,6.2,6,4,7504,202.53
Sangeener,"Plot No. 6, Sangeener, Jaipur, Rajasthan",7.76,6.1,5,3,8588,156.24
Sangeener,"Plot No. 214, Sangeener, Jaipur, Rajasthan",7.47,5.3,8,6,6079,187.78
Jagatpura,"Plot No. 206, Jagatpura, Jaipur, Rajasthan",10.42,6.7,7,3,6944,190.96
Jhotwara,"Plot No. 67, Jhotwara, Jaipur, Rajasthan",4.57,6.3,8,4,5919,153.54
Vidyadhar Nagar,"Plot No. 396, Vidyadhar Nagar, Jaipur, Rajasthan",5.01,5.9,6,4,8303,154.3
Vidyadhar Nagar,"Plot No. 100, Vidyadhar Nagar, Jaipur, Rajasthan",5.6,5.8,7,6,4051,137.52
Nirman Nagar,"Plot No. 12, Nirman Nagar, Jaipur, Rajasthan",9.91,7.0,8,6,6177,194.74
Jhotwara,"Plot No. 237, Jhotwara, Jaipur, Rajasthan",6.55,7.3,6,2,12078,174.06
Nirman Nagar,"Plot No. 322, Nirman Nagar, Jaipur, Rajasthan",14.61,7.3,7,4,9184,219.41
Raja Park,"Plot No. 258, Raja Park, Jaipur, Rajasthan",20.8,6.0,6,3,9895,246.21
Nirman Nagar,"Plot No. 399, Nirman Nagar, Jaipur, Rajasthan",14.25,5.7,5,3,9178,200.26
Sangeener,"Plot No. 407, Sangeener, Jaipur, Rajasthan",8.22,5.7,8,4,3825,178.91
Nirman Nagar,"Plot No. 413, Nirman Nagar, Jaipur, Rajasthan",10.17,6.5,8,6,5088,179.59
Vidyadhar Nagar,"Plot No. 337, Vidyadhar Nagar, Jaipur, Rajasthan",4.66,6.4,6,3,7132,139.32
Kalwar Road,"Plot No. 480, Kalwar Road, Jaipur, Rajasthan",7.18,6.1,5,4,5296,139.31
Sangeener,"Plot No. 135, Sangeener, Jaipur, Rajasthan",6.0,6.2,7,4,8492,171.84
Civil Lines,"Plot No. 222, Civil Lines, Jaipur, Rajasthan",23.69,5.7,6,3,7760,231.15
Ajmer Road,"Plot No. 156, Ajmer Road, Jaipur, Rajasthan",15.15,6.3,8,6,8622,225.21
Ajmer Road,"Plot No. 142, Ajmer Road, Jaipur, Rajasthan",13.36,5.6,8,5,6719,218.46
C-Scheme,"Plot No. 428, C-Scheme, Jaipur, Rajasthan",23.94,6.7,8,6,8820,277.93
Pratap Nagar,"Plot No. 158, Pratap Nagar, Jaipur, Rajasthan",5.93,6.4,7,3,10792,175.9
Raja Park,"Plot No. 465, Raja Park, Jaipur, Rajasthan",26.81,7.6,8,6,8366,277.76
Ajmer Road,"Plot No. 416, Ajmer Road, Jaipur, Rajasthan",9.47,4.8,7,2,8187,189.4
Vaishali Nagar,"Plot No. 494, Vaishali Nagar, Jaipur, Rajasthan",21.62,5.2,8,6,8041,264.24
Raja Park,"Plot No. 326, Raja Park, Jaipur, Rajasthan",27.19,7.2,9,6,1472,260.71
Jhotwara,"Plot No. 371, Jhotwara, Jaipur, Rajasthan",7.38,7.4,7,4,6728,176.33
Nirman Nagar,"Plot No. 344, Nirman Nagar, Jaipur, Rajasthan",11.34,5.7,6,4,8062,189.17
Civil Lines,"Plot No. 262, Civil Lines, Jaipur, Rajasthan",17.36,4.2,8,4,8796,251.07
Pratap Nagar,"Plot No. 283, Pratap Nagar, Jaipur, Rajasthan",8.49,5.8,7,3,5530,173.33
Tonk Road,"Plot No. 338, Tonk Road, Jaipur, Rajasthan",9.22,5.7,7,5,6504,184.78
Pratap Nagar,"Plot No. 344, Pratap Nagar, Jaipur, Rajasthan",5.14,5.3,7,5,7763,171.16
Ajmer Road,"Plot No. 229, Ajmer Road, Jaipur, Rajasthan",12.66,6.1,8,4,11529,225.34
Sangeener,"Plot No. 376, Sangeener, Jaipur, Rajasthan",8.71,5.3,5,4,4778,137.34
Jhotwara,"Plot No. 280, Jhotwara, Jaipur, Rajasthan",7.43,4.8,6,2,10414,184.82
Malviya Nagar,"Plot No. 358, Malviya Nagar, Jaipur, Rajasthan",28.0,5.3,8,6,8118,279.73
Civil Lines,"Plot No. 290, Civil Lines, Jaipur, Rajasthan",17.46,6.5,8,5,8372,235.09
Pratap Nagar,"Plot No. 168, Pratap Nagar, Jaipur, Rajasthan",5.51,5.5,7,3,5721,162.22
Sangeener,"Plot No. 47, Sangeener, Jaipur, Rajasthan",8.89,7.4,6,3,7834,174.01
Sangeener,"Plot No. 463, Sangeener, Jaipur, Rajasthan",6.4,6.8,9,4,5413,173.36
Tonk Road,"Plot No. 203, Tonk Road, Jaipur, Rajasthan",11.07,6.3,6,4,7436,177.62
Vaishali Nagar,"Plot No. 214, Vaishali Nagar, Jaipur, Rajasthan",23.15,4.1,7,4,6303,245.08
Nirman Nagar,"Plot No. 246, Nirman Nagar, Jaipur, Rajasthan",11.25,6.0,6,3,11397,195.46
Malviya Nagar,"Plot No. 24, Malviya Nagar, Jaipur, Rajasthan",21.76,5.5,5,4,4570,212.39
Kalwar Road,"Plot No. 321, Kalwar Road, Jaipur, Rajasthan",7.85,4.9,4,4,10575,159.27
Kalwar Road,"Plot No. 274, Kalwar Road, Jaipur, Rajasthan",8.68,4.6,7,3,4923,177.98
Malviya Nagar,"Plot No. 44, Malviya Nagar, Jaipur, Rajasthan",25.42,5.8,7,4,6810,247.7
Nirman Nagar,"Plot No. 332, Nirman Nagar, Jaipur, Rajasthan",9.65,6.5,7,5,3822,162.57
Malviya Nagar,"Plot No. 313, Malviya Nagar, Jaipur, Rajasthan",27.43,4.4,7,4,5076,266.15
Nirman Nagar,"Plot No. 363, Nirman Nagar, Jaipur, Rajasthan",15.72,5.2,8,4,7469,224.45
Sangeener,"Plot No. 156, Sangeener, Jaipur, Rajasthan",8.4,6.3,7,6,5800,164.11
Tonk Road,"Plot No. 488, Tonk Road, Jaipur, Rajasthan",9.31,5.4,6,3,7265,179.87
Civil Lines,"Plot No. 380, Civil Lines, Jaipur, Rajasthan",27.84,5.7,5,3,9727,266.18
Vidyadhar Nagar,"Plot No. 199, Vidyadhar Nagar, Jaipur, Rajasthan",7.47,7.3,4,3,3491,116.29
Vidyadhar Nagar,"Plot No. 407, Vidyadhar Nagar, Jaipur, Rajasthan",5.48,5.7,7,6,6473,160.35
Pratap Nagar,"Plot No. 469, Pratap Nagar, Jaipur, Rajasthan",5.74,5.5,9,3,3643,160.65
Civil Lines,"Plot No. 162, Civil Lines, Jaipur, Rajasthan",29.86,4.9,9,5,6637,311.78
Vaishali Nagar,"Plot No. 395, Vaishali Nagar, Jaipur, Rajasthan",26.42,6.3,7,2,6822,266.6
Tonk Road,"Plot No. 470, Tonk Road, Jaipur, Rajasthan",11.24,5.4,6,3,7265,169.91
Raja Park,"Plot No. 234, Raja Park, Jaipur, Rajasthan",19.47,3.0,7,2,4334,213.15
Tonk Road,"Plot No. 163, Tonk Road, Jaipur, Rajasthan",13.71,5.4,7,5,8054,213.4
Tonk Road,"Plot No. 116, Tonk Road, Jaipur, Rajasthan",11.44,6.2,9,3,8629,213.49
Civil Lines,"Plot No. 93, Civil Lines, Jaipur, Rajasthan",29.47,5.2,6,3,7270,275.84
Tonk Road,"Plot No. 42, Tonk Road, Jaipur, Rajasthan",15.11,5.7,6,4,4354,192.75
Vidyadhar Nagar,"Plot No. 284, Vidyadhar Nagar, Jaipur, Rajasthan",5.51,6.4,6,2,6207,152.61
Ajmer Road,"Plot No. 379, Ajmer Road, Jaipur, Rajasthan",11.63,5.9,8,6,5522,200.36
Nirman Nagar,"Plot No. 210, Nirman Nagar, Jaipur, Rajasthan",10.99,7.1,8,3,3572,180.71
Tonk Road,"Plot No. 206, Tonk Road, Jaipur, Rajasthan",10.97,4.8,8,4,9139,203.8
Mansarovar,"Plot No. 466, Mansarovar, Jaipur, Rajasthan",11.41,5.3,8,3,5524,200.05
Vaishali Nagar,"Plot No. 220, Vaishali Nagar, Jaipur, Rajasthan",26.58,6.6,8,3,7331,273.28
Ajmer Road,"Plot No. 280, Ajmer Road, Jaipur, Rajasthan",11.87,8.0,7,5,9233,201.55
Tonk Road,"Plot No. 136, Tonk Road, Jaipur, Rajasthan",9.92,7.9,8,3,7818,191.72
Mansarovar,"Plot No. 106, Mansarovar, Jaipur, Rajasthan",10.13,5.4,6,4,5488,159.81
Vidyadhar Nagar,"Plot No. 118, Vidyadhar Nagar, Jaipur, Rajasthan",5.33,7.6,7,3,8292,161.13
Tonk Road,"Plot No. 237, Tonk Road, Jaipur, Rajasthan",12.88,6.3,5,4,9011,188.71
Nirman Nagar,"Plot No. 309, Nirman Nagar, Jaipur, Rajasthan",13.09,4.7,5,4,7915,178.89
Pratap Nagar,"Plot No. 456, Pratap Nagar, Jaipur, Rajasthan",5.26,4.0,6,2,6616,145.56
Pratap Nagar,"Plot No. 388, Pratap Nagar, Jaipur, Rajasthan",4.61,6.4,6,3,8908,152.73
Mansarovar,"Plot No. 475, Mansarovar, Jaipur, Rajasthan",14.09,5.6,8,3,8306,212.41
Vidyadhar Nagar,"Plot No. 100, Vidyadhar Nagar, Jaipur, Rajasthan",4.7,5.3,6,2,6239,150.62
Jagatpura,"Plot No. 261, Jagatpura, Jaipur, Rajasthan",9.86,6.4,5,3,5995,153.74
Ajmer Road,"Plot No. 481, Ajmer Road, Jaipur, Rajasthan",12.66,4.3,7,6,3737,174.1
Nirman Nagar,"Plot No. 305, Nirman Nagar, Jaipur, Rajasthan",11.63,6.2,10,4,8127,227.93
Pratap Nagar,"Plot No. 354, Pratap Nagar, Jaipur, Rajasthan",6.92,8.5,6,2,7451,164.39
Vidyadhar Nagar,"Plot No. 286, Vidyadhar Nagar, Jaipur, Rajasthan",8.66,4.6,6,3,7678,171.92
Tonk Road,"Plot No. 328, Tonk Road, Jaipur, Rajasthan",11.55,5.6,8,6,9955,213.64
Mansarovar,"Plot No. 103, Mansarovar, Jaipur, Rajasthan",13.32,5.5,6,3,6345,182.94
Sangeener,"Plot No. 63, Sangeener, Jaipur, Rajasthan",5.79,7.2,6,2,8592,152.12
Nirman Nagar,"Plot No. 175, Nirman Nagar, Jaipur, Rajasthan",9.99,6.3,5,4,9926,163.77
Vidyadhar Nagar,"Plot No. 282, Vidyadhar Nagar, Jaipur, Rajasthan",8.4,6.1,7,5,6304,178.53
Jhotwara,"Plot No. 441, Jhotwara, Jaipur, Rajasthan",7.22,5.2,7,4,8116,172.29
Ajmer Road,"Plot No. 293, Ajmer Road, Jaipur, Rajasthan",10.7,5.7,8,5,7796,209.56
Vidyadhar Nagar,"Plot No. 226, Vidyadhar Nagar, Jaipur, Rajasthan",7.43,5.3,6,2,6528,156.93
Vidyadhar Nagar,"Plot No. 7, Vidyadhar Nagar, Jaipur, Rajasthan",5.3,6.1,8,3,4973,155.81
Mansarovar,"Plot No. 127, Mansarovar, Jaipur, Rajasthan",12.19,5.6,7,3,4527,187.78
Kalwar Road,"Plot No. 424, Kalwar Road, Jaipur, Rajasthan",6.73,6.0,6,4,5935,147.52
Nirman Nagar,"Plot No. 92, Nirman Nagar, Jaipur, Rajasthan",11.34,7.9,7,4,8162,196.55
Tonk Road,"Plot No. 423, Tonk Road, Jaipur, Rajasthan",13.03,7.1,7,5,5677,196.02
Nirman Nagar,"Plot No. 190, Nirman Nagar, Jaipur, Rajasthan",11.27,5.8,8,3,6543,208.37
Tonk Road,"Plot No. 359, Tonk Road, Jaipur, Rajasthan",9.19,7.8,7,3,6367,164.96
Nirman Nagar,"Plot No. 476, Nirman Nagar, Jaipur, Rajasthan",12.07,5.6,8,6,7403,197.72
Ajmer Road,"Plot No. 462, Ajmer Road, Jaipur, Rajasthan",9.73,6.2,8,5,4230,180.52
Mansarovar,"Plot No. 53, Mansarovar, Jaipur, Rajasthan",13.27,5.7,8,5,5711,199.99
Kalwar Road,"Plot No. 242, Kalwar Road, Jaipur, Rajasthan",6.19,6.2,7,6,5813,157.86
Jhotwara,"Plot No. 486, Jhotwara, Jaipur, Rajasthan",4.96,4.2,8,6,9142,175.67
Mansarovar,"Plot No. 132, Mansarovar, Jaipur, Rajasthan",11.01,6.5,8,5,6730,197.78
Kalwar Road,"Plot No. 490, Kalwar Road, Jaipur, Rajasthan",7.35,5.7,7,2,8238,169.42
Vaishali Nagar,"Plot No. 466, Vaishali Nagar, Jaipur, Rajasthan",22.73,7.0,7,5,8189,255.32
Malviya Nagar,"Plot No. 364, Malviya Nagar, Jaipur, Rajasthan",21.8,6.4,9,6,5196,259.21
Tonk Road,"Plot No. 112, Tonk Road, Jaipur, Rajasthan",10.99,6.9,8,4,10869,209.23
Pratap Nagar,"Plot No. 409, Pratap Nagar, Jaipur, Rajasthan",6.54,4.2,7,3,3656,159.1
Mansarovar,"Plot No. 7, Mansarovar, Jaipur, Rajasthan",9.29,6.5,6,4,4354,150.11
Vidyadhar Nagar,"Plot No. 230, Vidyadhar Nagar, Jaipur, Rajasthan",7.43,6.1,8,5,3534,162.24
C-Scheme,"Plot No. 156, C-Scheme, Jaipur, Rajasthan",19.58,7.2,7,6,4844,210.0
Malviya Nagar,"Plot No. 197, Malviya Nagar, Jaipur, Rajasthan",16.45,6.3,6,2,6716,206.8
Nirman Nagar,"Plot No. 323, Nirman Nagar, Jaipur, Rajasthan",12.41,7.3,7,3,7090,191.16
Kalwar Road,"Plot No. 364, Kalwar Road, Jaipur, Rajasthan",6.73,7.8,6,2,5658,136.87
Civil Lines,"Plot No. 223, Civil Lines, Jaipur, Rajasthan",21.89,6.2,7,4,8530,256.75
Jhotwara,"Plot No. 367, Jhotwara, Jaipur, Rajasthan",8.18,5.0,7,4,6335,167.56
Vidyadhar Nagar,"Plot No. 490, Vidyadhar Nagar, Jaipur, Rajasthan",8.15,6.5,5,2,7602,161.1
Jhotwara,"Plot No. 250, Jhotwara, Jaipur, Rajasthan",5.19,5.6,7,2,4164,142.36
Jagatpura,"Plot No. 404, Jagatpura, Jaipur, Rajasthan",12.91,5.7,6,3,6571,189.9
Sangeener,"Plot No. 83, Sangeener, Jaipur, Rajasthan",8.83,6.1,6,4,8108,174.06
Vidyadhar Nagar,"Plot No. 240, Vidyadhar Nagar, Jaipur, Rajasthan",8.72,7.1,4,2,10260,162.73
Jagatpura,"Plot No. 380, Jagatpura, Jaipur, Rajasthan",13.75,5.4,7,3,2932,191.08
Kalwar Road,"Plot No. 395, Kalwar Road, Jaipur, Rajasthan",8.87,7.4,7,2,6837,182.09
Jhotwara,"Plot No. 360, Jhotwara, Jaipur, Rajasthan",7.89,6.1,8,4,5265,174.12
Raja Park,"Plot No. 323, Raja Park, Jaipur, Rajasthan",28.76,4.4,6,4,8091,275.19
Mansarovar,"Plot No. 471, Mansarovar, Jaipur, Rajasthan",10.45,6.7,7,4,12490,215.79
Jhotwara,"Plot No. 263, Jhotwara, Jaipur, Rajasthan",7.11,5.7,7,3,9371,172.67
Pratap Nagar,"Plot No. 407, Pratap Nagar, Jaipur, Rajasthan",6.77,4.0,7,3,10301,195.6
C-Scheme,"Plot No. 189, C-Scheme, Jaipur, Rajasthan",28.68,6.6,7,2,7695,274.56
Kalwar Road,"Plot No. 455, Kalwar Road, Jaipur, Rajasthan",6.66,6.9,8,6,8183,176.22
Mansarovar,"Plot No. 366, Mansarovar, Jaipur, Rajasthan",9.35,3.6,7,4,3443,164.2
Vaishali Nagar,"Plot No. 290, Vaishali Nagar, Jaipur, Rajasthan",19.65,6.7,7,3,5886,224.76
Malviya Nagar,"Plot No. 362, Malviya Nagar, Jaipur, Rajasthan",23.66,5.5,7,6,10070,266.13
Vidyadhar Nagar,"Plot No. 403, Vidyadhar Nagar, Jaipur, Rajasthan",4.88,6.0,6,2,4596,135.9
Raja Park,"Plot No. 58, Raja Park, Jaipur, Rajasthan",16.46,5.7,7,4,4448,196.81
Ajmer Road,"Plot No. 9, Ajmer Road, Jaipur, Rajasthan",15.53,5.8,8,6,7432,226.66
Vidyadhar Nagar,"Plot No. 304, Vidyadhar Nagar, Jaipur, Rajasthan",7.39,5.7,7,3,7846,183.3
Raja Park,"Plot No. 115, Raja Park, Jaipur, Rajasthan",18.28,6.1,6,4,9348,220.11
C-Scheme,"Plot No. 210, C-Scheme, Jaipur, Rajasthan",21.71,4.8,6,2,5313,223.18
Pratap Nagar,"Plot No. 41, Pratap Nagar, Jaipur, Rajasthan",4.95,7.1,7,6,8614,160.06
Nirman Nagar,"Plot No. 304, Nirman Nagar, Jaipur, Rajasthan",15.34,5.6,6,4,8708,196.74
Sangeener,"Plot No. 173, Sangeener, Jaipur, Rajasthan",4.89,6.9,7,4,4517,146.42
Civil Lines,"Plot No. 234, Civil Lines, Jaipur, Rajasthan",26.42,5.9,7,3,5817,247.0
Jhotwara,"Plot No. 281, Jhotwara, Jaipur, Rajasthan",6.24,3.8,7,4,6108,168.26
Mansarovar,"Plot No. 372, Mansarovar, Jaipur, Rajasthan",10.53,7.3,4,2,6769,149.85
Ajmer Road,"Plot No. 78, Ajmer Road, Jaipur, Rajasthan",12.06,4.9,8,4,7473,206.29
Mansarovar,"Plot No. 108, Mansarovar, Jaipur, Rajasthan",14.3,5.7,9,6,6931,225.97
Malviya Nagar,"Plot No. 281, Malviya Nagar, Jaipur, Rajasthan",28.78,5.9,7,6,8353,288.41
Ajmer Road,"Plot No. 403, Ajmer Road, Jaipur, Rajasthan",11.14,7.1,8,3,5505,181.61
Malviya Nagar,"Plot No. 39, Malviya Nagar, Jaipur, Rajasthan",26.1,6.2,8,6,4967,263.08
Ajmer Road,"Plot No. 119, Ajmer Road, Jaipur, Rajasthan",10.64,6.5,8,6,9411,217.84
Civil Lines,"Plot No. 335, Civil Lines, Jaipur, Rajasthan",21.45,7.4,7,5,6166,239.97
Sangeener,"Plot No. 336, Sangeener, Jaipur, Rajasthan",4.64,6.3,7,3,6715,157.09
Jagatpura,"Plot No. 27, Jagatpura, Jaipur, Rajasthan",9.24,5.0,6,4,7948,171.22
Kalwar Road,"Plot No. 104, Kalwar Road, Jaipur, Rajasthan",7.46,6.2,7,2,9924,177.11
Ajmer Road,"Plot No. 74, Ajmer Road, Jaipur, Rajasthan",15.34,4.0,8,6,5250,208.36
Malviya Nagar,"Plot No. 191, Malviya Nagar, Jaipur, Rajasthan",28.51,4.2,7,3,7606,281.17
Nirman Nagar,"Plot No. 324, Nirman Nagar, Jaipur, Rajasthan",11.23,5.2,8,5,4911,181.99
Malviya Nagar,"Plot No. 499, Malviya Nagar, Jaipur, Rajasthan",20.44,6.4,5,2,6033,211.35
Vidyadhar Nagar,"Plot No. 147, Vidyadhar Nagar, Jaipur, Rajasthan",7.63,5.3,9,4,5640,191.63
Pratap Nagar,"Plot No. 255, Pratap Nagar, Jaipur, Rajasthan",6.34,4.4,5,4,8578,142.62
Jagatpura,"Plot No. 284, Jagatpura, Jaipur, Rajasthan",11.44,3.1,5,4,8745,173.78
Malviya Nagar,"Plot No. 213, Malviya Nagar, Jaipur, Rajasthan",23.86,7.1,8,5,4779,250.66
Tonk Road,"Plot No. 123, Tonk Road, Jaipur, Rajasthan",15.6,5.8,9,4,5841,219.1
Ajmer Road,"Plot No. 495, Ajmer Road, Jaipur, Rajasthan",14.14,6.4,8,6,7054,220.14
Pratap Nagar,"Plot No. 206, Pratap Nagar, Jaipur, Rajasthan",4.54,5.6,7,5,5399,157.79
Mansarovar,"Plot No. 417, Mansarovar, Jaipur, Rajasthan",11.11,6.5,7,6,5058,187.09
Jagatpura,"Plot No. 240, Jagatpura, Jaipur, Rajasthan",10.52,5.4,7,4,7147,191.8
Jhotwara,"Plot No. 394, Jhotwara, Jaipur, Rajasthan",7.25,6.2,8,6,8603,196.65
Civil Lines,"Plot No. 339, Civil Lines, Jaipur, Rajasthan",19.55,5.4,8,3,5341,235.66
Kalwar Road,"Plot No. 286, Kalwar Road, Jaipur, Rajasthan",7.15,5.3,8,4,12149,207.29
Raja Park,"Plot No. 22, Raja Park, Jaipur, Rajasthan",16.98,7.7,7,2,6540,215.92
Pratap Nagar,"Plot No. 259, Pratap Nagar, Jaipur, Rajasthan",6.8,5.4,9,4,11317,208.61
Kalwar Road,"Plot No. 357, Kalwar Road, Jaipur, Rajasthan",6.79,6.9,8,5,8189,176.38
Jhotwara,"Plot No. 105, Jhotwara, Jaipur, Rajasthan",6.13,5.2,5,3,4650,135.11
Vaishali Nagar,"Plot No. 466, Vaishali Nagar, Jaipur, Rajasthan",27.7,7.6,7,3,8492,282.18
Sangeener,"Plot No. 459, Sangeener, Jaipur, Rajasthan",6.2,6.4,7,3,7342,167.42
Nirman Nagar,"Plot No. 432, Nirman Nagar, Jaipur, Rajasthan",12.92,6.7,7,2,11120,216.22
Tonk Road,"Plot No. 258, Tonk Road, Jaipur, Rajasthan",15.14,6.5,7,5,7915,212.19
Vidyadhar Nagar,"Plot No. 204, Vidyadhar Nagar, Jaipur, Rajasthan",8.27,5.1,6,4,7493,166.08
C-Scheme,"Plot No. 310, C-Scheme, Jaipur, Rajasthan",24.23,7.7,10,4,7426,285.73
Sangeener,"Plot No. 262, Sangeener, Jaipur, Rajasthan",7.62,5.8,7,3,7745,184.54
Raja Park,"Plot No. 107, Raja Park, Jaipur, Rajasthan",23.65,6.5,9,5,8113,276.93
Sangeener,"Plot No. 251, Sangeener, Jaipur, Rajasthan",5.43,5.3,5,2,6588,127.68
Sangeener,"Plot No. 424, Sangeener, Jaipur, Rajasthan",8.47,6.9,6,4,7597,170.6
Malviya Nagar,"Plot No. 492, Malviya Nagar, Jaipur, Rajasthan",23.63,6.1,7,4,6297,242.59
Ajmer Road,"Plot No. 221, Ajmer Road, Jaipur, Rajasthan",10.34,5.7,6,3,9275,188.67
Mansarovar,"Plot No. 379, Mansarovar, Jaipur, Rajasthan",9.56,7.0,7,3,7284,182.4
Sangeener,"Plot No. 222, Sangeener, Jaipur, Rajasthan",5.98,7.0,6,3,10058,169.76
Ajmer Road,"Plot No. 258, Ajmer Road, Jaipur, Rajasthan",11.24,5.6,6,2,5661,162.1
Nirman Nagar,"Plot No. 201, Nirman Nagar, Jaipur, Rajasthan",14.91,6.8,7,5,8843,205.26
Raja Park,"Plot No. 367, Raja Park, Jaipur, Rajasthan",19.37,5.1,7,3,5040,217.1
Tonk Road,"Plot No. 258, Tonk Road, Jaipur, Rajasthan",13.65,3.9,8,4,6206,215.56
Nirman Nagar,"Plot No. 349, Nirman Nagar, Jaipur, Rajasthan",11.01,5.9,7,3,9027,192.61
Vaishali Nagar,"Plot No. 225, Vaishali Nagar, Jaipur, Rajasthan",22.53,5.2,5,2,10948,238.75
Ajmer Road,"Plot No. 202, Ajmer Road, Jaipur, Rajasthan",11.84,5.3,5,2,5203,169.51
Vidyadhar Nagar,"Plot No. 226, Vidyadhar Nagar, Jaipur, Rajasthan",6.62,6.9,7,3,8661,168.03
Civil Lines,"Plot No. 236, Civil Lines, Jaipur, Rajasthan",18.71,6.7,8,5,4443,229.93
Ajmer Road,"Plot No. 183, Ajmer Road, Jaipur, Rajasthan",13.29,7.4,6,2,8269,197.55
C-Scheme,"Plot No. 200, C-Scheme, Jaipur, Rajasthan",16.43,7.5,6,2,8698,215.93
Ajmer Road,"Plot No. 357, Ajmer Road, Jaipur, Rajasthan",14.66,6.5,7,5,6906,212.45
Jhotwara,"Plot No. 246, Jhotwara, Jaipur, Rajasthan",8.78,6.1,7,4,10859,196.44
Raja Park,"Plot No. 444, Raja Park, Jaipur, Rajasthan",25.32,4.5,7,3,11342,284.13
Civil Lines,"Plot No. 353, Civil Lines, Jaipur, Rajasthan",17.0,7.2,7,3,6262,213.49
Nirman Nagar,"Plot No. 111, Nirman Nagar, Jaipur, Rajasthan",9.05,6.5,6,3,4767,150.7
Kalwar Road,"Plot No. 6, Kalwar Road, Jaipur, Rajasthan",8.45,5.0,7,4,5635,165.83
Nirman Nagar,"Plot No. 236, Nirman Nagar, Jaipur, Rajasthan",13.55,7.3,7,6,10655,213.2
C-Scheme,"Plot No. 127, C-Scheme, Jaipur, Rajasthan",22.52,4.8,7,5,7837,243.45
Kalwar Road,"Plot No. 104, Kalwar Road, Jaipur, Rajasthan",8.18,5.8,8,4,5839,185.91
Mansarovar,"Plot No. 237, Mansarovar, Jaipur, Rajasthan",10.76,5.6,6,4,6523,182.15
Mansarovar,"Plot No. 403, Mansarovar, Jaipur, Rajasthan",10.71,7.1,8,6,5224,195.23
Vidyadhar Nagar,"Plot No. 480, Vidyadhar Nagar, Jaipur, Rajasthan",7.5,5.2,8,3,6742,177.27
Ajmer Road,"Plot No. 155, Ajmer Road, Jaipur, Rajasthan",9.47,5.2,7,4,9049,182.94
Civil Lines,"Plot No. 257, Civil Lines, Jaipur, Rajasthan",21.85,4.5,6,2,5615,228.35
C-Scheme,"Plot No. 235, C-Scheme, Jaipur, Rajasthan",17.2,4.4,8,3,5225,220.89
Vidyadhar Nagar,"Plot No. 289, Vidyadhar Nagar, Jaipur, Rajasthan",6.01,4.4,7,4,4518,160.33
Raja Park,"Plot No. 40, Raja Park, Jaipur, Rajasthan",19.74,6.5,6,2,6100,218.09
Ajmer Road,"Plot No. 288, Ajmer Road, Jaipur, Rajasthan",15.71,5.8,6,2,2423,178.33
Jagatpura,"Plot No. 197, Jagatpura, Jaipur, Rajasthan",11.67,6.0,7,2,7063,186.44
Vaishali Nagar,"Plot No. 273, Vaishali Nagar, Jaipur, Rajasthan",16.97,5.3,9,4,12468,260.93
C-Scheme,"Plot No. 382, C-Scheme, Jaipur, Rajasthan",29.56,2.8,5,4,9502,265.25
Jhotwara,"Plot No. 264, Jhotwara, Jaipur, Rajasthan",8.36,8.1,8,6,6270,180.52
Sangeener,"Plot No. 57, Sangeener, Jaipur, Rajasthan",4.5,6.5,6,4,6593,151.4
Nirman Nagar,"Plot No. 298, Nirman Nagar, Jaipur, Rajasthan",10.09,6.8,8,4,1145,156.23
Mansarovar,"Plot No. 98, Mansarovar, Jaipur, Rajasthan",14.08,5.4,7,4,7250,198.74
Jagatpura,"Plot No. 137, Jagatpura, Jaipur, Rajasthan",9.26,5.0,8,3,7030,195.64
Pratap Nagar,"Plot No. 376, Pratap Nagar, Jaipur, Rajasthan",5.14,4.1,7,4,9452,170.87
Jagatpura,"Plot No. 87, Jagatpura, Jaipur, Rajasthan",13.8,5.4,8,6,8026,226.44
Sangeener,"Plot No. 419, Sangeener, Jaipur, Rajasthan",8.33,6.4,8,4,7289,180.62
Vidyadhar Nagar,"Plot No. 242, Vidyadhar Nagar, Jaipur, Rajasthan",4.59,7.1,8,5,7221,177.75
Kalwar Road,"Plot No. 199, Kalwar Road, Jaipur, Rajasthan",4.75,7.4,6,3,5189,142.89
Vaishali Nagar,"Plot No. 463, Vaishali Nagar, Jaipur, Rajasthan",26.49,6.3,6,4,9434,269.62
Mansarovar,"Plot No. 437, Mansarovar, Jaipur, Rajasthan",11.36,5.8,7,4,8935,192.96
Pratap Nagar,"Plot No. 310, Pratap Nagar, Jaipur, Rajasthan",7.23,6.4,6,3,5605,146.72
Jagatpura,"Plot No. 84, Jagatpura, Jaipur, Rajasthan",9.35,7.7,6,4,4271,157.77
Jagatpura,"Plot No. 242, Jagatpura, Jaipur, Rajasthan",14.0,5.1,6,3,8118,203.3
Raja Park,"Plot No. 281, Raja Park, Jaipur, Rajasthan",22.29,6.2,6,2,9728,247.44
Mansarovar,"Plot No. 323, Mansarovar, Jaipur, Rajasthan",10.2,4.8,6,4,8547,180.46
Tonk Road,"Plot No. 252, Tonk Road, Jaipur, Rajasthan",15.81,7.8,6,2,7746,196.15
Pratap Nagar,"Plot No. 190, Pratap Nagar, Jaipur, Rajasthan",5.51,5.9,8,6,4248,169.1
Sangeener,"Plot No. 439, Sangeener, Jaipur, Rajasthan",5.66,5.7,7,4,6955,155.18
Civil Lines,"Plot No. 430, Civil Lines, Jaipur, Rajasthan",19.52,7.0,7,3,5690,211.52
Jagatpura,"Plot No. 152, Jagatpura, Jaipur, Rajasthan",14.8,6.6,7,2,9910,209.87
Ajmer Road,"Plot No. 482, Ajmer Road, Jaipur, Rajasthan",15.66,7.5,6,2,7254,202.69
Ajmer Road,"Plot No. 302, Ajmer Road, Jaipur, Rajasthan",12.01,6.7,7,3,7827,186.87
Vidyadhar Nagar,"Plot No. 278, Vidyadhar Nagar, Jaipur, Rajasthan",7.6,5.4,8,5,7268,186.49
Ajmer Road,"Plot No. 139, Ajmer Road, Jaipur, Rajasthan",13.34,5.8,6,4,5189,175.62
Jagatpura,"Plot No. 176, Jagatpura, Jaipur, Rajasthan",15.45,6.4,7,4,7282,202.91
Vidyadhar Nagar,"Plot No. 8, Vidyadhar Nagar, Jaipur, Rajasthan",5.72,6.4,6,2,7862,158.98
C-Scheme,"Plot No. 295, C-Scheme, Jaipur, Rajasthan",19.14,7.0,6,3,7743,208.19
Ajmer Road,"Plot No. 235, Ajmer Road, Jaipur, Rajasthan",11.24,5.6,7,4,5550,178.67
Malviya Nagar,"Plot No. 163, Malviya Nagar, Jaipur, Rajasthan",21.0,6.4,9,5,11186,281.37
Jagatpura,"Plot No. 49, Jagatpura, Jaipur, Rajasthan",9.59,4.1,7,5,8417,189.02
Civil Lines,"Plot No. 302, Civil Lines, Jaipur, Rajasthan",29.49,5.8,7,6,8820,281.13
Pratap Nagar,"Plot No. 38, Pratap Nagar, Jaipur, Rajasthan",7.42,5.1,5,3,10845,175.71
Jagatpura,"Plot No. 136, Jagatpura, Jaipur, Rajasthan",11.42,4.5,9,4,7948,229.43
Vaishali Nagar,"Plot No. 310, Vaishali Nagar, Jaipur, Rajasthan",16.19,5.1,7,2,9952,227.14
Pratap Nagar,"Plot No. 421, Pratap Nagar, Jaipur, Rajasthan",4.93,4.6,9,5,6962,182.45
Tonk Road,"Plot No. 219, Tonk Road, Jaipur, Rajasthan",11.86,7.6,6,2,7403,175.69
Pratap Nagar,"Plot No. 348, Pratap Nagar, Jaipur, Rajasthan",5.54,5.6,8,5,6951,181.06
Jagatpura,"Plot No. 296, Jagatpura, Jaipur, Rajasthan",11.5,5.1,5,4,7460,171.21
Kalwar Road,"Plot No. 34, Kalwar Road, Jaipur, Rajasthan",8.01,7.1,5,4,8056,144.87
Mansarovar,"Plot No. 352, Mansarovar, Jaipur, Rajasthan",9.99,5.6,7,3,7853,194.88
Kalwar Road,"Plot No. 79, Kalwar Road, Jaipur, Rajasthan",7.16,4.4,6,4,7275,161.84
Kalwar Road,"Plot No. 236, Kalwar Road, Jaipur, Rajasthan",5.64,4.9,8,5,3908,158.57
Jagatpura,"Plot No. 383, Jagatpura, Jaipur, Rajasthan",10.99,7.2,7,3,7781,186.61
Pratap Nagar,"Plot No. 273, Pratap Nagar, Jaipur, Rajasthan",5.22,5.4,7,4,8017,158.03
Tonk Road,"Plot No. 161, Tonk Road, Jaipur, Rajasthan",12.33,6.4,7,2,10490,220.17
Kalwar Road,"Plot No. 175, Kalwar Road, Jaipur, Rajasthan",8.5,5.6,7,3,5719,174.82
Nirman Nagar,"Plot No. 366, Nirman Nagar, Jaipur, Rajasthan",13.23,6.8,8,6,3769,185.78
Tonk Road,"Plot No. 308, Tonk Road, Jaipur, Rajasthan",15.56,6.2,8,4,5632,214.77
Ajmer Road,"Plot No. 374, Ajmer Road, Jaipur, Rajasthan",14.64,5.9,7,5,8022,211.64
Malviya Nagar,"Plot No. 464, Malviya Nagar, Jaipur, Rajasthan",26.28,4.6,8,6,4464,255.92
Pratap Nagar,"Plot No. 221, Pratap Nagar, Jaipur, Rajasthan",4.64,5.3,6,3,6496,142.35
Sangeener,"Plot No. 9, Sangeener, Jaipur, Rajasthan",5.01,5.6,7,3,9151,173.32
Civil Lines,"Plot No. 289, Civil Lines, Jaipur, Rajasthan",23.51,5.1,7,2,6359,241.67
Vaishali Nagar,"Plot No. 444, Vaishali Nagar, Jaipur, Rajasthan",29.41,5.3,6,3,8227,267.99
Vidyadhar Nagar,"Plot No. 113, Vidyadhar Nagar, Jaipur, Rajasthan",7.16,6.4,7,3,8681,169.61
C-Scheme,"Plot No. 477, C-Scheme, Jaipur, Rajasthan",16.15,7.1,8,6,8175,227.01
Tonk Road,"Plot No. 205, Tonk Road, Jaipur, Rajasthan",12.64,6.4,9,5,3515,203.32
Tonk Road,"Plot No. 405, Tonk Road, Jaipur, Rajasthan",13.1,6.5,5,4,8074,170.83
Raja Park,"Plot No. 186, Raja Park, Jaipur, Rajasthan",17.01,5.0,6,2,4667,196.78
Jhotwara,"Plot No. 341, Jhotwara, Jaipur, Rajasthan",8.45,5.5,7,6,7456,176.55
Malviya Nagar,"Plot No. 197, Malviya Nagar, Jaipur, Rajasthan",20.94,8.6,6,3,6414,220.25
Pratap Nagar,"Plot No. 266, Pratap Nagar, Jaipur, Rajasthan",7.26,4.7,9,5,6761,190.9
Nirman Nagar,"Plot No. 262, Nirman Nagar, Jaipur, Rajasthan",13.58,7.8,7,3,6881,198.26
Ajmer Road,"Plot No. 248, Ajmer Road, Jaipur, Rajasthan",11.96,7.1,7,3,9890,207.46
Vaishali Nagar,"Plot No. 115, Vaishali Nagar, Jaipur, Rajasthan",24.88,4.5,7,6,7535,263.16
Vaishali Nagar,"Plot No. 121, Vaishali Nagar, Jaipur, Rajasthan",16.34,6.2,6,4,7606,209.3
Nirman Nagar,"Plot No. 141, Nirman Nagar, Jaipur, Rajasthan",14.0,6.1,7,4,6798,193.77
Sangeener,"Plot No. 65, Sangeener, Jaipur, Rajasthan",7.74,6.4,8,4,4149,178.6
Kalwar Road,"Plot No. 276, Kalwar Road, Jaipur, Rajasthan",7.7,5.1,5,3,6539,153.88
Kalwar Road,"Plot No. 313, Kalwar Road, Jaipur, Rajasthan",5.44,5.0,7,4,7395,165.83
Pratap Nagar,"Plot No. 239, Pratap Nagar, Jaipur, Rajasthan",4.56,7.0,8,4,8136,180.88
Pratap Nagar,"Plot No. 302, Pratap Nagar, Jaipur, Rajasthan",8.9,4.6,8,6,6279,185.86
Mansarovar,"Plot No. 392, Mansarovar, Jaipur, Rajasthan",12.24,7.0,5,2,6407,155.97
Mansarovar,"Plot No. 10, Mansarovar, Jaipur, Rajasthan",11.62,6.0,6,3,4153,169.08
Jhotwara,"Plot No. 457, Jhotwara, Jaipur, Rajasthan",5.75,2.8,8,3,7554,191.04
Kalwar Road,"Plot No. 369, Kalwar Road, Jaipur, Rajasthan",7.22,5.4,8,4,4693,164.26
Ajmer Road,"Plot No. 233, Ajmer Road, Jaipur, Rajasthan",11.18,6.1,6,3,11756,203.17
Nirman Nagar,"Plot No. 195, Nirman Nagar, Jaipur, Rajasthan",15.64,3.7,9,4,9319,255.39
Jagatpura,"Plot No. 395, Jagatpura, Jaipur, Rajasthan",14.59,4.8,7,2,9225,226.06
Raja Park,"Plot No. 12, Raja Park, Jaipur, Rajasthan",21.16,5.2,7,2,6556,231.08
Jhotwara,"Plot No. 394, Jhotwara, Jaipur, Rajasthan",5.86,5.4,8,3,7863,172.92
Jhotwara,"Plot No. 409, Jhotwara, Jaipur, Rajasthan",4.76,6.0,5,4,5489,121.25
Pratap Nagar,"Plot No. 177, Pratap Nagar, Jaipur, Rajasthan",6.64,5.5,8,3,2958,160.97
Jhotwara,"Plot No. 177, Jhotwara, Jaipur, Rajasthan",5.72,4.0,7,6,7287,175.27
Sangeener,"Plot No. 217, Sangeener, Jaipur, Rajasthan",6.25,5.8,7,2,6489,164.4
C-Scheme,"Plot No. 11, C-Scheme, Jaipur, Rajasthan",28.63,5.7,8,4,7492,295.73
Vidyadhar Nagar,"Plot No. 446, Vidyadhar Nagar, Jaipur, Rajasthan",5.27,7.1,7,3,8705,172.57
Nirman Nagar,"Plot No. 118, Nirman Nagar, Jaipur, Rajasthan",10.1,5.6,7,4,8594,194.02
Tonk Road,"Plot No. 164, Tonk Road, Jaipur, Rajasthan",13.5,6.6,7,6,7956,194.12
Sangeener,"Plot No. 39, Sangeener, Jaipur, Rajasthan",5.67,4.9,6,3,6735,147.2
Tonk Road,"Plot No. 53, Tonk Road, Jaipur, Rajasthan",15.72,6.7,7,5,7980,205.46
Pratap Nagar,"Plot No. 218, Pratap Nagar, Jaipur, Rajasthan",5.95,4.2,6,2,4707,139.24
Pratap Nagar,"Plot No. 206, Pratap Nagar, Jaipur, Rajasthan",6.61,5.7,7,4,7344,160.14
Jagatpura,"Plot No. 487, Jagatpura, Jaipur, Rajasthan",13.73,6.2,7,3,8597,201.95
Kalwar Road,"Plot No. 312, Kalwar Road, Jaipur, Rajasthan",6.27,5.2,7,2,7418,166.6
Jagatpura,"Plot No. 360, Jagatpura, Jaipur, Rajasthan",10.03,6.5,7,3,8497,190.18
Pratap Nagar,"Plot No. 385, Pratap Nagar, Jaipur, Rajasthan",5.01,5.8,8,5,3823,149.81
Mansarovar,"Plot No. 56, Mansarovar, Jaipur, Rajasthan",15.65,5.2,6,2,6728,202.61
Sangeener,"Plot No. 118, Sangeener, Jaipur, Rajasthan",5.32,3.7,7,4,5733,159.46
Jagatpura,"Plot No. 388, Jagatpura, Jaipur, Rajasthan",11.4,6.3,7,4,8579,201.0
Pratap Nagar,"Plot No. 253, Pratap Nagar, Jaipur, Rajasthan",5.2,6.7,7,2,4602,151.58
Mansarovar,"Plot No. 286, Mansarovar, Jaipur, Rajasthan",9.08,7.5,6,2,8973,178.74
Pratap Nagar,"Plot No. 268, Pratap Nagar, Jaipur, Rajasthan",6.74,4.0,8,5,6075,186.45
C-Scheme,"Plot No. 291, C-Scheme, Jaipur, Rajasthan",18.06,7.3,7,6,3699,197.98
Pratap Nagar,"Plot No. 333, Pratap Nagar, Jaipur, Rajasthan",7.65,7.8,8,4,7136,177.1
Vidyadhar Nagar,"Plot No. 180, Vidyadhar Nagar, Jaipur, Rajasthan",4.72,5.4,7,2,8758,159.23
Civil Lines,"Plot No. 415, Civil Lines, Jaipur, Rajasthan",26.95,6.5,8,5,7608,280.5
Civil Lines,"Plot No. 358, Civil Lines, Jaipur, Rajasthan",27.37,7.7,7,3,10124,277.35
Jhotwara,"Plot No. 235, Jhotwara, Jaipur, Rajasthan",7.28,5.8,8,3,11596,205.15
Tonk Road,"Plot No. 343, Tonk Road, Jaipur, Rajasthan",10.29,6.2,7,3,9094,187.96
Kalwar Road,"Plot No. 196, Kalwar Road, Jaipur, Rajasthan",4.65,5.0,6,4,7280,151.2
Jhotwara,"Plot No. 308, Jhotwara, Jaipur, Rajasthan",6.38,7.0,8,6,5538,171.19
Raja Park,"Plot No. 80, Raja Park, Jaipur, Rajasthan",24.7,6.6,6,2,7041,236.16
Sangeener,"Plot No. 135, Sangeener, Jaipur, Rajasthan",7.45,7.1,6,2,10270,172.77
Raja Park,"Plot No. 22, Raja Park, Jaipur, Rajasthan",26.6,5.7,4,2,5579,227.91
Nirman Nagar,"Plot No. 477, Nirman Nagar, Jaipur, Rajasthan",11.99,5.2,8,4,5579,204.12
Raja Park,"Plot No. 331, Raja Park, Jaipur, Rajasthan",29.43,6.4,7,3,5158,260.99
Jagatpura,"Plot No. 440, Jagatpura, Jaipur, Rajasthan",12.82,5.7,8,4,7707,220.1
Jhotwara,"Plot No. 225, Jhotwara, Jaipur, Rajasthan",7.08,6.5,8,5,8813,180.65
Ajmer Road,"Plot No. 58, Ajmer Road, Jaipur, Rajasthan",11.26,6.6,6,3,3312,155.99
Jagatpura,"Plot No. 93, Jagatpura, Jaipur, Rajasthan",10.11,7.2,6,4,5223,152.45
Jhotwara,"Plot No. 192, Jhotwara, Jaipur, Rajasthan",7.07,6.3,6,3,8201,170.98
Ajmer Road,"Plot No. 103, Ajmer Road, Jaipur, Rajasthan",14.67,5.5,6,4,7557,187.77
Tonk Road,"Plot No. 396, Tonk Road, Jaipur, Rajasthan",13.39,5.4,6,4,7119,181.79
Vidyadhar Nagar,"Plot No. 7, Vidyadhar Nagar, Jaipur, Rajasthan",6.66,6.8,8,4,9598,199.06
Sangeener,"Plot No. 128, Sangeener, Jaipur, Rajasthan",5.93,5.0,7,4,8464,173.93
Jagatpura,"Plot No. 55, Jagatpura, Jaipur, Rajasthan",14.53,4.9,8,3,8069,229.64
Kalwar Road,"Plot No. 231, Kalwar Road, Jaipur, Rajasthan",7.91,7.2,7,6,6261,157.8
Vaishali Nagar,"Plot No. 362, Vaishali Nagar, Jaipur, Rajasthan",24.71,5.6,8,5,6813,263.65
Civil Lines,"Plot No. 62, Civil Lines, Jaipur, Rajasthan",18.95,6.4,6,3,7124,223.67
Jagatpura,"Plot No. 240, Jagatpura, Jaipur, Rajasthan",10.5,6.3,8,5,6604,196.57
Jhotwara,"Plot No. 90, Jhotwara, Jaipur, Rajasthan",6.31,5.8,7,3,6372,169.44
Tonk Road,"Plot No. 232, Tonk Road, Jaipur, Rajasthan",13.01,6.7,8,4,8175,223.54
Ajmer Road,"Plot No. 457, Ajmer Road, Jaipur, Rajasthan",13.89,4.6,7,6,4543,195.19
Vaishali Nagar,"Plot No. 233, Vaishali Nagar, Jaipur, Rajasthan",19.92,6.1,6,2,9546,227.75
Vidyadhar Nagar,"Plot No. 354, Vidyadhar Nagar, Jaipur, Rajasthan",6.72,6.4,7,4,11023,182.94
Sangeener,"Plot No. 493, Sangeener, Jaipur, Rajasthan",8.4,5.2,6,3,6703,154.46
Vidyadhar Nagar,"Plot No. 333, Vidyadhar Nagar, Jaipur, Rajasthan",7.59,6.8,7,3,7851,173.04
Tonk Road,"Plot No. 439, Tonk Road, Jaipur, Rajasthan",12.19,5.1,7,5,7855,207.44
Tonk Road,"Plot No. 375, Tonk Road, Jaipur, Rajasthan",9.24,5.4,5,2,8895,165.29
Jhotwara,"Plot No. 292, Jhotwara, Jaipur, Rajasthan",8.2,7.2,4,2,7240,145.98
Jagatpura,"Plot No. 345, Jagatpura, Jaipur, Rajasthan",15.1,6.8,8,5,7547,227.36
Mansarovar,"Plot No. 152, Mansarovar, Jaipur, Rajasthan",13.73,4.9,7,2,9635,225.41
Civil Lines,"Plot No. 428, Civil Lines, Jaipur, Rajasthan",19.33,6.0,9,6,4612,248.8
Pratap Nagar,"Plot No. 145, Pratap Nagar, Jaipur, Rajasthan",6.43,8.1,6,2,9184,165.76
Civil Lines,"Plot No. 130, Civil Lines, Jaipur, Rajasthan",28.86,5.3,7,3,8750,290.75
Sangeener,"Plot No. 141, Sangeener, Jaipur, Rajasthan",8.29,4.4,6,4,2845,149.38
Nirman Nagar,"Plot No. 415, Nirman Nagar, Jaipur, Rajasthan",11.4,4.8,7,4,3111,176.14
Nirman Nagar,"Plot No. 93, Nirman Nagar, Jaipur, Rajasthan",9.24,7.1,6,4,5950,164.76
Malviya Nagar,"Plot No. 114, Malviya Nagar, Jaipur, Rajasthan",20.92,6.5,9,3,6280,259.49
Jagatpura,"Plot No. 284, Jagatpura, Jaipur, Rajasthan",15.83,4.7,9,6,7358,236.31
Jhotwara,"Plot No. 444, Jhotwara, Jaipur, Rajasthan",7.16,6.1,7,4,4282,154.1
Vidyadhar Nagar,"Plot No. 411, Vidyadhar Nagar, Jaipur, Rajasthan",8.56,6.5,8,4,8306,189.75
Vidyadhar Nagar,"Plot No. 143, Vidyadhar Nagar, Jaipur, Rajasthan",5.21,6.3,6,2,6227,136.66
Vidyadhar Nagar,"Plot No. 223, Vidyadhar Nagar, Jaipur, Rajasthan",5.11,5.4,5,2,6717,134.18
Vaishali Nagar,"Plot No. 232, Vaishali Nagar, Jaipur, Rajasthan",26.97,4.1,7,2,6164,271.12
Civil Lines,"Plot No. 463, Civil Lines, Jaipur, Rajasthan",20.23,6.7,6,2,6374,218.95
Tonk Road,"Plot No. 33, Tonk Road, Jaipur, Rajasthan",13.03,6.5,8,6,3556,182.7
Sangeener,"Plot No. 276, Sangeener, Jaipur, Rajasthan",5.56,4.7,9,4,7525,196.49
Tonk Road,"Plot No. 170, Tonk Road, Jaipur, Rajasthan",10.85,6.3,8,6,8527,214.97
Ajmer Road,"Plot No. 140, Ajmer Road, Jaipur, Rajasthan",9.84,4.1,8,6,6365,200.5
Vidyadhar Nagar,"Plot No. 357, Vidyadhar Nagar, Jaipur, Rajasthan",6.55,4.7,8,6,6531,182.6
Jhotwara,"Plot No. 201, Jhotwara, Jaipur, Rajasthan",5.25,4.7,7,3,11178,176.04
Malviya Nagar,"Plot No. 23, Malviya Nagar, Jaipur, Rajasthan",22.12,4.6,8,5,6851,251.51
Kalwar Road,"Plot No. 456, Kalwar Road, Jaipur, Rajasthan",6.32,5.5,6,3,7521,158.0
C-Scheme,"Plot No. 224, C-Scheme, Jaipur, Rajasthan",17.68,4.6,7,3,9560,226.3
Pratap Nagar,"Plot No. 368, Pratap Nagar, Jaipur, Rajasthan",8.35,5.1,8,4,7999,185.55
Vidyadhar Nagar,"Plot No. 270, Vidyadhar Nagar, Jaipur, Rajasthan",4.93,6.5,8,3,7669,181.94
Kalwar Road,"Plot No. 347, Kalwar Road, Jaipur, Rajasthan",6.81,6.1,7,2,8462,178.9
Ajmer Road,"Plot No. 153, Ajmer Road, Jaipur, Rajasthan",10.69,5.9,6,4,8856,179.24
Sangeener,"Plot No. 333, Sangeener, Jaipur, Rajasthan",6.15,6.4,8,3,4008,157.51
Vaishali Nagar,"Plot No. 85, Vaishali Nagar, Jaipur, Rajasthan",27.69,6.3,7,3,9181,276.06
Vidyadhar Nagar,"Plot No. 109, Vidyadhar Nagar, Jaipur, Rajasthan",6.05,5.2,8,6,7584,171.66
Ajmer Road,"Plot No. 31, Ajmer Road, Jaipur, Rajasthan",13.16,4.8,6,4,10101,208.26
Sangeener,"Plot No. 229, Sangeener, Jaipur, Rajasthan",5.42,6.5,8,3,8663,174.12
Nirman Nagar,"Plot No. 240, Nirman Nagar, Jaipur, Rajasthan",12.48,5.0,9,4,5098,217.0
Ajmer Road,"Plot No. 378, Ajmer Road, Jaipur, Rajasthan",15.57,6.5,8,5,7783,231.82
C-Scheme,"Plot No. 363, C-Scheme, Jaipur, Rajasthan",20.0,5.2,8,3,6223,243.08
Jhotwara,"Plot No. 310, Jhotwara, Jaipur, Rajasthan",6.49,7.3,8,5,2891,161.05
Vaishali Nagar,"Plot No. 389, Vaishali Nagar, Jaipur, Rajasthan",17.43,8.1,6,2,2190,172.9
Ajmer Road,"Plot No. 141, Ajmer Road, Jaipur, Rajasthan",10.24,4.5,7,3,7691,191.38
Kalwar Road,"Plot No. 156, Kalwar Road, Jaipur, Rajasthan",4.63,5.5,7,4,6213,157.57
Tonk Road,"Plot No. 299, Tonk Road, Jaipur, Rajasthan",11.36,7.0,6,2,6529,176.9
C-Scheme,"Plot No. 345, C-Scheme, Jaipur, Rajasthan",20.15,4.9,7,2,8922,235.33
Kalwar Road,"Plot No. 371, Kalwar Road, Jaipur, Rajasthan",5.13,5.7,7,4,5873,151.33
Vidyadhar Nagar,"Plot No. 99, Vidyadhar Nagar, Jaipur, Rajasthan",5.23,6.4,8,3,9530,180.65
Tonk Road,"Plot No. 47, Tonk Road, Jaipur, Rajasthan",15.47,6.2,7,5,6238,206.6
Kalwar Road,"Plot No. 487, Kalwar Road, Jaipur, Rajasthan",5.87,7.2,5,3,9109,153.23
Jhotwara,"Plot No. 327, Jhotwara, Jaipur, Rajasthan",5.67,5.7,7,3,3963,148.89
Sangeener,"Plot No. 422, Sangeener, Jaipur, Rajasthan",4.76,7.0,7,4,4599,149.44
Mansarovar,"Plot No. 480, Mansarovar, Jaipur, Rajasthan",11.3,4.0,5,3,3398,142.21
Vaishali Nagar,"Plot No. 67, Vaishali Nagar, Jaipur, Rajasthan",23.82,6.5,8,4,10023,283.26
Raja Park,"Plot No. 62, Raja Park, Jaipur, Rajasthan",16.44,5.3,8,3,5078,218.08
C-Scheme,"Plot No. 109, C-Scheme, Jaipur, Rajasthan",22.46,5.3,7,4,1839,208.8
Ajmer Road,"Plot No. 167, Ajmer Road, Jaipur, Rajasthan",13.87,7.6,7,5,6512,199.6
Ajmer Road,"Plot No. 37, Ajmer Road, Jaipur, Rajasthan",13.41,6.2,8,6,8164,217.23
Tonk Road,"Plot No. 119, Tonk Road, Jaipur, Rajasthan",15.06,6.2,8,3,4663,201.71
Jagatpura,"Plot No. 498, Jagatpura, Jaipur, Rajasthan",15.64,7.7,8,5,6469,222.16
Ajmer Road,"Plot No. 86, Ajmer Road, Jaipur, Rajasthan",14.91,5.1,8,6,7589,231.53
Civil Lines,"Plot No. 382, Civil Lines, Jaipur, Rajasthan",24.24,5.5,6,4,7483,238.97
Vaishali Nagar,"Plot No. 392, Vaishali Nagar, Jaipur, Rajasthan",20.81,6.9,9,3,5369,249.26
Sangeener,"Plot No. 465, Sangeener, Jaipur, Rajasthan",8.3,6.8,6,3,11801,178.21
Malviya Nagar,"Plot No. 52, Malviya Nagar, Jaipur, Rajasthan",19.19,6.8,7,3,5632,227.67
C-Scheme,"Plot No. 91, C-Scheme, Jaipur, Rajasthan",20.44,8.2,7,3,7596,229.17
C-Scheme,"Plot No. 289, C-Scheme, Jaipur, Rajasthan",29.48,6.1,6,2,9150,269.0
Jhotwara,"Plot No. 494, Jhotwara, Jaipur, Rajasthan",6.54,7.3,8,3,5702,169.52
C-Scheme,"Plot No. 337, C-Scheme, Jaipur, Rajasthan",20.85,5.8,8,3,5694,231.72
Ajmer Road,"Plot No. 298, Ajmer Road, Jaipur, Rajasthan",13.13,6.5,6,3,4256,166.61
Sangeener,"Plot No. 204, Sangeener, Jaipur, Rajasthan",5.99,5.6,7,2,9026,165.84
Vidyadhar Nagar,"Plot No. 368, Vidyadhar Nagar, Jaipur, Rajasthan",7.04,7.0,5,4,5871,130.19
Tonk Road,"Plot No. 238, Tonk Road, Jaipur, Rajasthan",14.05,5.1,6,3,10075,199.41
Civil Lines,"Plot No. 382, Civil Lines, Jaipur, Rajasthan",16.02,5.9,6,3,6924,207.11
Tonk Road,"Plot No. 155, Tonk Road, Jaipur, Rajasthan",13.78,6.0,5,4,5707,179.29
Mansarovar,"Plot No. 240, Mansarovar, Jaipur, Rajasthan",9.1,6.4,6,2,8828,174.71
Vidyadhar Nagar,"Plot No. 136, Vidyadhar Nagar, Jaipur, Rajasthan",5.26,7.3,8,3,11170,193.76
Jhotwara,"Plot No. 407, Jhotwara, Jaipur, Rajasthan",7.81,7.7,8,6,6459,183.15
Vidyadhar Nagar,"Plot No. 362, Vidyadhar Nagar, Jaipur, Rajasthan",7.98,7.5,6,3,5621,149.99
Kalwar Road,"Plot No. 381, Kalwar Road, Jaipur, Rajasthan",5.14,6.7,8,4,8014,173.1
Jhotwara,"Plot No. 369, Jhotwara, Jaipur, Rajasthan",8.61,4.5,8,4,8931,203.74
Civil Lines,"Plot No. 64, Civil Lines, Jaipur, Rajasthan",23.64,7.0,9,4,9756,282.29
Raja Park,"Plot No. 123, Raja Park, Jaipur, Rajasthan",20.73,3.9,8,6,4498,238.76
Sangeener,"Plot No. 254, Sangeener, Jaipur, Rajasthan",7.33,5.1,7,4,8225,177.96
Sangeener,"Plot No. 477, Sangeener, Jaipur, Rajasthan",6.72,6.0,7,5,6580,165.65
Mansarovar,"Plot No. 114, Mansarovar, Jaipur, Rajasthan",11.58,7.0,5,3,5576,164.55
Kalwar Road,"Plot No. 20, Kalwar Road, Jaipur, Rajasthan",7.81,6.0,6,3,6540,162.27
Kalwar Road,"Plot No. 16, Kalwar Road, Jaipur, Rajasthan",7.06,4.3,8,4,13545,225.38
Kalwar Road,"Plot No. 145, Kalwar Road, Jaipur, Rajasthan",5.02,5.4,8,3,9404,189.84
Vaishali Nagar,"Plot No. 208, Vaishali Nagar, Jaipur, Rajasthan",23.46,6.5,7,2,4765,228.6
Vaishali Nagar,"Plot No. 19, Vaishali Nagar, Jaipur, Rajasthan",26.63,6.0,6,4,5636,248.77
Mansarovar,"Plot No. 376, Mansarovar, Jaipur, Rajasthan",12.91,5.6,6,3,6794,187.85
Vidyadhar Nagar,"Plot No. 392, Vidyadhar Nagar, Jaipur, Rajasthan",4.9,6.0,9,6,8952,195.2
C-Scheme,"Plot No. 166, C-Scheme, Jaipur, Rajasthan",19.44,4.4,6,4,7224,219.45
Pratap Nagar,"Plot No. 38, Pratap Nagar, Jaipur, Rajasthan",4.72,6.6,5,4,5538,116.7
Jhotwara,"Plot No. 181, Jhotwara, Jaipur, Rajasthan",6.6,8.0,6,2,9699,174.2
Raja Park,"Plot No. 349, Raja Park, Jaipur, Rajasthan",16.62,6.2,7,4,7974,226.38
Jhotwara,"Plot No. 105, Jhotwara, Jaipur, Rajasthan",4.51,5.3,7,2,8753,166.2
Raja Park,"Plot No. 100, Raja Park, Jaipur, Rajasthan",26.72,5.9,8,3,5198,259.57
Pratap Nagar,"Plot No. 90, Pratap Nagar, Jaipur, Rajasthan",8.02,5.3,7,4,7602,184.05
Pratap Nagar,"Plot No. 415, Pratap Nagar, Jaipur, Rajasthan",4.54,5.4,5,3,3800,116.31
Jhotwara,"Plot No. 300, Jhotwara, Jaipur, Rajasthan",4.54,5.3,7,4,9211,166.7
Raja Park,"Plot No. 444, Raja Park, Jaipur, Rajasthan",28.5,6.0,9,5,6353,295.87
Pratap Nagar,"Plot No. 332, Pratap Nagar, Jaipur, Rajasthan",7.97,5.2,7,3,8447,186.86
Sangeener,"Plot No. 401, Sangeener, Jaipur, Rajasthan",7.92,4.3,7,4,5229,157.97
Sangeener,"Plot No. 79, Sangeener, Jaipur, Rajasthan",7.93,6.6,6,4,11035,185.69
Kalwar Road,"Plot No. 73, Kalwar Road, Jaipur, Rajasthan",6.09,4.7,6,2,5930,153.51
Jhotwara,"Plot No. 423, Jhotwara, Jaipur, Rajasthan",8.38,5.1,7,4,5518,170.95
Civil Lines,"Plot No. 426, Civil Lines, Jaipur, Rajasthan",24.58,6.5,5,4,10070,240.35
Jhotwara,"Plot No. 176, Jhotwara, Jaipur, Rajasthan",5.87,6.1,8,6,6430,165.47
C-Scheme,"Plot No. 396, C-Scheme, Jaipur, Rajasthan",28.67,5.1,6,3,5066,244.35
Pratap Nagar,"Plot No. 96, Pratap Nagar, Jaipur, Rajasthan",5.23,5.9,6,4,8261,144.58
Jagatpura,"Plot No. 345, Jagatpura, Jaipur, Rajasthan",14.32,4.6,6,3,2859,167.26
Malviya Nagar,"Plot No. 103, Malviya Nagar, Jaipur, Rajasthan",27.94,4.2,6,4,6737,256.72
Raja Park,"Plot No. 402, Raja Park, Jaipur, Rajasthan",19.56,6.5,7,3,6098,218.5
Kalwar Road,"Plot No. 463, Kalwar Road, Jaipur, Rajasthan",5.91,5.2,7,2,8055,166.02
Tonk Road,"Plot No. 224, Tonk Road, Jaipur, Rajasthan",10.75,5.7,7,6,5659,178.15
Mansarovar,"Plot No. 6, Mansarovar, Jaipur, Rajasthan",13.57,7.3,9,4,6175,214.23
Nirman Nagar,"Plot No. 122, Nirman Nagar, Jaipur, Rajasthan",13.65,6.7,8,3,6106,211.49
Raja Park,"Plot No. 236, Raja Park, Jaipur, Rajasthan",20.87,3.7,10,3,3018,254.55
Vidyadhar Nagar,"Plot No. 427, Vidyadhar Nagar, Jaipur, Rajasthan",5.77,4.5,8,4,8512,174.89
Vidyadhar Nagar,"Plot No. 116, Vidyadhar Nagar, Jaipur, Rajasthan",5.07,5.4,7,5,4626,142.9
Mansarovar,"Plot No. 163, Mansarovar, Jaipur, Rajasthan",9.0,6.9,6,2,4592,157.0
C-Scheme,"Plot No. 226, C-Scheme, Jaipur, Rajasthan",25.03,5.4,8,3,8736,272.74
Jhotwara,"Plot No. 230, Jhotwara, Jaipur, Rajasthan",5.16,4.1,7,2,11099,191.52
Kalwar Road,"Plot No. 182, Kalwar Road, Jaipur, Rajasthan",4.96,5.7,7,3,6605,161.54
Jagatpura,"Plot No. 249, Jagatpura, Jaipur, Rajasthan",9.78,4.2,6,4,8287,174.88
Malviya Nagar,"Plot No. 318, Malviya Nagar, Jaipur, Rajasthan",29.83,6.6,8,6,4869,278.96
Pratap Nagar,"Plot No. 453, Pratap Nagar, Jaipur, Rajasthan",7.42,5.0,8,3,9251,198.72
Nirman Nagar,"Plot No. 210, Nirman Nagar, Jaipur, Rajasthan",14.5,6.6,6,2,6142,181.28
C-Scheme,"Plot No. 144, C-Scheme, Jaipur, Rajasthan",26.31,6.0,6,2,9329,255.86
Nirman Nagar,"Plot No. 392, Nirman Nagar, Jaipur, Rajasthan",14.84,5.0,8,6,7531,222.53
Pratap Nagar,"Plot No. 345, Pratap Nagar, Jaipur, Rajasthan",6.64,6.8,7,2,5024,164.29
Nirman Nagar,"Plot No. 96, Nirman Nagar, Jaipur, Rajasthan",12.49,4.5,7,4,4647,182.32
Vidyadhar Nagar,"Plot No. 382, Vidyadhar Nagar, Jaipur, Rajasthan",7.61,6.0,8,3,9733,195.24
Civil Lines,"Plot No. 346, Civil Lines, Jaipur, Rajasthan",26.24,5.8,7,3,6753,253.83
Pratap Nagar,"Plot No. 244, Pratap Nagar, Jaipur, Rajasthan",7.87,6.5,7,3,5049,164.14
Nirman Nagar,"Plot No. 86, Nirman Nagar, Jaipur, Rajasthan",12.42,6.6,6,3,10036,201.7
Vaishali Nagar,"Plot No. 415, Vaishali Nagar, Jaipur, Rajasthan",24.96,6.2,7,3,9017,263.41
Tonk Road,"Plot No. 491, Tonk Road, Jaipur, Rajasthan",15.56,4.9,7,5,7848,220.58
Sangeener,"Plot No. 394, Sangeener, Jaipur, Rajasthan",6.01,5.0,6,3,7653,152.67
Jagatpura,"Plot No. 184, Jagatpura, Jaipur, Rajasthan",10.32,6.7,7,6,7108,188.17
Kalwar Road,"Plot No. 121, Kalwar Road, Jaipur, Rajasthan",7.07,5.7,6,3,7047,152.79
Vidyadhar Nagar,"Plot No. 332, Vidyadhar Nagar, Jaipur, Rajasthan",6.53,5.6,6,3,3830,144.71
Vidyadhar Nagar,"Plot No. 92, Vidyadhar Nagar, Jaipur, Rajasthan",7.39,3.8,7,4,8983,190.3
Kalwar Road,"Plot No. 70, Kalwar Road, Jaipur, Rajasthan",8.09,6.3,6,2,9282,178.75
Ajmer Road,"Plot No. 404, Ajmer Road, Jaipur, Rajasthan",12.08,6.6,7,4,7847,190.63
Raja Park,"Plot No. 133, Raja Park, Jaipur, Rajasthan",26.73,5.0,6,2,5433,248.85
Sangeener,"Plot No. 279, Sangeener, Jaipur, Rajasthan",7.62,4.8,10,3,7016,210.23
Nirman Nagar,"Plot No. 137, Nirman Nagar, Jaipur, Rajasthan",9.16,5.2,7,6,7056,190.17
Tonk Road,"Plot No. 314, Tonk Road, Jaipur, Rajasthan",11.03,4.9,8,3,8201,204.83
Civil Lines,"Plot No. 187, Civil Lines, Jaipur, Rajasthan",25.64,7.0,6,2,8297,256.48
Nirman Nagar,"Plot No. 221, Nirman Nagar, Jaipur, Rajasthan",15.39,6.6,9,5,6643,227.59
Raja Park,"Plot No. 464, Raja Park, Jaipur, Rajasthan",20.76,7.6,6,3,6771,217.04
C-Scheme,"Plot No. 438, C-Scheme, Jaipur, Rajasthan",23.04,6.5,8,3,5168,239.9
Jhotwara,"Plot No. 46, Jhotwara, Jaipur, Rajasthan",6.91,5.7,7,5,6934,163.08
Sangeener,"Plot No. 278, Sangeener, Jaipur, Rajasthan",5.2,4.8,8,5,7200,168.05
Nirman Nagar,"Plot No. 192, Nirman Nagar, Jaipur, Rajasthan",14.28,4.9,8,3,12481,237.78
Sangeener,"Plot No. 8, Sangeener, Jaipur, Rajasthan",5.85,5.8,7,4,2904,133.08
Ajmer Road,"Plot No. 379, Ajmer Road, Jaipur, Rajasthan",10.15,4.8,7,5,11807,215.43
Vaishali Nagar,"Plot No. 276, Vaishali Nagar, Jaipur, Rajasthan",27.91,4.7,7,6,2618,248.37
Ajmer Road,"Plot No. 179, Ajmer Road, Jaipur, Rajasthan",13.29,6.4,7,4,8326,210.91
Jagatpura,"Plot No. 334, Jagatpura, Jaipur, Rajasthan",11.8,5.5,8,4,6620,204.74
Pratap Nagar,"Plot No. 39, Pratap Nagar, Jaipur, Rajasthan",6.49,6.0,7,4,8524,180.4
Jhotwara,"Plot No. 293, Jhotwara, Jaipur, Rajasthan",8.47,6.7,8,6,7989,191.63
Jhotwara,"Plot No. 178, Jhotwara, Jaipur, Rajasthan",7.53,6.0,8,3,10699,193.52
Jagatpura,"Plot No. 162, Jagatpura, Jaipur, Rajasthan",14.17,6.0,7,3,6969,205.2
Sangeener,"Plot No. 331, Sangeener, Jaipur, Rajasthan",4.67,6.8,7,4,7630,162.92
Mansarovar,"Plot No. 374, Mansarovar, Jaipur, Rajasthan",9.09,6.4,7,4,8921,190.17
Pratap Nagar,"Plot No. 104, Pratap Nagar, Jaipur, Rajasthan",8.4,5.2,7,3,9928,197.19
Jhotwara,"Plot No. 161, Jhotwara, Jaipur, Rajasthan",5.92,6.3,8,5,5313,171.16
Vidyadhar Nagar,"Plot No. 287, Vidyadhar Nagar, Jaipur, Rajasthan",5.59,7.1,7,2,7392,160.79
Civil Lines,"Plot No. 123, Civil Lines, Jaipur, Rajasthan",21.66,5.2,6,4,7643,237.77
Vaishali Nagar,"Plot No. 54, Vaishali Nagar, Jaipur, Rajasthan",25.15,5.5,7,6,4896,249.79
Jhotwara,"Plot No. 428, Jhotwara, Jaipur, Rajasthan",6.99,5.1,8,3,13924,208.93
Mansarovar,"Plot No. 34, Mansarovar, Jaipur, Rajasthan",15.32,4.5,5,4,6279,183.98
Pratap Nagar,"Plot No. 242, Pratap Nagar, Jaipur, Rajasthan",5.27,6.0,8,3,5849,171.11
Jagatpura,"Plot No. 455, Jagatpura, Jaipur, Rajasthan",10.86,5.2,8,3,7245,202.62
Vaishali Nagar,"Plot No. 378, Vaishali Nagar, Jaipur, Rajasthan",20.48,5.8,7,6,8112,248.14
Nirman Nagar,"Plot No. 113, Nirman Nagar, Jaipur, Rajasthan",14.47,7.3,6,2,5379,174.43
Tonk Road,"Plot No. 318, Tonk Road, Jaipur, Rajasthan",14.69,5.8,7,3,5345,201.98
Nirman Nagar,"Plot No. 23, Nirman Nagar, Jaipur, Rajasthan",9.23,5.4,8,3,6928,198.33
Nirman Nagar,"Plot No. 46, Nirman Nagar, Jaipur, Rajasthan",11.47,5.3,6,3,6001,178.16
Vidyadhar Nagar,"Plot No. 312, Vidyadhar Nagar, Jaipur, Rajasthan",5.92,5.6,7,4,5331,153.38
Pratap Nagar,"Plot No. 135, Pratap Nagar, Jaipur, Rajasthan",8.41,6.0,6,3,5909,155.62
Vaishali Nagar,"Plot No. 118, Vaishali Nagar, Jaipur, Rajasthan",17.22,5.0,7,4,6499,218.38
Civil Lines,"Plot No. 473, Civil Lines, Jaipur, Rajasthan",23.81,6.2,7,6,5622,240.04
Tonk Road,"Plot No. 189, Tonk Road, Jaipur, Rajasthan",11.72,8.0,7,3,5557,188.7
Kalwar Road,"Plot No. 131, Kalwar Road, Jaipur, Rajasthan",4.89,5.8,7,3,4947,140.71
Civil Lines,"Plot No. 422, Civil Lines, Jaipur, Rajasthan",19.07,6.6,7,2,8284,234.84
Mansarovar,"Plot No. 212, Mansarovar, Jaipur, Rajasthan",11.28,5.3,5,2,6167,154.71
Jhotwara,"Plot No. 418, Jhotwara, Jaipur, Rajasthan",6.33,4.8,7,6,6688,166.43
Jagatpura,"Plot No. 113, Jagatpura, Jaipur, Rajasthan",15.52,6.2,8,3,6983,225.42
Sangeener,"Plot No. 44, Sangeener, Jaipur, Rajasthan",5.75,6.0,7,6,9039,166.11
Sangeener,"Plot No. 128, Sangeener, Jaipur, Rajasthan",8.53,5.6,6,4,7881,173.03
Pratap Nagar,"Plot No. 364, Pratap Nagar, Jaipur, Rajasthan",6.54,3.9,8,4,7323,175.96
C-Scheme,"Plot No. 158, C-Scheme, Jaipur, Rajasthan",28.36,4.5,7,5,7990,280.74
Raja Park,"Plot No. 273, Raja Park, Jaipur, Rajasthan",25.91,4.9,7,4,6082,256.54
Vidyadhar Nagar,"Plot No. 315, Vidyadhar Nagar, Jaipur, Rajasthan",5.19,5.8,7,2,6468,153.51
C-Scheme,"Plot No. 394, C-Scheme, Jaipur, Rajasthan",21.37,7.2,9,5,6157,247.79
Mansarovar,"Plot No. 355, Mansarovar, Jaipur, Rajasthan",9.84,6.6,7,4,5890,180.5
Kalwar Road,"Plot No. 340, Kalwar Road, Jaipur, Rajasthan",7.91,6.8,8,3,7533,184.07
Jagatpura,"Plot No. 402, Jagatpura, Jaipur, Rajasthan",9.92,6.9,8,3,6670,183.35
Jagatpura,"Plot No. 45, Jagatpura, Jaipur, Rajasthan",12.61,6.1,7,2,8803,209.85
Pratap Nagar,"Plot No. 108, Pratap Nagar, Jaipur, Rajasthan",7.66,6.7,8,3,12140,203.08
Kalwar Road,"Plot No. 219, Kalwar Road, Jaipur, Rajasthan",5.74,7.2,7,4,6626,163.61
Tonk Road,"Plot No. 443, Tonk Road, Jaipur, Rajasthan",10.69,6.2,5,4,7890,167.76
Tonk Road,"Plot No. 318, Tonk Road, Jaipur, Rajasthan",11.44,5.3,6,4,5139,163.55
Ajmer Road,"Plot No. 315, Ajmer Road, Jaipur, Rajasthan",13.41,6.4,8,5,7562,205.11
Vidyadhar Nagar,"Plot No. 177, Vidyadhar Nagar, Jaipur, Rajasthan",4.88,6.3,8,5,7089,172.28
Jagatpura,"Plot No. 228, Jagatpura, Jaipur, Rajasthan",9.94,7.3,7,4,9199,182.26
Malviya Nagar,"Plot No. 191, Malviya Nagar, Jaipur, Rajasthan",20.36,7.6,6,3,3471,191.99
Malviya Nagar,"Plot No. 471, Malviya Nagar, Jaipur, Rajasthan",29.87,4.9,6,4,7952,276.83
Kalwar Road,"Plot No. 160, Kalwar Road, Jaipur, Rajasthan",6.8,6.1,9,6,8019,197.36
Raja Park,"Plot No. 394, Raja Park, Jaipur, Rajasthan",24.88,7.3,6,4,4420,224.1
Vidyadhar Nagar,"Plot No. 267, Vidyadhar Nagar, Jaipur, Rajasthan",4.6,6.2,7,6,7926,162.19
Mansarovar,"Plot No. 358, Mansarovar, Jaipur, Rajasthan",10.94,7.1,7,2,7196,188.67
Ajmer Road,"Plot No. 326, Ajmer Road, Jaipur, Rajasthan",15.27,6.1,7,2,9004,219.47
Civil Lines,"Plot No. 379, Civil Lines, Jaipur, Rajasthan",22.28,6.6,6,2,7310,233.45
Pratap Nagar,"Plot No. 489, Pratap Nagar, Jaipur, Rajasthan",8.34,6.8,6,2,4552,158.4
Jagatpura,"Plot No. 190, Jagatpura, Jaipur, Rajasthan",13.84,4.5,6,2,8529,197.1
Tonk Road,"Plot No. 175, Tonk Road, Jaipur, Rajasthan",9.07,6.1,8,5,6223,182.52
Sangeener,"Plot No. 290, Sangeener, Jaipur, Rajasthan",8.67,5.2,5,2,8613,152.65
Jagatpura,"Plot No. 484, Jagatpura, Jaipur, Rajasthan",11.09,6.3,7,3,8540,188.42
Malviya Nagar,"Plot No. 357, Malviya Nagar, Jaipur, Rajasthan",27.87,5.3,9,6,7480,288.35
Ajmer Road,"Plot No. 145, Ajmer Road, Jaipur, Rajasthan",12.65,4.9,7,2,6797,193.06
Pratap Nagar,"Plot No. 232, Pratap Nagar, Jaipur, Rajasthan",8.73,5.5,8,5,4969,181.7
Sangeener,"Plot No. 360, Sangeener, Jaipur, Rajasthan",8.43,3.7,7,4,11261,191.15
Nirman Nagar,"Plot No. 438, Nirman Nagar, Jaipur, Rajasthan",13.07,6.3,7,4,7457,204.12
Raja Park,"Plot No. 204, Raja Park, Jaipur, Rajasthan",20.16,6.1,7,2,8373,236.43
Tonk Road,"Plot No. 213, Tonk Road, Jaipur, Rajasthan",10.7,8.9,6,3,7200,180.28
Kalwar Road,"Plot No. 40, Kalwar Road, Jaipur, Rajasthan",7.02,6.5,8,6,7157,182.1
Kalwar Road,"Plot No. 275, Kalwar Road, Jaipur, Rajasthan",8.03,5.6,7,3,7110,180.12
Civil Lines,"Plot No. 323, Civil Lines, Jaipur, Rajasthan",25.46,6.6,8,5,4692,263.99
Mansarovar,"Plot No. 82, Mansarovar, Jaipur, Rajasthan",12.49,6.1,9,5,8735,235.25
Ajmer Road,"Plot No. 181, Ajmer Road, Jaipur, Rajasthan",13.49,6.7,7,3,7390,201.02
Pratap Nagar,"Plot No. 499, Pratap Nagar, Jaipur, Rajasthan",5.11,5.9,8,4,4782,158.52
Mansarovar,"Plot No. 320, Mansarovar, Jaipur, Rajasthan",14.28,5.5,8,6,5398,209.49
Tonk Road,"Plot No. 83, Tonk Road, Jaipur, Rajasthan",11.8,7.0,7,6,7164,189.0
Vidyadhar Nagar,"Plot No. 303, Vidyadhar Nagar, Jaipur, Rajasthan",5.15,7.5,8,3,10061,179.59
Jhotwara,"Plot No. 262, Jhotwara, Jaipur, Rajasthan",5.48,4.8,8,3,8502,179.09
Pratap Nagar,"Plot No. 272, Pratap Nagar, Jaipur, Rajasthan",6.37,6.4,9,3,4388,170.57
Mansarovar,"Plot No. 200, Mansarovar, Jaipur, Rajasthan",11.83,3.6,8,5,6178,198.66
Ajmer Road,"Plot No. 240, Ajmer Road, Jaipur, Rajasthan",9.54,7.1,8,3,8895,192.49
Vidyadhar Nagar,"Plot No. 402, Vidyadhar Nagar, Jaipur, Rajasthan",5.16,4.3,9,5,7740,188.55
Mansarovar,"Plot No. 180, Mansarovar, Jaipur, Rajasthan",10.7,8.1,6,2,5181,156.82
Pratap Nagar,"Plot No. 432, Pratap Nagar, Jaipur, Rajasthan",5.34,6.0,6,3,11254,168.87
Jhotwara,"Plot No. 171, Jhotwara, Jaipur, Rajasthan",8.29,6.8,7,3,3738,163.13
Tonk Road,"Plot No. 295, Tonk Road, Jaipur, Rajasthan",14.84,5.0,5,2,6287,179.13
C-Scheme,"Plot No. 177, C-Scheme, Jaipur, Rajasthan",22.29,7.8,8,3,7460,262.68
Sangeener,"Plot No. 369, Sangeener, Jaipur, Rajasthan",7.14,6.0,7,3,9153,172.99
Mansarovar,"Plot No. 396, Mansarovar, Jaipur, Rajasthan",14.77,6.9,6,2,5072,189.91
Civil Lines,"Plot No. 237, Civil Lines, Jaipur, Rajasthan",17.83,5.4,8,3,7844,232.67
Pratap Nagar,"Plot No. 138, Pratap Nagar, Jaipur, Rajasthan",7.12,6.4,7,2,7090,177.7
Civil Lines,"Plot No. 327, Civil Lines, Jaipur, Rajasthan",24.89,6.1,6,3,5738,230.55
Kalwar Road,"Plot No. 366, Kalwar Road, Jaipur, Rajasthan",7.08,4.9,8,6,9231,198.73
C-Scheme,"Plot No. 311, C-Scheme, Jaipur, Rajasthan",21.97,6.7,7,3,5323,222.26
Vidyadhar Nagar,"Plot No. 129, Vidyadhar Nagar, Jaipur, Rajasthan",6.33,4.9,7,5,8484,177.05
Nirman Nagar,"Plot No. 49, Nirman Nagar, Jaipur, Rajasthan",10.52,5.1,8,5,4333,179.88
Nirman Nagar,"Plot No. 164, Nirman Nagar, Jaipur, Rajasthan",11.14,5.9,8,4,8298,210.52
Sangeener,"Plot No. 277, Sangeener, Jaipur, Rajasthan",5.23,5.8,6,4,3844,135.34
Pratap Nagar,"Plot No. 293, Pratap Nagar, Jaipur, Rajasthan",7.04,6.9,8,4,6838,187.11
Raja Park,"Plot No. 116, Raja Park, Jaipur, Rajasthan",29.44,5.2,6,2,6896,267.53
Ajmer Road,"Plot No. 24, Ajmer Road, Jaipur, Rajasthan",11.26,5.9,7,3,6192,183.32
Nirman Nagar,"Plot No. 311, Nirman Nagar, Jaipur, Rajasthan",9.89,6.3,7,6,7730,179.54
Mansarovar,"Plot No. 25, Mansarovar, Jaipur, Rajasthan",9.47,6.2,7,4,6025,178.43
Sangeener,"Plot No. 391, Sangeener, Jaipur, Rajasthan",6.12,6.4,6,4,8561,151.91
Mansarovar,"Plot No. 127, Mansarovar, Jaipur, Rajasthan",10.13,6.1,8,3,8696,210.52
Jagatpura,"Plot No. 234, Jagatpura, Jaipur, Rajasthan",11.39,6.0,6,4,6029,167.76
Pratap Nagar,"Plot No. 209, Pratap Nagar, Jaipur, Rajasthan",6.23,6.4,6,2,4236,138.97
Sangeener,"Plot No. 93, Sangeener, Jaipur, Rajasthan",6.87,7.2,8,5,4936,169.77
Kalwar Road,"Plot No. 94, Kalwar Road, Jaipur, Rajasthan",5.34,4.8,7,6,7636,162.86
Vidyadhar Nagar,"Plot No. 327, Vidyadhar Nagar, Jaipur, Rajasthan",5.63,6.2,6,4,8506,160.53
Vidyadhar Nagar,"Plot No. 225, Vidyadhar Nagar, Jaipur, Rajasthan",5.05,6.5,7,6,9994,168.46
Sangeener,"Plot No. 455, Sangeener, Jaipur, Rajasthan",7.64,6.4,7,5,9297,173.25
Tonk Road,"Plot No. 378, Tonk Road, Jaipur, Rajasthan",15.35,6.4,7,5,7725,220.89
Malviya Nagar,"Plot No. 280, Malviya Nagar, Jaipur, Rajasthan",19.23,6.3,5,4,9096,209.73
Jhotwara,"Plot No. 11, Jhotwara, Jaipur, Rajasthan",6.73,6.0,6,2,8252,165.83
Kalwar Road,"Plot No. 329, Kalwar Road, Jaipur, Rajasthan",4.8,6.4,7,6,7836,161.77
Ajmer Road,"Plot No. 12, Ajmer Road, Jaipur, Rajasthan",10.03,6.4,6,4,6768,172.76
Jagatpura,"Plot No. 35, Jagatpura, Jaipur, Rajasthan",14.4,5.9,7,4,7074,196.86
Jhotwara,"Plot No. 447, Jhotwara, Jaipur, Rajasthan",8.4,7.0,7,3,12170,200.05
Tonk Road,"Plot No. 452, Tonk Road, Jaipur, Rajasthan",11.63,6.0,7,6,8430,195.82
Pratap Nagar,"Plot No. 228, Pratap Nagar, Jaipur, Rajasthan",8.24,6.3,7,5,9027,183.27
Malviya Nagar,"Plot No. 220, Malviya Nagar, Jaipur, Rajasthan",29.04,5.7,8,6,9050,306.42
Vaishali Nagar,"Plot No. 441, Vaishali Nagar, Jaipur, Rajasthan",25.57,5.3,6,3,8767,248.35
Raja Park,"Plot No. 141, Raja Park, Jaipur, Rajasthan",19.67,6.4,5,2,8048,215.15
Tonk Road,"Plot No. 23, Tonk Road, Jaipur, Rajasthan",12.62,6.1,9,5,5687,209.47
Nirman Nagar,"Plot No. 83, Nirman Nagar, Jaipur, Rajasthan",14.63,5.5,7,3,6124,197.4
Vidyadhar Nagar,"Plot No. 490, Vidyadhar Nagar, Jaipur, Rajasthan",6.02,6.6,9,5,8436,189.59
C-Scheme,"Plot No. 229, C-Scheme, Jaipur, Rajasthan",27.62,6.0,6,4,4657,240.84
Vidyadhar Nagar,"Plot No. 423, Vidyadhar Nagar, Jaipur, Rajasthan",8.49,6.6,7,3,6505,169.52
Vaishali Nagar,"Plot No. 344, Vaishali Nagar, Jaipur, Rajasthan",27.52,6.3,5,2,8942,247.77
Raja Park,"Plot No. 80, Raja Park, Jaipur, Rajasthan",23.56,4.6,8,6,12245,291.76
Kalwar Road,"Plot No. 353, Kalwar Road, Jaipur, Rajasthan",6.12,6.6,7,3,7442,156.64
Jagatpura,"Plot No. 396, Jagatpura, Jaipur, Rajasthan",14.82,7.2,8,5,7103,213.5
Mansarovar,"Plot No. 290, Mansarovar, Jaipur, Rajasthan",12.99,7.3,7,6,6310,187.56
Jhotwara,"Plot No. 455, Jhotwara, Jaipur, Rajasthan",4.7,5.4,7,6,6615,161.56
Vidyadhar Nagar,"Plot No. 331, Vidyadhar Nagar, Jaipur, Rajasthan",7.02,5.2,7,4,8811,171.88
Jhotwara,"Plot No. 159, Jhotwara, Jaipur, Rajasthan",5.3,5.6,6,4,4582,145.76
Vaishali Nagar,"Plot No. 477, Vaishali Nagar, Jaipur, Rajasthan",21.85,7.7,7,3,6899,230.24
Mansarovar,"Plot No. 128, Mansarovar, Jaipur, Rajasthan",14.0,3.6,6,3,7391,193.16
Malviya Nagar,"Plot No. 190, Malviya Nagar, Jaipur, Rajasthan",16.99,6.7,6,3,10220,213.6
Pratap Nagar,"Plot No. 397, Pratap Nagar, Jaipur, Rajasthan",7.43,4.8,8,4,9241,191.4
Pratap Nagar,"Plot No. 31, Pratap Nagar, Jaipur, Rajasthan",8.62,5.3,6,4,10726,189.28
Ajmer Road,"Plot No. 386, Ajmer Road, Jaipur, Rajasthan",14.09,6.9,5,3,6372,173.67
Jhotwara,"Plot No. 359, Jhotwara, Jaipur, Rajasthan",5.58,4.0,7,3,10128,173.68
Kalwar Road,"Plot No. 15, Kalwar Road, Jaipur, Rajasthan",7.02,5.7,8,5,6446,169.31
Sangeener,"Plot No. 313, Sangeener, Jaipur, Rajasthan",8.7,5.1,8,6,8813,193.77
Nirman Nagar,"Plot No. 75, Nirman Nagar, Jaipur, Rajasthan",9.51,5.8,8,4,8624,209.98
Jhotwara,"Plot No. 34, Jhotwara, Jaipur, Rajasthan",7.53,4.4,7,2,9952,195.21
C-Scheme,"Plot No. 359, C-Scheme, Jaipur, Rajasthan",29.55,6.3,8,4,5674,280.56
Sangeener,"Plot No. 196, Sangeener, Jaipur, Rajasthan",5.92,5.3,5,3,4911,129.66
Jhotwara,"Plot No. 331, Jhotwara, Jaipur, Rajasthan",7.71,6.4,7,6,4094,164.87
C-Scheme,"Plot No. 29, C-Scheme, Jaipur, Rajasthan",20.87,7.2,7,3,2883,214.62
Jhotwara,"Plot No. 194, Jhotwara, Jaipur, Rajasthan",6.38,5.1,7,6,6947,174.32
Jhotwara,"Plot No. 16, Jhotwara, Jaipur, Rajasthan",8.42,5.4,7,3,9732,189.81
Malviya Nagar,"Plot No. 423, Malviya Nagar, Jaipur, Rajasthan",17.56,3.7,6,2,3738,188.43
Kalwar Road,"Plot No. 77, Kalwar Road, Jaipur, Rajasthan",6.32,5.6,8,5,10630,200.6
Sangeener,"Plot No. 293, Sangeener, Jaipur, Rajasthan",5.67,5.3,8,5,5529,168.44
C-Scheme,"Plot No. 81, C-Scheme, Jaipur, Rajasthan",29.97,7.7,5,2,5332,247.33
Malviya Nagar,"Plot No. 405, Malviya Nagar, Jaipur, Rajasthan",20.53,6.6,8,4,3781,221.69
Vidyadhar Nagar,"Plot No. 428, Vidyadhar Nagar, Jaipur, Rajasthan",7.56,5.5,6,3,3884,147.41
Malviya Nagar,"Plot No. 124, Malviya Nagar, Jaipur, Rajasthan",28.32,7.0,8,5,7832,283.24
Civil Lines,"Plot No. 19, Civil Lines, Jaipur, Rajasthan",20.97,6.0,5,2,7504,210.82
Pratap Nagar,"Plot No. 455, Pratap Nagar, Jaipur, Rajasthan",6.55,5.5,8,6,9790,196.57
Civil Lines,"Plot No. 102, Civil Lines, Jaipur, Rajasthan",29.29,6.0,7,6,6729,276.08
Jagatpura,"Plot No. 392, Jagatpura, Jaipur, Rajasthan",12.95,7.0,6,2,5838,180.83
Sangeener,"Plot No. 77, Sangeener, Jaipur, Rajasthan",6.11,7.4,8,5,10007,198.57
Raja Park,"Plot No. 229, Raja Park, Jaipur, Rajasthan",24.7,5.3,7,3,6087,254.07
Jagatpura,"Plot No. 450, Jagatpura, Jaipur, Rajasthan",12.97,7.6,8,4,11230,230.82
Mansarovar,"Plot No. 297, Mansarovar, Jaipur, Rajasthan",10.48,7.1,8,5,8033,203.09
Sangeener,"Plot No. 203, Sangeener, Jaipur, Rajasthan",4.92,6.6,8,3,8523,175.31
Malviya Nagar,"Plot No. 472, Malviya Nagar, Jaipur, Rajasthan",21.56,7.4,7,2,9162,253.98
Tonk Road,"Plot No. 454, Tonk Road, Jaipur, Rajasthan",13.3,7.5,7,6,5796,188.19
Vaishali Nagar,"Plot No. 61, Vaishali Nagar, Jaipur, Rajasthan",21.29,6.3,7,4,5922,235.36
Malviya Nagar,"Plot No. 26, Malviya Nagar, Jaipur, Rajasthan",27.26,8.1,6,3,7352,248.32
C-Scheme,"Plot No. 71, C-Scheme, Jaipur, Rajasthan",27.2,5.5,8,6,7999,276.26
Vidyadhar Nagar,"Plot No. 103, Vidyadhar Nagar, Jaipur, Rajasthan",7.34,5.7,7,2,7618,166.37
Nirman Nagar,"Plot No. 467, Nirman Nagar, Jaipur, Rajasthan",9.85,6.0,4,3,7863,153.29
Tonk Road,"Plot No. 326, Tonk Road, Jaipur, Rajasthan",9.26,4.2,7,4,9043,188.92
Sangeener,"Plot No. 363, Sangeener, Jaipur, Rajasthan",5.15,7.0,5,2,8794,138.69
Jagatpura,"Plot No. 157, Jagatpura, Jaipur, Rajasthan",10.89,5.8,4,3,6160,149.21
Raja Park,"Plot No. 363, Raja Park, Jaipur, Rajasthan",25.98,7.6,7,5,6623,245.93
Malviya Nagar,"Plot No. 359, Malviya Nagar, Jaipur, Rajasthan",21.15,6.6,7,4,4876,219.92
Mansarovar,"Plot No. 194, Mansarovar, Jaipur, Rajasthan",12.6,6.4,5,3,3823,151.81
Kalwar Road,"Plot No. 275, Kalwar Road, Jaipur, Rajasthan",5.42,8.5,7,3,5739,155.13
Ajmer Road,"Plot No. 324, Ajmer Road, Jaipur, Rajasthan",15.5,5.4,8,5,6822,222.31
Civil Lines,"Plot No. 186, Civil Lines, Jaipur, Rajasthan",29.49,6.6,6,3,8079,276.17
Raja Park,"Plot No. 326, Raja Park, Jaipur, Rajasthan",18.8,8.9,6,4,7910,210.13
C-Scheme,"Plot No. 113, C-Scheme, Jaipur, Rajasthan",17.33,5.4,8,3,11433,249.18
Mansarovar,"Plot No. 313, Mansarovar, Jaipur, Rajasthan",13.38,5.8,6,2,10945,197.91
Tonk Road,"Plot No. 165, Tonk Road, Jaipur, Rajasthan",14.58,6.2,7,6,4822,202.83
Vidyadhar Nagar,"Plot No. 61, Vidyadhar Nagar, Jaipur, Rajasthan",7.24,6.0,7,6,7485,172.21
Tonk Road,"Plot No. 92, Tonk Road, Jaipur, Rajasthan",12.99,7.7,6,4,6580,180.75
Kalwar Road,"Plot No. 286, Kalwar Road, Jaipur, Rajasthan",6.07,5.1,7,3,10197,189.94
Ajmer Road,"Plot No. 455, Ajmer Road, Jaipur, Rajasthan",15.72,6.0,7,2,8795,215.23
Nirman Nagar,"Plot No. 457, Nirman Nagar, Jaipur, Rajasthan",12.26,5.7,7,4,6963,190.76
Vidyadhar Nagar,"Plot No. 153, Vidyadhar Nagar, Jaipur, Rajasthan",8.85,6.2,7,3,5115,170.88
Jagatpura,"Plot No. 225, Jagatpura, Jaipur, Rajasthan",11.73,7.1,6,3,8769,192.2
Pratap Nagar,"Plot No. 127, Pratap Nagar, Jaipur, Rajasthan",5.49,5.7,7,5,9214,176.86
Jhotwara,"Plot No. 193, Jhotwara, Jaipur, Rajasthan",7.09,5.5,8,6,2960,167.36
Ajmer Road,"Plot No. 115, Ajmer Road, Jaipur, Rajasthan",11.26,5.7,8,3,4808,192.04
Civil Lines,"Plot No. 262, Civil Lines, Jaipur, Rajasthan",22.47,6.4,5,4,8163,231.33
Nirman Nagar,"Plot No. 18, Nirman Nagar, Jaipur, Rajasthan",11.54,5.0,8,6,10811,223.95
Mansarovar,"Plot No. 10, Mansarovar, Jaipur, Rajasthan",12.63,5.3,6,4,4539,166.96
Kalwar Road,"Plot No. 92, Kalwar Road, Jaipur, Rajasthan",5.97,7.8,6,3,4567,137.63
Raja Park,"Plot No. 139, Raja Park, Jaipur, Rajasthan",17.7,7.0,7,4,5123,213.33
Pratap Nagar,"Plot No. 481, Pratap Nagar, Jaipur, Rajasthan",7.93,7.3,5,2,6653,148.45
Ajmer Road,"Plot No. 449, Ajmer Road, Jaipur, Rajasthan",12.61,5.5,7,5,8525,198.76
Pratap Nagar,"Plot No. 333, Pratap Nagar, Jaipur, Rajasthan",6.13,6.0,7,4,9300,166.75
